text,mean_rating,gpt2_log_prob,gpt2_mean_log_prob,gpt2_slor
"We've still got the Dower House , and Lincolnshire is lovely in May . ’",4.0,-111.45806217193604,-5.866213798522949,1.5206753473585053
My first real friend was probably a boy called Adam .,4.0,-48.585707664489746,-4.416882514953613,29.44235955693304
She was wearing denim overalls and carrying a bucket and brush .,4.0,-63.250197887420654,-4.8653998374938965,29.218466466669824
In the next year he had custody of Rochester Castle .,3.8125,-60.826404094696045,-5.529673099517822,17.520222431086168
BOOKING is essential for a cycle ride around Wirral Country Park on Sunday when the leader will be Cheshire ranger Barry Jackson .,3.07692307692,-149.61018991470337,-5.541118144989014,49.06918255273146
This expression is called the fundamental theorem of Riemannian geometry .,4.0,-54.48544263839722,-3.891817331314087,28.782876806151194
"Greg Hocking was one of those rare people who drift into teaching and find themselves , to their own surprise , absolutely cut out for the job .",4.0,-131.50098752975464,-4.53451681137085,65.11693936293827
On appointment to office a new minister will take over responsibility for many departmental policies .,3.4,-76.54015827178955,-4.502362251281738,42.04021459589474
"When Rhun in his kindness lent an arm to raise him from his knees , he hung heavily still , clinging to his desperate humility .",3.75,-146.03108882904053,-5.4085588455200195,47.39100093065926
Figure shows how the A-measure per unit area varies with radiometer reading .,3.75,-88.47128295898438,-5.204193115234375,22.07106982171446
In some pubs fake hand pumps serve gassy beer .,3.0625,-86.58383560180664,-7.871257781982422,6.951103042682007
Preliminary work began last September following the appointment of two countryside officers who are employed full time on the project .,3.78571428571,-105.92880821228027,-4.605600357055664,51.52728778253859
"This is , of course , only a tendency , and the move away from local policemen to larger , centralised policing may reduce this effect .",3.4375,-135.56780242919922,-4.841707229614258,42.29017530360957
Tod features another kind of dream in which he is a woman .,3.0,-76.10604763031006,-5.436146259307861,11.428642133019679
Valuable coaching can often come from drama school tutors who can give a fair assessment of the possibilities you may have prior to auditioning .,4.0,-134.13879776000977,-4.790671348571777,61.057037917062985
"Because simulated annealing is a stochastic algorithm , different runs of probeorder will not necessarily produce the same output probe order .",2.5,-132.59944009780884,-4.91109037399292,51.165538830087
"Although the music was animated , only the arms moved .",3.35714285714,-60.89542579650879,-5.535947799682617,9.896217453692827
"But the report also blasts authority bosses for failing to control the activities of 58-year-old Mr Watney , who took early retirement last year .",3.6,-124.94782447814941,-4.1649274826049805,75.04375765191662
Some would of course reply personally ( he had included postage ) .,3.8125,-85.9587893486023,-6.6122145652771,7.602342765048476
"Police are appealing for witnesses to the incident , which happened at 11am on Monday in Windsor Street , Toxteth .",3.72727272727,-83.45194816589355,-3.4771645069122314,75.310528030201
The surface need not be perfectly flat or smooth .,3.8,-43.57057571411133,-4.357057571411133,26.690088227926807
"There are 5,733 empty council houses , almost 2,000 of which have been empty for more than a year .",4.0,-80.85331535339355,-3.3688881397247314,60.82680087479079
Heath ( 3.3 ) sums up one influential and long-established tradition in the study of class differences in education .,4.0,-114.88032341003418,-4.595212936401367,38.19855671445049
And his price — his price can be of enormous use .,3.2,-70.70724105834961,-5.892270088195801,11.879013364269852
"There was a significant improvement in the attendance of miners at the Mansfield clinic , however , since this was much closer to their homes .",3.2,-116.32949495315552,-4.308499813079834,60.45504739179384
‘ Then maybe most of the faults were on my side .,4.0,-71.3206787109375,-5.4862060546875,12.593398573198968
Gere and Basinger star in the erotic thriller Final Analysis which Warner Home Video will released into video libraries by October 18 .,3.0,-154.646746635437,-5.947951793670654,57.49175833773555
"Recently , concern has grown that Michelangelo's ceiling of the Sistine chapel in Rome has been irreparably altered by the Vatican conservation team .",3.76923076923,-119.96762323379517,-4.136814594268799,76.94601378756511
Disillusion me and get my sympathy at the same time .,3.4,-62.07871055603027,-5.1732258796691895,11.569375931732523
The horse shot out like an arrow from a bow . ’,4.0,-70.8839054107666,-5.452608108520508,17.806817305476557
The British Horse Society is anxious to find out why a third of them should have happened in this year alone .,3.76923076923,-102.41017246246338,-4.655007839202881,43.09881171515147
"Made with Pertex fabrics and Quallofil 7 filling , the Kompakt Lite weights only 1.2kg and , in its stuff sack , reduces to 7l .",2.94117647059,-217.07175254821777,-5.866804122924805,-3.7926802226640746
"In exceptional circumstances , your Head of Department will not apply the withdrawal clause if there is a reasonable explanation for failure to notify .",3.8125,-115.14699459075928,-4.605879783630371,62.64185426947509
"‘ Goodness me , who on earth can that be ? ’",4.0,-82.70427703857422,-5.513618469238281,7.641587852912053
Small specimens are sometimes confused with Synodontis petricolor .,3.8,-70.57329082489014,-5.04094934463501,8.114099134228965
"They called us out into the stadium too early and it was hot , very hot .",4.0,-75.04581499099731,-4.414459705352783,36.3274904547841
"The review copy is a solid black , but the basic model comes oil-finished .",4.0,-101.56241750717163,-5.974259853363037,5.042182129938055
"In their bedroom something crashed to the floor , which immediately woke one of the twins who began to howl .",3.6,-110.81042671203613,-5.036837577819824,31.37073782251676
Wanting a man who was such a louse .,2.61538461538,-53.712149143218994,-4.882922649383545,5.883013113766722
This essential motion can not take place except in a liquid medium .,3.8,-67.75260162353516,-5.211738586425781,25.09399803190702
Upper Stowe was once called Butter Stowe because the London carrier collected butter here .,3.4,-116.27094554901123,-6.459496974945068,16.578328443097774
The induction of adhesion of particular T-cell subsets by specific cytokines would make the process of lymphocyte recruitment more flexible and selective .,3.72727272727,-118.46650838851929,-4.085052013397217,71.56067682601264
‘ If I'd been in your shoes I'd have walked right out on him . ’,4.0,-81.34160041809082,-4.067080020904541,40.200649527326135
"‘ But it was lost — walls were built over it , the paper had disintegrated . ’",3.75,-113.28382444381714,-5.394467830657959,24.804767255174767
"You can visit the village — it has a pub , beach and a shop — then retrace your steps through the woods to reach the Saints' Way .",4.0,-130.52334928512573,-4.21043062210083,88.17465747381544
He's amongst the qualifiers for the Lancome trophy at Paris .,4.0,-78.75248861312866,-6.0578837394714355,13.73481894144949
"‘ Steal for you ? ’ he answered Laura's astonished protest , ‘ I'd do time .",3.0625,-146.06275081634521,-6.63921594619751,2.061740658675973
The previous maximum flue length for the 10.5kW and 18kW output boilers was three metres .,3.8,-111.87678909301758,-4.661532878875732,24.364963869850044
"Rising slowly like an automaton , she made her way over to the counter and picked up the receiver .",4.0,-90.49195671081543,-4.1132707595825195,43.47117305704569
Has he really offered you the job back ? ,4.0,-52.33370304107666,-5.233370304107666,6.75295426125362
"They were like cogs working together , fitting into place when and where they were needed .",4.0,-78.75820541381836,-4.375455856323242,39.75280442763065
"Agnes , now fully dressed , went into the hall .",4.0,-71.41979026794434,-5.951649188995361,3.5432781197402647
"Supplement per person per night £135 for the first night , £105 each additional night ( minimum 2 persons ) .",3.75,-108.13643980026245,-4.701584339141846,57.036939359878886
"You should obtain a Certificate of Posting , which is available free of charge at the counter .",4.0,-71.09664297103882,-3.7419285774230957,51.26516873366569
The modernization and industrialization of nineteenth century Britain changed the population map .,3.8,-73.90592384338379,-5.278994560241699,26.014340014935925
Pallister's rivals are : Steve Bruce ( Manchester United ) ; Stuart Pearce ( Nottingham Forest ; Paul McGrath ( Aston Villa ) ; Gary Lineker ( Spurs ) ; Ray Houghton ( Liverpool ) .,3.4,-153.08762502670288,-3.5601773262023926,188.91952651404688
‘ This shows the company didn't learn anything from this lesson .,4.0,-69.59788131713867,-4.971277236938477,21.14251656369423
"Here we have an uninterrupted view of the prospect , and what a glorious prospect it is , stretching far away for many miles on every hand .",3.4375,-114.21135902404785,-4.078977108001709,73.83689714241495
"Two years before , two TA soldiers met at an Army open day .",3.57142857143,-91.54659461975098,-6.5390424728393555,11.918969738877294
Orthodox Judaism continues to teach an elaborate separation of the menstruating woman from contact with the men of her family .,4.0,-103.24065732955933,-4.488724231719971,53.50457632602496
A recent architectural survey revealed problems at the 60-year-old Salutation Church in Salutation Road .,4.0,-93.16918516159058,-4.4366278648376465,35.36978149000208
The fireplace in question was set into a huge thick wall that partly divided the main room .,3.47058823529,-89.37468910217285,-4.9652605056762695,38.10749242937567
"It is a brave move to start afresh in a garden , and a sure test of one's design talents .",3.2,-102.08416032791138,-4.438441753387451,41.69162846681459
"Liverpool won early popularity as a result of Britain's military victories in the Peninsula , just as Mr Major's reputation was enhanced by the Gulf War .",4.0,-132.5572190284729,-4.570938587188721,86.96913256412375
The EEC has banned BST until further research has been completed .,4.0,-72.91853380203247,-5.6091179847717285,28.23134252755746
This deliberate emphasis on the young people's unreliable and hurtful past relationships poses a dilemma for residential workers .,4.0,-118.37278604507446,-5.636799335479736,40.81744514232287
‘ As far as I can see we can either go for Dersingham or for the man himself .,3.8,-103.12524127960205,-4.687510967254639,25.75723519463213
Distinction is drawn between existence of licence and its ceasing to have effect .,2.875,-82.75492858886719,-5.172183036804199,20.964901432670956
Turn them into public gardens and you create an attraction instead of an eyesore .,3.8,-74.9452133178711,-4.684075832366943,37.55395485500422
Mr Hawke last week repeated his support for the airlines recruiting new pilots overseas and re-hiring their former pilots on individual contracts .,3.78571428571,-122.86226177215576,-4.550454139709473,82.77836948510037
"In February , councillors refused to allow a variation of the hours .",4.0,-78.1237359046936,-6.009518146514893,9.478131610275739
"Nine schools in three Midlands LEAs , will be identified for in-depth study , following a questionnaire survey .",3.57142857143,-115.76282691955566,-5.261946678161621,33.34154765498653
"It is when the claim to neutrality is seen , as it must be , as a sham that damage is done to the judicial system .",2.38461538462,-113.3659029006958,-4.198737144470215,53.52061608777058
"Some of the trees , the vegetation and the animals were mechanical creations of Mirage Enterprises .",4.0,-89.0594630241394,-5.2387919425964355,29.81012967720619
"I say he because that is what I think of , though it could be they or even she .",2.63636363636,-93.84716987609863,-4.692358493804932,18.278966489079664
"They are scripted for NCR System 3000 , Sun , HP DECstation and IBM hosts .",3.64705882353,-145.3029613494873,-8.072386741638184,-6.769836418030025
"The sequel arises from Hook's Barrie-esque determination to usurp another man's family , and from the modern man's fear of the child within himself .",3.47058823529,-155.76560974121094,-4.867675304412842,33.282891323851175
He looked from one tired face to another .,4.0,-45.036864280700684,-5.004096031188965,11.340780084611659
Invite the person closest to you to give you some honest feedback on the degree of diplomacy you exhibit .,4.0,-91.71403169631958,-4.367334842681885,53.030057591752126
There is little scope and seemingly no consideration for a contract by the valuer as principal .,2.75,-102.82593727111816,-5.712552070617676,15.37680101929007
"‘ Oh , it's not so bad , ’ Charles offered feebly .",3.78571428571,-100.76915073394775,-5.598286151885986,5.667673527252106
"And the programme ended as it dropped onto the fire to a chorus from the rest of Alf's family of ‘ unclean , unclean ’ .",2.33333333333,-181.2580828666687,-5.847034931182861,12.777521663398517
John Taylor was an itinerant craftsman who came from Oxford in 1839 to recast the church bells at Loughborough .,4.0,-109.46494770050049,-4.210190296173096,58.79251224897095
‘ What are you going to do next about Tweed ? ’,4.0,-70.09253740310669,-4.672835826873779,25.25998875307178
"Be flexible , if necessary suggest that more time should be devoted to an item at a separate meeting .",4.0,-99.21235084533691,-4.960617542266846,36.12082666940333
It was originally published by the American company Houghton Mifflin ) .,3.78571428571,-64.25333404541016,-4.015833377838135,27.353335320808668
For the truth is that no single agent affects our planet as much as we do .,4.0,-69.37913751602173,-4.081125736236572,44.33620148564053
Glass exploded and shattered all around it as the storm wind and rain blasted down the corridor at them .,3.76923076923,-94.84328269958496,-4.742164134979248,50.52696985144922
Lay participation in the running of the service was reduced ; in its place community health councils were created to represent the public .,3.35714285714,-110.4338607788086,-4.601410865783691,52.721768236676894
"The borrowers , Mr and Mrs Clothier , had a £225,000 advance on their home in Silverdale Avenue , Walton-on-Thames .",3.8,-129.97634887695312,-4.061760902404785,37.242181379830015
Rachel sat in tense silence beside the detestable Damian Flint .,4.0,-78.04959726333618,-6.003815174102783,20.888875079910036
"Fat couples in vacation plaids , bouncing about like toddlers in the low g and cooing over the moondirt souvenir jewellery .",2.94117647059,-176.97353601455688,-6.102535724639893,12.370658404860393
The Presidential Council initially appeared designed to supplant the CPSU central committee politburo as the main centre of political decision making in the Soviet Union .,3.2,-134.41100120544434,-4.4803667068481445,72.85201528686119
The hon. Gentleman said that the proposal was half-baked .,2.94117647059,-49.437546730041504,-3.5312533378601074,22.246477746961247
The transporters are designed to withstand accidents and until recently the Govenrment ruled out any possibility of a radioactive leak .,3.82352941176,-125.01368045806885,-4.808218479156494,43.30281338473878
I knew that there had to be a wound : she had not been drowned or strangled or poisoned .,4.0,-88.57522487640381,-4.217867851257324,44.59293747990213
We are firmly committed to equal treatment for men and women in pensions .,3.8,-55.10511636734009,-3.936079740524292,44.98425085891762
The poison is seldom dangerous but anyone who has accidentally trodden on a sea-urchin while bathing knows how painful the swelling can be .,4.0,-133.7543430328369,-4.776940822601318,59.570616223093936
Luckily for us simple folk the game plot is very straight forward .,3.8,-63.243738651275635,-4.864902973175049,38.71772791616917
"They will report to a board headed by Sir Robert Telford , chairman of Marconi , a subsidiary of the ubiquitous GEC group .",4.0,-114.81875038146973,-4.252546310424805,66.63536316547825
"Let us take the motion of A and B to be non-relativistic , so that .",1.9375,-75.13376569747925,-3.577798366546631,20.785073011043423
The cessation of hostilities was agreed in principle .,2.92857142857,-40.54568338394165,-4.505075931549072,22.07987555465705
A training allowance and travelling expenses for the 16 weeks of the programme .,3.0625,-69.810302734375,-4.9864501953125,31.70298074186171
"Consider the different cell types , such as muscle , skin , gut , and nerve .",4.0,-73.09677696228027,-4.299810409545898,41.9306851510777
Bridget reported that the numbers for the Easter Course were much lower than at the previous courses held at Avery Hill .,4.0,-120.10055923461914,-5.004189968109131,45.462372282169724
"Single room £4.00 per night , extra night £16.00 per night",3.53846153846,-65.34053587913513,-3.8435609340667725,33.04884703587793
"( 13 ) , who similarly were unable to detect a P3A + α subunit transcript in muscle of chicken , calf or mouse , mouse thymus or torpedo electric organ .",2.61538461538,-200.18544960021973,-5.410417556762695,77.02335408368953
‘ Because the area round Cullbridge is awfully rich in rare species .,3.25,-101.95655822753906,-6.7971038818359375,7.376067545931662
"In a cold , late spring it may prove difficult to graze off the rye in time to work up a good tilth for mangolds .",3.6,-159.77594327926636,-5.509515285491943,25.516395768167627
"We thoroughly enjoy Dogs Today and try to pass on all the right things to do to our present scallywag , Monty , but he's not impressed .",3.18181818182,-156.9516363143921,-4.756110191345215,41.37896960370202
You'll receive a distinctive personalised Club card with which you can claim you Air Miles at participating Shell Stations .,3.6,-120.30377531051636,-5.2305989265441895,45.0674796192653
‘ The idea is to make it easier and try to get a good picture of how they feel about their own health .,4.0,-90.69827198982239,-3.6279308795928955,68.45005334771815
"In almost all investigations of any size , one investigator can be occupied full time taking statements during the first few days after the accident .",4.0,-120.68402099609375,-4.641693115234375,62.15691843860091
"Right now , Kendall is not back at the aristocratic Everton he knew seven years ago .",3.2,-101.76221179962158,-5.653456211090088,21.523359326287107
"Australia would be happy if the accord led to the reopening of the Panguna copper mine , one of the world's biggest .",3.45454545455,-101.15788221359253,-3.7465882301330566,65.24754175756667
It is forecast to fall to 15% in April .,3.8,-45.42517042160034,-4.129560947418213,22.047950236277103
"Despite net assets up 35% to £458 million at Stanhope , the city is unimpressed with the sector .",3.6,-119.93429660797119,-4.797371864318848,31.544903373291078
Because a source less abundant and less generous than this river had dried up ?,3.07692307692,-86.32450819015503,-5.754967212677002,25.95653173023308
"The C and Ku bands , 4GHz to 6GHz and 11GHz to 14GHz respectively , are now heavily used .",4.0,-114.22604370117188,-4.759418487548828,41.493733415941904
These aspects of political choice are still important but less so now than in the past .,3.8,-63.65961956977844,-3.7446835041046143,47.42996729714032
She made you look a bit of a fool in front of anyone else who was watching .,3.75,-64.99231910705566,-3.610684394836426,50.14777824020602
"If so , they hadn't expended much on a decent script .",2.92857142857,-72.41415548324585,-5.570319652557373,11.499078024696175
What was that odd note in Nick's voice ?,3.8,-49.33621883392334,-4.933621883392334,15.14732230948934
"Pam and Errol have two children , aged 13 and 16 .",4.0,-63.94343280792236,-4.56738805770874,28.131834285221473
What about learning how to change things for the better rather than merely learning to adapt to the way things are now ?,3.76923076923,-75.61220717430115,-3.287487268447876,80.87288627623309
"‘ It was thought — everyone assumed — she would marry in her turn , and that would be the end of it .",3.78571428571,-100.36190748214722,-4.014476299285889,62.51973926593726
The personnel manager studied resource management at college and joined the company as a line manager .,4.0,-86.20483732223511,-5.070872783660889,36.85975480440702
Much now depends on how active a role the US is prepared to play to chivvy Israel along to respond to the Egyptian proposals .,3.07692307692,-138.96241664886475,-5.146756172180176,44.324345511816944
"‘ Sometimes I wonder how he passed his 0-levels , ’ Daddy said as we crawled over the cobbles and out of the village .",3.53846153846,-160.10586261749268,-5.336862087249756,26.13088299612963
"At the Houses of Parliament , the cry goes up : ‘ Burn it down . ’",3.53846153846,-99.05614709854126,-5.213481426239014,25.532644474267954
This is more representative of the nature of R&D projects than is the single date often given as the result of a PERT plan .,3.6,-124.01604270935059,-4.429144382476807,43.89689004921695
"These involve much more open and distance learning and the creation by photocopying and electrocopying , of ‘ customised ’ packs of materials for students .",2.0,-198.25153064727783,-5.83092737197876,7.078253010277621
It seemed impossible that anyone could survive in the middle of that storm of blades .,3.6,-70.49602508544922,-4.406001567840576,37.313528105983224
"When women were given artificial moonlight for three consecutive nights once a month , their cycles became synchronised to the lunar rhythm .",3.78571428571,-109.90406274795532,-4.396162509918213,73.60503118991912
"Admittedly , he was not driven by the same devoutly mercenary ambitions of some of his colleagues and sought artistic satisfaction wherever possible .",3.5,-136.7604398727417,-5.260016918182373,44.3924475705561
With snow in plentiful supply we have a special section in this issue for those of you who want to get off the piste .,3.30769230769,-105.44047164916992,-4.055402755737305,63.09537091259716
"In other words the generalist administrator calls upon the economists , the statisticians , etc. for information but it is the generalist who is ‘ on top ’ .",3.82352941176,-170.00676155090332,-4.857336044311523,43.32619704389313
"‘ Long enough to know my own worth , ’ Gina retorted , irritated by the sardonic gleam in his eyes .",3.72727272727,-142.24031829833984,-5.080011367797852,33.73335631249088
"You're afraid , both of you , that I might discover Mom isn't dead at all , aren't you ? ’",3.5,-111.51976585388184,-4.460790634155273,38.70041458851159
The SORP recommends the same for local authorities and gives examples of accounting policies to be commented on .,3.53846153846,-106.14252948760986,-5.05440616607666,35.14948697115781
"Having decided he must again race the tide , he began a desperate cumbersome run along the edge of the trough towards the breakwater .",3.78571428571,-137.17598819732666,-5.275999546051025,46.505655033264816
The birds could pose a serious health risk for people who eat them in north Africa and southern Europe .,4.0,-77.93200969696045,-3.8966004848480225,71.71662345303301
"After a month , the pain began to ease slightly and Lisa was able to get up to her own room with Janet's help .",4.0,-102.33654832839966,-3.936021089553833,67.30898399489965
"These problems , coupled with the Conservative government's free market philosophy , led to a move back towards more market related official rates in the early 1980s .",3.76923076923,-130.79907417297363,-4.359969139099121,77.15490193311518
"The goodwill figure in such cases can be derived from the average net profit margin per gallon , multiplied by the daily throughput .",3.6,-118.99016189575195,-4.957923412322998,70.87931918573406
"He also had claims to be considered a genuine all-rounder , having played many attacking innings in the lower middle order .",2.71428571429,-109.16317749023438,-4.548465728759766,54.196371033542334
"It was a naturally sheltered basin , a trick of the undulating meadows along the Comer .",3.07692307692,-114.34957504272461,-5.7174787521362305,12.517128578757493
"The course offers basic all round training in communication theory , particularly geared to the African context .",3.72727272727,-105.70622634887695,-5.872568130493164,28.658641611394927
"Then , slowly at first , he began to prepare the little boy for this possible destiny .",3.76923076923,-86.96770477294922,-4.831539154052734,25.264624554516615
"My German worked like a dream , like a brilliant robot you switch on and stand back and admire as it does all the hard work .",2.92857142857,-128.749032497406,-4.768482685089111,57.611183844189554
Jess — her blunt nose coming in contact with Samson's hand as she coiled round — bit him .,3.5,-114.1272382736206,-5.434630393981934,51.88413878707087
A good deal gives me the feeling that I have been for a nice seven-day trip to the Bahamas . ’,2.38461538462,-107.93161010742188,-4.497150421142578,40.91324223941132
"It is excellent for skiing since lateral jumping movements can be used , the calves get well stretched and you also develop posture , balance and co-ordination .",3.78571428571,-158.3768925666809,-5.108932018280029,57.089738431290925
The biggest area where the Renault scores is comfort and equipment .,3.18181818182,-78.79404258728027,-6.5661702156066895,10.756147608889478
"Any earlier wheel-pit on this site could however , either have been demolished and rebuilt , or enlarged to take the new wheel .",2.84615384615,-138.39091968536377,-5.322727680206299,36.800416866656406
Along their flanks are arrays of proprioceptors which in part act like external arteries .,3.75,-101.39720869064331,-5.336695194244385,19.57923611291868
North Harbour coach Brad Meurant said : ‘ Everybody helped their mates .,3.8125,-120.00794219970703,-7.5004963874816895,9.535863170037345
"This year Marks and Spencer has leapt to the top slot , Shell is now second and Glaxo third .",3.35714285714,-124.19286346435547,-5.645130157470703,23.895227621965915
"Highly explosive eruptions of gas-charged magma originating in the upper mantle produce small , shallow craters called maars .",3.4,-125.92618083953857,-4.8433146476745605,51.652739754475334
Risk of change in the expected rate of long-term growth of the economy .,3.25,-61.73493671417236,-3.631466865539551,26.96928409325318
She stood outside the lifts in the hospital's main entrance with other visitors .,4.0,-78.85240316390991,-5.256826877593994,25.275961132713547
A similar picture emerges in relation to the distribution of gross earnings among female manual workers .,4.0,-76.07625484466553,-4.47507381439209,55.63031655735455
Solicitors and suitably qualified Fellows of the Institute of Legal Executives .,3.14285714286,-84.85581493377686,-4.714211940765381,12.745541306535074
Such an Order had to be laid before Parliament and was there debated on 6 December 1977 .,3.4,-88.51310348510742,-4.917394638061523,42.634157682336394
"‘ Yes , well , I always thought Augustine was a bit simplistic in his ideas , ’ said William , waspishly , as if he was talking about a rival academic .",4.0,-185.95803117752075,-5.025892734527588,50.476969592128626
The origins of Brazil's export success in military trainers and small civilian aircraft were quite different .,3.78571428571,-101.12497043609619,-5.618053913116455,36.2318511064972
"To my officers , it says why should we bother .",2.28571428571,-65.02272319793701,-5.91115665435791,7.232843742577302
Her Royal Highness travelled in an aircraft of The Queen's Flight and was attended by Mrs Harry Cotterell .,3.78571428571,-105.39812850952148,-4.3915886878967285,53.553168072424654
In the last two years of the war I was in orbit visiting every station and squadron in my endless quest for Pathfinders .,3.76923076923,-112.81613826751709,-4.33908224105835,54.07759801674899
The EC does not concern itself with national health or education policies .,3.78571428571,-57.64714527130127,-4.434395790100098,40.753350650443494
"The leader makes all the decisions and issues instructions , expecting them to be obeyed without question .",4.0,-94.55186080932617,-4.976413726806641,31.418183147447934
"Our investigative researchers ventured into the centre of London to find out if High Street shops are dog-friendly and if they're not , why not ?",3.6,-125.79719638824463,-4.337834358215332,73.7160358035737
Now I understand why they paid Macaulay Culkin $3 million — he earned it .,4.0,-75.3219883441925,-3.964315176010132,55.84705253365394
It is to such character string formats that we now turn .,3.625,-74.2401294708252,-6.1866774559021,9.714161857493082
"‘ He has been with me too , Brother , ’ Tundrish replied simply .",4.0,-127.48675727844238,-6.709829330444336,-12.748184338696063
"He had registered with warm approval the tears of Antiochus III , when the rebel Achaeus was brought to him """" bound hand and foot """" ( 8.20.9 ) .",3.53846153846,-197.9612216949463,-5.498922824859619,39.25302679652043
"Of 18 patients who were alive at short term follow up ( mean ( range ) 19.4 ( 10–33 ) months ) , 14 were still alive in 1992 ( 69 ( 61–83 ) months ) .",3.75,-168.67624044418335,-3.922703266143799,126.530301673248
The second approach can be a very productive strategy in a foreign language too .,3.8125,-77.72390127182007,-5.181593418121338,24.55996370604585
"He took the gun and went to the door , checking that the horse and cart were still safely tethered .",4.0,-94.60756778717041,-4.300343990325928,45.57374200901012
"I did not know how many species of trees there were , maybe more than 1,000 .",3.8125,-63.1930890083313,-3.3259520530700684,50.68541040010835
"Front sash window , original fireplace , built in single wardrobes , radiator , power points , stripped wooden floors .",2.84615384615,-139.2949333190918,-5.803955554962158,29.88418514490104
"The global level of HIV infection was expected to rise to 15-20,000,000 by 2000 , of which at least three-quarters would be in the developing world .",3.8125,-99.29960250854492,-2.8371315002441406,94.251117086861
The result has been to destroy much of the progress in health care over the years preceding each dispute .,4.0,-96.10742568969727,-4.805371284484863,36.38633126998329
"Woil's escape was over , and it had all taken less than a minute and a half .",4.0,-79.10475730895996,-3.955237865447998,34.690580788857716
Laughter gleamed in his eyes as he met her belligerent stare .,4.0,-66.92331075668335,-4.461554050445557,23.58530488134545
"They were only minutes from the railway station , the service was frequent .",3.07692307692,-66.11360263824463,-4.722400188446045,22.9707111822798
"Perhaps most significantly of all , three of boxing's all-time greats — Ali , Robinson and Armstrong — were born into comfortable circumstances .",3.8,-117.27881240844727,-4.188529014587402,90.05546096395639
"The Halifax Building Society , where the bombers had placed their device , is now a heap of rubble .",4.0,-98.81830215454102,-4.940915107727051,40.2148598998846
There's no other catalogue quite like the OXFAM Christmas catalogue .,4.0,-76.15200519561768,-5.076800346374512,15.502046229517433
"‘ Unless there are more resources pumped in , this is going to happen , ’ she said .",3.8,-108.57931423187256,-5.170443534851074,25.429916346671234
It was a way of thinking and behaving .,4.0,-40.045260429382324,-4.4494733810424805,12.362221375733768
"‘ Yes , ’ she said briefly , and for a few moments they studied each other .",4.0,-102.89238929748535,-5.144619464874268,23.99278121466601
"On a slow surface , both sets of bowlers bowled straight , and the batsmen were loath to take risks to break up their line .",3.30769230769,-136.04644775390625,-4.534881591796875,55.764875889167456
The parts of the statute are arranged in three groups .,3.78571428571,-51.076300621032715,-4.6433000564575195,18.768030853531812
"Strangely , his only international appearance was for the English against the Scottish League in 1914 .",4.0,-90.55968475341797,-5.031093597412109,29.161207217708665
It's Saturday night and they may not come .,4.0,-48.98578643798828,-4.898578643798828,10.587797945107035
Throughout the discussions information provided by the other sites is kept confidential .,3.4375,-63.638328552246094,-4.895256042480469,31.745455176246907
In a number of instances reminders were required ( both written and by telephone ) .,4.0,-80.61180114746094,-5.038237571716309,28.175881686689138
"As Montagu ( 1976 ) has stated again and again , the social activity of war need have no relationship with the inner state of aggression .",3.8,-134.30127143859863,-4.796473979949951,54.20052368410214
"That , then , is the theory — but how does it work out in practice ?",3.5,-61.22462511062622,-3.6014485359191895,45.0501780060891
"However , things can look rather different from the angle of those just above the exemption limit .",3.6,-92.28539657592773,-5.12696647644043,29.845463339983496
"Repeating what they hear , women on the right claim that something called """" Salvadorean democracy """" is in danger .",3.76923076923,-127.76464462280273,-5.323526859283447,35.40029294891349
Table I summarises the clinical features of these patients .,3.8,-44.044002056121826,-4.004000186920166,29.833968734099415
"Further information from S. S. Langer , RSC , Burlington House , Piccadilly , London W1V 0BN .",3.53846153846,-123.19048309326172,-4.399660110473633,31.223302685921
"The Jarisch-Herxheimer reaction , usually shortened to the ‘ Herxheimer ’ reaction , follows the initial dose of treatment of syphilis in a proportion of cases .",3.78571428571,-198.14302825927734,-5.355216979980469,8.2762639355673
Ideally this will not be necessary if those who send them have a vision for and support the work financially .,3.53846153846,-104.57539463043213,-4.753427028656006,37.593082766255264
"Looking around the room , at the old , worn furniture , I realized that Herbert must be very poor .",3.8,-105.50879001617432,-5.024228096008301,30.788309020014623
They will be joined by John Tierney and John Kerr .,4.0,-49.258615493774414,-4.104884624481201,34.82438938815804
Yet the trophy sits in Jim's office at Peel Park and will stay there .,4.0,-83.38365173339844,-5.211478233337402,35.408089904233535
Homology searches of the Leeds and Swiss protein data bases failed to detect any significant similarity with any other protein .,3.7,-121.33980560302734,-5.515445709228516,58.67342036423136
‘ It could have something to do with Angy's murder .,4.0,-64.38351631164551,-4.598822593688965,16.01449426185893
"Ranchers , who see themselves as the guardians of the west , say that grazing generates economic stability and feeds the nation .",4.0,-111.78450584411621,-4.471380233764648,55.59637222737081
This man was buried here in the fourth century .,4.0,-47.93023109436035,-4.793023109436035,16.374556195417938
"They start to question , and they start to dream . ’",3.8125,-65.85532808303833,-5.065794467926025,14.477679603969008
A water softener works on the principle of ‘ ion exchange ’ .,4.0,-94.77506256103516,-5.923441410064697,11.789294592381168
"Steve Jones ( he speaks specifically about Jones' zealous christianity ) : """" A lot of people are simply uncomfortable with some people's """" over-religiosity """" or whatever you call it .",3.6,-185.56801462173462,-4.5260491371154785,94.04268424521808
"He looked up at Athelstan , his face beaming with pride .",3.75,-57.163474559783936,-3.8108983039855957,27.79749262143342
We want to give the children positive memories which they can draw on during the difficult times at home to build a better country .,4.0,-99.98615384101868,-3.999446153640747,70.2820712075443
‘ The PLO tried to sabotage the departure of the Muslims .,4.0,-76.67555332183838,-5.47682523727417,15.546933374780224
"MOTOROLA GETS THE GLOVES OFF IN BATTLE WITH ITS OLD RIVAL , PRICES POWERPC PRICED TO BEAT PENTIUM",1.85714285714,-171.37190437316895,-4.760330677032471,-12.01553616782138
"Mutalibov told Izvestiya , from his hiding place in Russia , that the charges were political persecution .",3.78571428571,-101.57449007034302,-4.4162821769714355,32.3784871786811
"My proposition , I assure you , would be to our mutual benefit . ’",3.8,-78.22285461425781,-4.888928413391113,26.80291967064072
Only in John's Gospel does he make one curious and profoundly interesting statement .,3.78571428571,-78.70992422103882,-5.247328281402588,29.04115268817715
They were returning from a day's repair and construction work at an army base in Omagh .,4.0,-82.68554925918579,-4.351871013641357,42.701999000020024
"Inside the top hotels all is First World ordered calm : state-of-the-art swimming pools , satellite television and chocolates on the pillow at night .",2.58823529412,-168.81225442886353,-5.115522861480713,30.551707285291258
It seems strange to extend the hand of friendship and economic co-operation to the same countries that we are threatening with mass extermination .,4.0,-109.59366130828857,-4.2151408195495605,58.21534824204747
"The buildings were transformed rather successfully into a gallery for Bohemian art by František Cubr and Josef Pilar , in the 1960s .",4.0,-154.94131565093994,-4.998106956481934,32.22072992419152
But the other part cried out against the mere idea of her being someone else's wife .,3.75,-75.92841911315918,-4.218245506286621,42.781547721198564
These problems or investigations are expected to be diverse .,3.57142857143,-55.79886436462402,-5.579886436462402,14.175754947046784
Between August 1975 and December 1978 the COS-B satellite observed 2CG342–02 on five occasions and catalogued it as the tenth-strongest γ -ray source .,4.0,-194.12642860412598,-5.246660232543945,23.071789981772383
"Not like a Saturday night at all though , not really . ’",3.14285714286,-82.77212810516357,-5.912294864654541,5.089532418954178
Hopeful for what he will not miss when it fails,3.07692307692,-64.00669479370117,-5.818790435791016,6.700617764152412
And what would you have done if Schemichal got hold of you and threw you off the pitch like last night ?,4.0,-106.4776062965393,-4.259104251861572,44.19027565755255
I should add that in argument he also invited my attention to paragraph 5(7) and I will refer to that :,3.18181818182,-111.44622802734375,-4.643592834472656,38.100656743461116
"Once I was pleased with the bottom group I copied it , as a mirror image , at the top of the picture .",3.4,-104.13827133178711,-4.339094638824463,42.73655942040625
"From then , the path to the double helix was clear .",3.5,-61.62581157684326,-4.740447044372559,14.028522600888437
Sun is also preparing its Scorpion eight-way Sparc desktop machine for launch at the SunWorld show on May 11 .,3.4,-130.09951400756836,-5.420813083648682,44.49774842149827
Therefore political and economic accounting of the costs and benefits of soil conservation programmes for others outside the directly affected areas is potentially relevant .,3.76923076923,-124.60365295410156,-4.9841461181640625,70.51486573651778
Does he further agree that there is a need to reopen neighbourhood police stations and to put more emphasis on community policing ?,3.8,-88.61871862411499,-3.852987766265869,85.04490571415727
A fortnight later Edward sealed the text and issued it to all sheriffs .,3.57142857143,-88.37018251419067,-5.891345500946045,15.334968755732604
"Since then , it has been as keenly followed as many full-length TV programmes .",3.78571428571,-84.95951557159424,-4.719973087310791,31.115501885833268
Questionnaires sent by post are not returned and interviews are refused .,3.75,-73.26272058486938,-5.635593891143799,17.17121355584017
"The operation will eventually involve more than 35,000 troops from at least nine countries .",4.0,-59.8183114528656,-3.518724203109741,58.12709534556927
UI will no longer be just a requirements body or a marketing arm for USL .,3.53846153846,-97.7127456665039,-6.107046604156494,23.73044063656333
Before explaining how to tackle a course race it is worth looking at what makes one sailor go faster than another .,3.78571428571,-107.08816432952881,-4.8676438331604,61.04896832011477
Only there was nowhere else she could go .,4.0,-37.95565223693848,-4.217294692993164,21.268067344215893
"Though his features looked as if they'd been carved from stone , in the depths of his gaze something stirred .",4.0,-93.38640975952148,-4.244836807250977,55.17299889686623
"On both topics , however , the status quo has changed radically compared to 1979 .",4.0,-76.86454010009766,-4.8040337562561035,42.68589918571297
These percentages were not uniform across the country : local specialities dictated what was available .,3.78571428571,-93.31321620941162,-5.489012718200684,29.807125738204462
"‘ I can't hear anything , ’ said the chaplain angrily .",4.0,-85.29964447021484,-5.331227779388428,11.82862021953126
‘ We may never know the exact number of deaths .,4.0,-52.28557777404785,-4.357131481170654,29.739741197993425
These were rejected on April 17 and 18 respectively .,4.0,-49.8795223236084,-4.98795223236084,26.96353991091027
"Women , Art and Society is a synthesis of work that has been progressing for twenty years about women and the visual arts .",2.75,-97.23075485229492,-4.051281452178955,63.188095697418476
At his own expense he established no less than twenty-two charity schools in Pembrokeshire alone .,4.0,-86.16905069351196,-3.7464804649353027,39.37791977380114
Soil deformation during a quake could bend pipelines as though they were strands of copper wire .,4.0,-104.41869640350342,-5.495720863342285,39.90144570010253
Within a few days of his election he already knew that the way to realize this ‘ new Pentecost ’ was an Ecumenical Council .,3.78571428571,-142.37279844284058,-4.592670917510986,44.48289913835745
To follow Jesus as his disciples means that we too face opposition to living like him .,3.53846153846,-95.20617532730103,-5.600363254547119,24.75839295591865
His wheels ran into the wet turf and the whole machine crumpled and fell to its knees like an animal shot in the chest .,4.0,-112.98314094543457,-4.184560775756836,66.0857613009745
"Jenna stopped and faced him angrily , but before she could speak he tilted her face with a strong brown hand .",4.0,-112.97282361984253,-4.911861896514893,45.1266942198385
Next day one of 252 Squadron's newly-arrived Beaufighters ( T3237 ) was mistaken for a Ju88 while on a local flight .,3.0,-162.87643432617188,-5.4292144775390625,19.23834129479576
"Carrington watched the sea for the first two hours , enchanted by the Scandinavian night , then went to sleep .",4.0,-107.52004432678223,-4.887274742126465,37.01585079196329
It was originally recorded as a cot death and there was no inquest but there will now be an inquest .,3.57142857143,-91.63927268981934,-4.165421485900879,56.39517707070138
"The pictorial composition of your shots is one of those areas where rules have grown up which , though seemingly arbitrary , actually work well in practice .",2.84615384615,-136.32626819610596,-4.700905799865723,62.53563982020731
It was a far cry from the golden court of the City of the Horizon . ’,4.0,-84.8118782043457,-4.711771011352539,23.402471526293965
"‘ Political in the sense that if I threw this glass of water over you in an interview , that would be a political act .",3.5,-117.01031684875488,-4.333715438842773,49.29066847354062
"‘ So you're going solo now , ’ said the victim , fumbling for her smokes again .",4.0,-126.80166244506836,-5.763711929321289,16.205721258905072
Here are ten assorted uses for this book ;,3.8,-52.59269857406616,-5.84363317489624,16.723768264798736
"‘ Still in deep , old Michael , I should imagine .",1.92307692308,-89.63361740112305,-6.894893646240234,-3.6502014350294587
"One sports injury on the increase is sportsman's , or Gilmore's groin which occurs when tendons in the groin tear due to excessive stretching and twisting .",3.5,-158.3613419532776,-5.1084303855896,58.86843324702568
"The main difference between sections 18 and 20 lies in the fault element , and it is a considerable difference .",3.8125,-97.06608009338379,-4.622194290161133,44.709609892148734
"Ideal for a small flat , the washer/dryer is as sophisticated as the one in the main house's utility room .",3.45454545455,-119.0407190322876,-4.4089155197143555,23.101813820086733
Robbie saw now that he was a clergyman .,4.0,-58.73691749572754,-5.339719772338867,1.7950578848762007
"The deputy chairman of the council of ministers , Boris Shcherbina , forbade evacuation of the countryside around Chernobyl until a government commission had arrived from Moscow .",4.0,-142.26115465164185,-4.310944080352783,76.97728151383942
"The weekend was associated with an increase in volatility , in accordance with expectations .",4.0,-71.30960941314697,-4.753973960876465,31.74773413214247
All she had to do was get a good night's sleep .,3.78571428571,-35.880985498428345,-2.760075807571411,39.353989598002585
A TOWN farm is ploughing ahead with fundraising schemes to help handicapped people and plans to roof in a riding area for the disabled .,2.8,-147.3902039527893,-5.082420825958252,43.016356748263036
"‘ All credit to Gavin gave me the ball in the end , with a little persuasion .",1.6,-98.5272569656372,-5.18564510345459,22.779080164484157
The first drafts of The Prelude were written in Germany during the winter of 1798–9 .,4.0,-73.69019961357117,-3.878431558609009,37.914857291680875
Soldiers will no longer be given free cigarettes .,4.0,-49.422125816345215,-4.9422125816345215,18.43758036782728
They came to the kind of unspoken understanding real twins enjoy .,3.7,-78.59622716903687,-6.045863628387451,8.754751199003707
"‘ Harbury's the crime man , ’ said a voice , ‘ what's his opinion ? ’",3.2,-133.0876007080078,-5.545316696166992,9.050204537881115
Dustin's neat Beatle cut is slightly tousled and there is a close-up of a mole on his right shoulder .,3.53846153846,-112.49192333221436,-4.166367530822754,44.54645724531204
"By the late 1940s there was a wider range of prepackaged grocery lines available , and improvements had been made in the quality of packaging .",4.0,-108.74758005142212,-3.7499165534973145,75.49169366973283
"After the starkly factual ‘ Headpiece filled with straw ’ comes that most absurdly poetic word of all , indicating the speaker's weakness .",2.28571428571,-204.80004787445068,-6.8266682624816895,2.84700568368595
‘ I thought it was some weirdo and when I asked who was calling the voice yelled : ‘ It's me ! ’,4.0,-134.4155731201172,-4.800556182861328,42.756230391950965
"‘ I shouldn't , ’ the attendant said , but then smiled broadly .",4.0,-102.06935691833496,-6.004079818725586,3.937481608413762
"‘ Well , it's not a bad idea , is it ?",4.0,-53.01011514663696,-3.7864367961883545,24.35698774384197
"The beauty of glass , he wrote , is this , that the surface does not have to be covered .",3.53846153846,-83.58243370056152,-3.9801158905029297,32.006851613395796
The Cougar mould was last used about 8 years ago and is past its best ; he suggests the Mirage is similar to the Cougar .,3.53846153846,-140.0711898803711,-5.002542495727539,48.56534159101193
"‘ I'd better have a word , ’ said the Brigadier , withdrawing his head and opening the door .",4.0,-120.3380126953125,-5.0140838623046875,23.142724249993563
Some slogans and ideas from the ‘ Democracy Wall Movement ’ of 1978–79 received another brief hearing during these days .,3.78571428571,-153.53741645812988,-6.141496658325195,21.809178825143988
"The Metropolitan Police settled in the High Court the damages claim of cameraman Mr Anthony Walsh , whose spine was injured during the Wapping dispute .",3.76923076923,-150.9074192047119,-5.389550685882568,64.63191851143117
"‘ If I get another couple of shillings out of it , haven't I earned them ?",4.0,-87.62289333343506,-4.172518730163574,34.65785445276573
‘ We have a tail already locked on to Tweed .,3.07692307692,-81.04824495315552,-6.234480381011963,3.0540108075693695
"He turned , stiff and cold , to see an anxious young man , blond cropped hair , worried eyes and pock-marked face .",3.35714285714,-125.75385904312134,-4.65755033493042,43.09571392235881
A durable well constructed store is therefore indicated .,3.30769230769,-69.48192501068115,-7.720213890075684,-0.9680267551898112
"Fill gaps , identify queries and note points for immediate follow up .",2.92857142857,-84.10220527648926,-6.469400405883789,22.139218013603994
And he blows the smoke back into my mouth .,4.0,-47.57284164428711,-4.757284164428711,18.228442933475847
"The genetic spray was described as a very exciting development by another of the team's scientists , Dr Julia Dorin .",3.57142857143,-114.18580198287964,-4.964600086212158,49.57138758191019
"The old Highways Yard in Rigby Road with its railway connection , seemed to offer an ideal site .",3.72727272727,-119.90008735656738,-5.709527969360352,27.39171109940409
"Jodami and Rushing Wild jumped the last together , and Jodami found the vital extra gear to edge away .",3.07692307692,-154.6647071838379,-6.186588287353516,1.3419795418737976
Is it possible to see private affluence co-existing with corporate poverty ?,4.0,-68.84910106658936,-4.589940071105957,28.204753320978796
"One of Jay's drawled phrases , as she pubbed and clubbed and waded through hung-over mornings of coffee and endless cigarettes , was ‘ I'm a night-owl , honey . ’",3.30769230769,-234.2069969177246,-5.446674346923828,21.244037422750438
Villagers fight to block sale of ancient common,2.71428571429,-57.838090896606445,-6.426454544067383,11.397760474974262
There are various ways in which a recovery can be obtained : —,3.45454545455,-50.385101079940796,-3.875777006149292,45.36702371455257
"‘ By the road , it seems a long way , but I need only to walk a kilometre across the fields beyond the farm .",3.78571428571,-126.91629600524902,-4.532724857330322,43.18406972476069
And Notes from Underground is precisely such a fable of disembodied consciousness .,2.90909090909,-88.6181116104126,-5.90787410736084,12.207870953302447
We got our film crew and sat Robin down in front of our rushes .,3.35714285714,-87.32201099395752,-5.821467399597168,26.825232024171
"Conservative candidate Robert Goodwill , has written to Labour's Marjorie Mowlam asking her to clarify her personal position on the nuclear defence capability of the country .",3.78571428571,-137.36820888519287,-4.162672996520996,86.62392598151683
"The Arab masses , indignant at the western humiliation of Saddam Hussein , were expected to rise up against their pro-western leaders .",4.0,-105.62886810302734,-4.062648773193359,74.29302360108542
SOME of America's most powerful men are worried sick after the theft of an address book belonging to New York's most notorious madam .,4.0,-124.71325492858887,-4.454044818878174,66.56274894701119
"Neil Cossons , the director of the Science Museum , is confident the old numbers can be restored .",4.0,-99.5155520439148,-4.73883581161499,35.383427357431
"However , students taking resit examinations for exceptional reasons , such as an examination missed through illness , are usually allowed to count the full marks earned .",3.6,-158.63459873199463,-5.470158576965332,58.196505453183136
"It would be a good exercise to compare this electrical system with the purely acoustic string telephone in Part 1 ( November , 1991 issue ) .",3.4,-133.55988550186157,-4.946662425994873,67.24843038685489
AID TRIP GIVES PUPILS A LESSON IN THIRD WORLD POVERTY AND FEAR,3.11764705882,-104.07083463668823,-4.5248188972473145,-5.623709062367297
"She noticed his fingers were trembling , and her anger faded , replaced instead by a wild and optimistic hope .",4.0,-102.46494197845459,-4.8792829513549805,46.22941672319203
"In the jargon of quantum mechanics , this choice of behaviour is called the statistics obeyed by the particle .",3.29411764706,-92.75322103500366,-4.416820049285889,50.09393110376317
"You can format your spreadsheet manually , or design your own speedformat routine .",4.0,-88.27113389968872,-5.884742259979248,29.745451286482762
"He came to an arrangement with two more actors , gave the camera crews some private pocket money and turned the film over to his assistants .",4.0,-124.4332594871521,-4.608639240264893,66.00409042720449
CELIA ALMOST WELCOMED the idea of going to work .,3.625,-71.96489572525024,-4.233229160308838,-0.6060112211459909
"I can only suppose that my name had respectable associations , and he thought it might allay criticism in what might be called Athenaeum circles .",4.0,-148.08259963989258,-5.106296539306641,38.997994725975474
"‘ Earth to earth , ashes to ashes , dust to dust … ’",4.0,-87.84586334228516,-5.490366458892822,31.433385842492896
"‘ It so happened that No 5 Air School was not far away from the mine where Churchill hid during the Boer War , ’ Clifford recalls .",3.8125,-178.07443475723267,-5.7443366050720215,44.0411177945351
"I enjoy working things out with numbers , e.g. how much wallpaper or carpet I need to buy",4.0,-99.26475191116333,-4.726892948150635,38.41534974514542
"Not only will the test be easier in the future , but it should also be cheaper too .",4.0,-60.03132224082947,-3.15954327583313,59.0282954925182
I then turned the picture round and completed the other two sides .,4.0,-65.55889749526978,-5.042992115020752,18.805962920358766
"If so , could they share the knowledge with us ?",4.0,-53.72104501724243,-4.883731365203857,13.675205174411715
U2 LAST night unveiled their stunning new video Interference at a spectacular bash at London's Planetarium …,3.53846153846,-137.5918607711792,-6.551993370056152,36.542726580966274
But Mr. Leggatt hoped that the lack of space for burials would not lead to restrictions in the future .,4.0,-93.8990478515625,-3.9124603271484375,44.85638304473298
"My social worker who gave me advice asked if I wanted adoption or fostering , and I said fostering ( it was a white family ) .",3.57142857143,-122.1467170715332,-4.523952484130859,70.52742985994837
The results clearly show a high prevalence of oesophagitis in the adult asthmatic population .,4.0,-74.57749128341675,-3.551309108734131,40.62682379376186
"For this reason it was really only suited to the manufacture of plywood , for which it was immensely successful .",4.0,-91.1046495437622,-4.141120433807373,45.83936237045961
But I guess they have got something to point to if they've built good roads and railways and so on . ,3.78571428571,-95.71693420410156,-4.1616058349609375,47.66889464940783
‘ Can you name the disciples ? ’ asked one journalist .,4.0,-88.690354347229,-6.335025310516357,8.418588597945089
"Tom-Frode , Odd-Knut and Tony wait for us to arrive .",4.0,-102.62027835845947,-5.701126575469971,-17.330234771447905
The white lines show the body's electric force which energy-giving crystals can tune into,3.8125,-102.20661973953247,-6.0121541023254395,16.40716541771721
One of the American networks wants to do a television interview .,4.0,-58.33618354797363,-4.861348628997803,22.471879027626557
"Guinness provides financial support to organisations engaged in medical research , health , youth , environment and conservation , employment and enterprise trusts , education and the arts .",3.82352941176,-135.81313133239746,-4.527104377746582,81.17440596282663
"A gang of Muslim extremists believed her story , and the results were dire .",4.0,-79.81080293655396,-5.320720195770264,31.192853789568304
"The rain which would turn their campground to mud , and fill the cisterns of Famagusta .",2.84615384615,-111.13946056365967,-4.832150459289551,9.469148447992268
Questions can be asked by The Speaker ( see below ) or the player who has just thrown ( or would have just thrown ),4.0,-118.42440366744995,-4.736976146697998,55.444406872758606
"The second limiting factor was less immediate , but of greater potential impact .",4.0,-76.40935897827148,-5.45781135559082,21.941361628915487
"Once the nest is completed , the male sets off in search of a female .",3.8125,-63.31676483154297,-3.9572978019714355,41.29145763981292
of them revealed that they had been the victims of marital rape .,1.6,-51.88245987892151,-3.9909584522247314,37.215706587829175
 The government has plans to reverse the process by reforestation and investment in projects of sustained development . ,4.0,-100.04803657531738,-5.002401828765869,25.735739969350732
He does not deign to compare the British and the French railways .,4.0,-62.45260429382324,-4.46090030670166,29.33371039823372
"Lay the child on his back , turn his head and remove any debris in his mouth with your finger .",4.0,-82.56090331077576,-3.931471586227417,56.16575732472771
"Strach may be 37 , but who gives a shit really ?",3.8125,-71.29665803909302,-5.484358310699463,21.957927069694364
"In return , the Church cut a somewhat uncertain figure .",2.6875,-70.89614534378052,-6.445104122161865,1.486810555968546
However it is almost certain that the offer will be rejected .,4.0,-39.759684562683105,-3.313307046890259,37.03660698202667
"Mr Stolpe said East Germans had recently discovered their power , and Mr Krenz had not succeeded in restoring the leadership's credibility .",4.0,-140.47090530395508,-5.016818046569824,56.282727215806716
"Smiling , Harry put the letter back in its envelope .",3.75,-57.63274383544922,-4.802728652954102,17.171430102157984
Leicestershire is the only county to account for its distributions from the TCCB on a cash as opposed to an accruals basis .,3.76923076923,-126.7496109008789,-4.224987030029297,39.769149836230866
"It'll look great on the beach , as an evening top under a pretty blouse or under a jacket for work .",3.35714285714,-111.69387817382812,-4.653911590576172,41.84807534111073
"They also read representative works in traditional and modern Chinese history , literature , philosophy and religion .",4.0,-87.3257646560669,-4.851431369781494,40.57855532174864
"If you'd prefer a sleek , brass finish , the Brass Dream fire by Valor is a good choice and costs about £399 .",3.8,-141.4843454360962,-5.240160942077637,45.019585439125336
"‘ If you did that , then it is just about the greatest miracle a person has ever performed since the time of Jesus . ’",3.78571428571,-118.94759559631348,-4.248128414154053,61.69901840366791
"She kicked something in the gloom , and stopped briefly to pick it up .",3.8,-72.008535861969,-4.8005690574646,24.91264940446598
"‘ I'm just back from India , ’ he announced importantly .",3.78571428571,-93.23042392730713,-6.215361595153809,4.484139204932859
It is the sort of place where you find a different object of interest every time you go back .,4.0,-73.04876327514648,-3.652438163757324,51.83052740252181
"McLaren keeps his own counsel , being as reticent as Ferguson is gregarious .",3.8125,-91.72314071655273,-4.827533721923828,23.412783145893087
She'd made one final attempt on the Archdeacon before departing .,3.4,-69.31198692321777,-4.9508562088012695,15.247541535682473
Air show : The famous Red Arrows are to provide a grand finish to the Southport Air Show .,3.8125,-106.1353874206543,-5.306769371032715,34.77262585522078
"Add the grated orange rind and juice , eggs , sugar , cornflour and ginger .",4.0,-84.30666923522949,-4.215333461761475,46.122762537929304
"A path led up from where they stood , its stone flags worn and broken , its progress hidden here and there by moss and weed .",3.57142857143,-144.1376724243164,-5.338432312011719,53.66451896726096
If there's a younger referee than me it'll prove that someone has got real guts .,3.76923076923,-85.38697814941406,-4.743721008300781,43.38538842598109
"The mannikin ran in front of Cranston , jumping up and down .",3.35714285714,-83.8110122680664,-5.23818826675415,3.76763392833071
R4 THIS MORNING SAYS DON HOWE IS ANOTHER LIKELY CANDIDATE TO TAKE US INTO THE NEW YEAR .,2.5,-116.757568359375,-4.026123046875,21.835924121059378
It is one of the ways in which the Spirit evokes prayer in the people of the Messiah .,3.75,-71.54082298278809,-3.5770411491394043,41.9633153905807
Such fundamentals should be the same for all .,4.0,-38.92645311355591,-4.325161457061768,18.340353040748496
Sega owners are bigger in the trouser department .,2.875,-77.71570873260498,-7.065064430236816,-5.056743487726621
"I'm just sick of reporters tramping in and out , wanting to know her business .",4.0,-91.04140949249268,-5.05785608291626,18.026709331262268
Or if you went into her kitchen and interfered .,2.2,-57.842702865600586,-5.784270286560059,8.787914869982714
"However , by 1976 , local councils in east London were able to publicize the advantages of their areas to industrialists .",4.0,-106.32781219482422,-4.430325508117676,54.74268658594687
"It may be the detailed description and prices of merchandise , details of a complaint , ideas for a new product , or whatever .",3.0,-116.73833131790161,-4.6695332527160645,44.17699954552964
"Japanese banks operating in London accounted for 28.5% of total lending from London in 1991 , American banks 15% , and other banks 40.7% .",4.0,-123.2643051147461,-3.8520095348358154,82.08850339490868
"‘ I'm dying for a cup of tea , ’ Charlie announced .",4.0,-86.45460510253906,-5.403412818908691,18.569598966824174
And are hoping for a Twickenham meeting with either Kidderminster Carolians or Hitchin in the finals .,2.5,-129.27232456207275,-5.620535850524902,5.989014260930304
"This is an appeal by Swansea City Council against a decision of Judge Michael Evans Q.C. , given in Swansea County Court on 6 February 1991 .",4.0,-128.99023532867432,-4.2996745109558105,96.10663475850563
Who was Elsie and what had happened to her ?,3.75,-39.97810769081116,-3.634373426437378,22.815504629147938
"She stared into his eyes , and saw the suppressed hunger there , and her heart seemed to contract then swell inside her .",3.76923076923,-115.33422088623047,-4.8055925369262695,46.93327876402748
"A sense of well-being , of transformation and enlightenment , penetrates to the very marrow of his bones .",3.8,-95.32595157623291,-4.332997798919678,31.113228673664423
"— one of the control sample respondents possessed all three traits , and one-quarter two out of three .",2.0,-114.72524929046631,-5.463107109069824,25.259248603905462
wonder why you — But mibbe I should thank ma,1.0,-94.6615252494812,-7.281655788421631,-5.109571446030898
"A somewhat thicker book , The Bernese Alps details the important region skirted by the previous book .",3.8,-126.5971565246582,-6.32985782623291,13.797457037651697
"Booming out of speaker boxes perched on the kerb , thundering from bars and shops , every corner has its own sound system .",3.75,-129.056902885437,-4.779885292053223,58.73695035345651
Young people's knowledge about the harmful effects of smoking is considerable ; those who take up smoking are not doing so purely out of ignorance .,4.0,-102.9041998386383,-3.8112666606903076,92.54658216903849
Tandem's annual revenues grew by 24 per cent to $1.6 billion .,4.0,-66.15461230278015,-3.8914477825164795,43.060776226431514
Gwyneth Dunwoody stated that we were secretly dismantling the health service and Roy Hattersley muttered about contracting out old people like refuse collection .,3.07692307692,-178.04826736450195,-5.934942245483398,33.01676800915655
Could a man who deserted his wife and child for another woman get off free without scars ?,3.78571428571,-83.85668563842773,-4.65870475769043,45.41373589941412
"If the French should take them and see them directed to such noted men , they might take care to send them to them .",1.4,-117.76679754257202,-4.710671901702881,42.90498679368338
"The Cats Protection League Bazaar , Parliament Room , Royal Baths Assembly Rooms , Crescent Road .",1.8,-123.35891914367676,-6.492574691772461,20.662144976241564
"Their discoveries have worrying implications for the 600,000 people thought to have been affected by the release of radiation .",3.75,-81.96838760375977,-3.7258358001708984,61.36847386324774
"It brings the twittering children , and the birds ,",3.07692307692,-68.01269149780273,-6.182971954345703,-4.994576549949635
"The consequences of this latter factor have been to at times lead to the definition of community care as ‘ non-hospital care ’ ( Parker , 1990 ) .",2.5,-158.8435778617859,-4.813441753387451,56.80695654631316
"Viol tried to flag down another , but the driver ignored him .",3.76923076923,-61.6977744102478,-4.745982646942139,31.500671645262003
"Graphically oriented programming tools , application programming interfaces and cross-application macro facilities will also be offered .",3.625,-102.87386894226074,-5.143693447113037,53.793831054815286
"Thirdly , uncertainty now surrounds the future of the industry .",4.0,-61.99468803405762,-5.166224002838135,16.221570728883037
"Had he not , as everyone knew , single-handedly raised and led an Arab army against the Turks ?",4.0,-91.37679433822632,-4.35127592086792,44.66919769689153
The closest cooperation between the allocation officers and each unit manager is essential both in devising the plan and in the scheduling of holidays .,3.6,-129.20207977294922,-4.969310760498047,52.738595311107844
"‘ There is no robust critique , no convincing body of evidence , no sign of learning from a decade of failure .",3.78571428571,-113.63671875,-4.73486328125,54.14982752361655
Survival time was defined as the period between surgery and death .,3.78571428571,-55.17839050292969,-4.2444915771484375,28.322449820632002
"Mr Tadgell , 32 , rented a flat in Australia with Joanna as she progressed from a cleaner to a waitress at the casino .",3.4,-142.50232696533203,-5.08936882019043,53.42498738625747
"The Daurog moved about their business , eyeing Tallis with the same shivering caution as the evening before .",3.78571428571,-142.43686866760254,-6.192907333374023,-2.4778731443822153
"Mr Jenks marched along the corridor , glaring wrathfully about him , and the children fell back on both sides without a murmur .",4.0,-140.9329390525818,-5.219738483428955,44.00586194555919
"Your detective of the detective story , of course , went about seeking information .",3.0,-83.87417078018188,-5.591611385345459,11.696067855973155
So you're working on a peer-group political model of photography and meaning ?,3.33333333333,-95.05422973632812,-5.940889358520508,3.919774701143254
The directives had no application to parliamentary proceedings or elections and allowed reported speech .,3.78571428571,-98.1175446510315,-6.5411696434021,15.862049846382362
Crystal thought Berg was a newspaper reporter and she assured Rain : ‘ I didn't spoil your story by telling him MI something killed MacQuillan . ’,2.84615384615,-211.1799087524414,-6.399391174316406,24.39342884512476
"Another street , also running approximately north-south , lay between it and Ryknild Street ; the branch north of the Tiddington road",3.4,-150.75061988830566,-5.383950710296631,13.111831644457283
I congratulate you on the unambiguity of your situation .,4.0,-53.94259071350098,-4.495215892791748,15.073828423000506
"‘ If you wish to avail yourself of the bathroom facilities , feel free .",3.35714285714,-69.09992218017578,-4.318745136260986,41.71946975431139
"The idea is to increase people's knowledge about the strength of drinks and weekly limits , and the link between drinking and health and fitness .",3.8,-112.8717885017395,-4.180436611175537,64.85734031255245
"When the Indians went hunting , whether for animals or for rival Indians , their firepower was deadly .",4.0,-95.84219074249268,-5.044325828552246,45.23331752700912
"Facts speak for themselves , but only if executives are prepared to listen , are prepared to be convinced .",3.35714285714,-92.54193449020386,-4.406758785247803,42.71008536052179
In the preceding decade London and other large metropolitan cities recorded massive population losses ; medium-sized cities either lost people or experienced only slow growth .,4.0,-127.77223014831543,-4.563293933868408,86.40807454731944
‘ After the demise of our great team in ‘ 86 we were building sand castles for a while — they were collapsing all the time .,3.4375,-152.19356679916382,-5.248054027557373,60.876803110811466
Amiss was stunned by the courtesy and curiously uplifted to find that not everyone in this establishment was like Colonel Fagg .,3.4,-139.96704816818237,-5.598681926727295,28.885831236467027
One in every six trees in Switzerland is showing signs of ill-health — double the level recorded eight years ago .,3.75,-92.978355884552,-4.042537212371826,75.5167067736273
LEFT : Painter and decorator Kevin Barton latched into this early 2 lb 14 oz plaice during a session at Lepestone Point in Hampshire .,3.14285714286,-202.8925929069519,-6.544922351837158,22.952894557753183
It has been estimated that 65 per cent of the deals are spot and the remainder are forward deals .,3.30769230769,-81.31854057312012,-4.065927028656006,61.574208471820356
"As the mobs gathered , an assistant military attache asked Andrew about the pipe-playing episode in Reykjavik .",3.5,-131.7256851196289,-5.488570213317871,16.521315699786783
This was a necessity to qualify for a later call to the Bar .,3.625,-74.00742149353027,-5.2862443923950195,11.881408369644305
"‘ Here he comes , look out for this guy . ’",3.72727272727,-73.7771692276001,-5.2697978019714355,15.385901927018764
‘ I hope you ain't gon na have a fit .,2.5,-72.49521207809448,-5.576554775238037,20.65950510903805
He could not go through it all again .,4.0,-40.387887954711914,-4.487543106079102,12.344566163717055
‘ Will you help us find out what happened ? ’,4.0,-60.670297145843506,-4.666945934295654,29.474353951384643
The distinction between equity and equality in the distribution and use of social services is crucial to the debate on health inequalities .,4.0,-89.92436480522156,-3.909754991531372,72.05358470734319
After I had my tea I would go to bed .,4.0,-46.05705547332764,-4.187005043029785,23.480897312223533
"The comprehensive tour included barley purchase , intake , laboratory , steeping , germination , kilns and malt dispatch .",3.78571428571,-137.6002984046936,-5.982621669769287,31.680064944018824
"After all , he had managed to defeat the system and was in sole command of a small military unit .",3.8,-84.4155535697937,-4.0197882652282715,47.35391231627423
I think about G.P. holding me and caressing me .,3.53846153846,-68.16069889068604,-4.868621349334717,6.976676623880323
"‘ I didn't want to be a superstar , I just wanted to be able to play well .",4.0,-64.75883531570435,-3.083754062652588,61.15692996739564
"LLOYD'S Register , the largest ship registration organisation , is being sued in America over a ship fire that killed 159 people two years ago .",3.53846153846,-141.86475276947021,-4.728825092315674,64.11357105024925
"This is not to deny , of course , that crime and violence in contemporary society is an important social reality .",3.78571428571,-81.2229437828064,-3.6919519901275635,57.85665884365912
"The administrative structure of Partnerships , with its heavy emphasis on co-ordinating different agencies , would in any case tend to inhibit the unorthodox .",3.8125,-141.45600605010986,-4.877793312072754,40.928693470586296
We walked solemnly around Gloucester in and out of the Cathedral precincts while he told me about his childhood .,3.75,-105.08902645111084,-4.776773929595947,38.42447993302031
"By comparison , companies in the 20-50 jobs bracket suffer from neglect , they say .",3.78571428571,-100.50553894042969,-5.583641052246094,18.9520303387189
Within a few days of writing my planning notes a reasonable ( by UK standards ) day dawned .,3.53846153846,-108.5677433013916,-5.42838716506958,36.71469362084915
"Whether this autoantibody has direct pathogenic importance , as in Wegener's granulomatosis , remains to be determined .",4.0,-127.54388046264648,-4.55513858795166,11.117175135008239
"The incident received widespread television and press publicity , and prompted a civil rights march on 24 August from Coalisland to Dungannon .",3.76923076923,-137.81196784973145,-5.104146957397461,47.09364507852257
"It contains a general index to magazine features , a recipe index and an index to recipes in our popular , step-by-step cookery series , Secrets of Success .",4.0,-153.53904819488525,-4.515854358673096,62.550091873936765
Anglers are blaming pollution for a fall in the numbers of fish in some sections of the Rivers Severn and Avon .,4.0,-120.33478021621704,-4.813391208648682,47.06510885297905
"Robin Child absolutely refuses to grade , and when O-levels gave way to GCSE with all its internal coursework and marking , he rejected it .",3.5,-172.13171482086182,-5.7377238273620605,29.687304728202122
Does awareness of rates of obstetric interventions change practice ?,3.57142857143,-64.71500253677368,-5.883182048797607,20.56929715131396
"Synergie Ultra-Gentle Eye Make-up Remover with extract of rose , is a light oil-free lotion with soothing properties , £2,99/200ml .",3.4375,-181.981276512146,-4.788980960845947,1.5808265986578078
"Stewart and Tait were more aware of the degradation of energy , moral as well as physical , and thus of the impermanence of the world .",3.625,-117.74559354782104,-3.7982449531555176,57.2908764668546
This rule is subject to a number of exceptions ( see Chapter 5 ) .,4.0,-58.13581824302673,-3.8757212162017822,42.909226118849034
Malcolm is collecting old 10p pieces on behalf of his daughter for the Kidney Transplant Association .,4.0,-110.09824419021606,-5.242773532867432,32.07064950412877
We are grateful to Ken Byron for setting up a much needed journal in Drama and Dance Education .,4.0,-100.9733772277832,-5.314388275146484,39.111511814820034
Cycling was also definitely related to gastro-oesophageal reflux .,3.8,-66.0447769165039,-4.127798557281494,14.149361304436638
"True to this tone , Tom's tape is scientific analysis as opposed to bedtime bogeyman stories .",3.57142857143,-122.46434497833252,-5.831635475158691,13.527934027780077
"As was suggested in argument , that would indeed be to swallow the elephant and strain at the gnat .",2.0,-114.02100419998169,-5.429571628570557,16.242880697503864
"In desperation I took a typing course and moved fifty miles down the road to here , to the first job which would have me .",3.76923076923,-129.7685832977295,-4.9910993576049805,36.771062863281344
At relevant moments Dr Banda waves his fly whisk .,3.66666666667,-91.47776222229004,-8.316160202026367,5.168285352040343
Both were former members of the left-wing extremist Red Army Faction ( RAF ) .,3.82352941176,-70.73301601409912,-4.160765647888184,52.686390991735905
But anyway ’ — her tone changed again — ‘ I'm grateful to you for your help . ’,4.0,-107.26176834106445,-4.663555145263672,60.25517181461598
"Stokesley , indeed , possessing neither trade nor manufacturers , has no appearance of bustle or business , and is a place well adapted to retirement . ’",3.2,-187.4197540283203,-5.85686731338501,22.12647843440783
"Although it is less damaging than the removal of bulbs and plants , consistent seed snatching can still effectively wipe out a species from a locality .",3.6,-139.43566131591797,-4.97984504699707,69.97458970961065
"Tickets from Sgt Gordon Parkin ( telephone 091567–6155 , ext. 6331 .",3.57142857143,-132.22944259643555,-6.611472129821777,-13.180426293133934
"You think I'm joking about the Porsche , don't you ?",4.0,-53.47965478897095,-4.113819599151611,25.09127753428207
They expressed their fury with the godly in lewd ballads that echo through Underdown's story .,3.07692307692,-125.94364166259766,-6.297182083129883,5.6327366114791175
Religion : Christianity ( Bulgarian Orthodox Church ) ; Islam practised by large Turkish and smaller Pomak minorities .,2.875,-124.09635162353516,-5.640743255615234,49.52665821578415
"‘ There's no Black Dog here , ’ said the doctor .",3.75,-89.93633508682251,-5.995755672454834,3.0129991890785845
"Learning a manipulative skill , such as typing , takes hours .",4.0,-75.02917098999023,-6.2524309158325195,14.753245498034133
Our communal phone is on the hallway wall by the front door .,4.0,-66.66941499710083,-5.128416538238525,24.994980898285306
"‘ They say you are a known homosexual ; we believe it , ’ added a third .",3.30769230769,-113.76106262207031,-5.688053131103516,17.59891295429918
A BALANCED CALCIUM INTAKE TODAY MEANS A HEALTHIER YOU TOMORROW,4.0,-92.96803092956543,-4.2258195877075195,-2.3446884037073374
"‘ I thought I might go to America and help the anti-draft students around the Army camps , ’ he said .",3.78571428571,-139.7266674041748,-5.374102592468262,18.091173957011193
Other people apart from yourself and the candidate who may need to be taken into account when fixing a schedule are :,3.4375,-102.83801364898682,-4.674455165863037,54.3331446738525
Her mouth had formed the words before she realised .,4.0,-57.63020992279053,-5.763020992279053,12.745497311169188
Water temperature : The usual temperature range of 72°–76°F .,3.75,-67.22604274749756,-4.481736183166504,6.543988578590287
The first is a surface sore which starts off as a red mark .,4.0,-70.60746383666992,-5.043390274047852,24.061617980399106
"We are really struggling at this point in time , thinking , ‘ What are we doing , what are we about ? ’",3.6,-107.46113395690918,-4.133120536804199,55.36590874610002
I don't think Chris and the band know each other well enough at the time .,2.92857142857,-60.44601345062256,-3.555647850036621,42.7399748309022
"‘ Donna , I said we should call the police .",4.0,-68.64424896240234,-5.720354080200195,8.885478492318256
His description of their encounter conforms to the usual descriptions with the general's immense sense of presence and concomitant dramatic side-effects .,3.72727272727,-131.09269332885742,-4.681881904602051,40.32753362556275
"It likes damp , moist , airless places with a slightly more alkaline pH than is normally found in the vagina ( normally slightly acid ) .",3.75,-146.22182512283325,-5.0421319007873535,66.92621185320456
Bongwater's Ann Magnuson carries the incandescent incense stick for the even ; Kim Gordon's a carcinogenic Zippo on full flame .,1.27272727273,-195.41957092285156,-6.106861591339111,-0.9270217415767945
But did you know that the preposterous programme had a ‘ Did you know ’ section that in the currency of football trivia proved rather less fraudulent .,2.75,-195.72462463378906,-6.116394519805908,23.232972885885744
"Now that she was looking closely , she realised that most of the rooms in the house had two doors .",3.8,-76.2113721370697,-3.629112958908081,54.95280656913039
"If sources of income are not all taxed at equal rates , there is obviously an incentive to convert income into the untaxed form .",4.0,-98.61856627464294,-3.6525394916534424,82.23117350330511
"They both drank , conscious that it had been a long afternoon , and Shelley at least was thirsty .",3.0,-102.88602828979492,-5.144301414489746,27.593623237122927
"What happens if Bruce or Pallistar gets injured , have they any ( decent ) cover .",3.0,-131.7559175491333,-7.319773197174072,2.7721831622948514
But with his mother arrested it was now up to him to take charge of the rebellion in Poitou .,3.4375,-81.72568130493164,-3.714803695678711,46.875974224135064
"But who knows , the illustrious Mr Punch may yet ride again at some time in the future .",3.64705882353,-89.57966661453247,-4.714719295501709,46.492967685011365
‘ Could that be pronounced Barry by any chance ? ’,3.72727272727,-90.65682983398438,-6.973602294921875,4.291643462638362
He takes to it as a duck takes to water .,4.0,-55.98555374145508,-5.089595794677734,12.667401056505128
Average household size has decreased from 3.09 in 1961 to 2.55 in 1987 and will continue to decline ( Table 2.6 ) .,4.0,-94.50322341918945,-3.2587318420410156,90.92928503768198
The form by which the dialogue is represented is the one that best fits the mood and subject of the dialogue .,4.0,-88.36165714263916,-4.016438961029053,49.563226326566564
She had come to England from Berlin in the 1930s and had begun her studies at Central School of Arts and Crafts .,4.0,-80.71460723876953,-3.2285842895507812,79.15112094238043
‘ I'm tired of hearing complaints from the cook .,4.0,-61.18590545654297,-5.098825454711914,18.27130829374765
Being one of Prince's chosen women has its drawbacks .,4.0,-62.530158042907715,-5.6845598220825195,15.038708882311965
"At least Ferdinando now knew a great deal of English , whatever she had said to Pen to make him feel important .",2.6,-125.4530668258667,-5.018122673034668,30.505415649235914
"As though he remembered his manners , he looked an invitation at Nicandra .",2.0,-96.16144895553589,-6.410763263702393,1.8279736395689667
"‘ Act Two — Beginners please , ’ said a tremulous voice from outside the door .",3.76923076923,-126.85705232620239,-6.040812015533447,15.567559204381581
Coming and going — there had been too much of that .,3.8125,-47.39250469207764,-3.9493753910064697,29.76067732348379
"Sow seed outdoors In spring , or divide the plants In spring , and allow 60cm ( 2ft ) between plants .",2.8,-147.32719659805298,-5.893087863922119,26.626397973859156
"This has now been cut from to 3% 6.7% , but according to chairman Mike Tilbrook , the remaining holding ‘ continues to show a useful paper profit ’ .",3.14285714286,-206.73900318145752,-5.587540626525879,30.56651597336267
Dexter guessed she was starting to share the same nagging sense of depression that had afflicted him since the end of the interview with Parkin .,4.0,-122.73527002334595,-4.232250690460205,65.7488925327649
"We also have a dowry floor , Lincolnshire, was lovely in May . ",1.42857142857,-99.4590368270874,-5.850531578063965,-8.0598837335926
My first real friend could be a boy called Adam .,3.78571428571,-53.18569278717041,-4.8350629806518555,23.536001355270088
"She was wearing denim overalls , carrying buckets and brushes.",3.76923076923,-68.58119773864746,-5.715099811553955,19.49721184690081
"In the coming year , he has custody of Rochester Castle.",3.30769230769,-70.62908363342285,-5.885756969451904,11.210938006317619
"Last Sunday for a cycle ride around Wirral Country Park Booking is essential, when the leadership is Cheshire ranger Barry Jackson.",1.8,-150.90524625778198,-5.589083194732666,46.59786243559154
This expression is called the fundamental theorem of Riemannian geometry .,4.0,-54.48544263839722,-3.891817331314087,28.782876806151194
"But it tends to obscure them , it draws on mainstream psychology .",3.2,-77.01960325241089,-5.924584865570068,17.504136426729517
"Greg Hawking is one of the rare people who drift into teaching and found themselves , they themselves are surprised , absolutely cut out the work .",1.85714285714,-159.36961555480957,-5.902578353881836,29.00401725508351
Appointment of a new minister in office will take over the responsibility of policy in many sectors .,2.92857142857,-78.02149152755737,-4.106394290924072,41.6931547925556
"In his kindness when Rhun outstretched arm, raised him from his knees , he still hung heavily desperate clinging to his humility .",1.46153846154,-163.9443645477295,-6.3055524826049805,21.547773924744376
The figure shows a measure of the radiation per unit area with the meter reading .,3.07692307692,-74.4116439819336,-4.65072774887085,35.31359158580743
In some bars prosthetic hand pump gas beer .,1.1875,-82.07204818725586,-8.207204818725586,-3.387721092902922
"In fact, there are too many complaints monitoring requirements often tubular epithelium.",1.83333333333,-96.74135780334473,-5.690668106079102,15.222285514974075
Preliminary work began in September last year after the appointment of the two townships hiring full-time project .,1.5,-111.26261186599731,-4.837504863739014,31.026940306760594
"This is , of course , can reduce the tendency of this effect , and move away from the larger , centralized monitoring local police .",1.75,-143.39071559906006,-5.5150275230407715,19.08120750270612
"Todd has , he is a woman of another dream.",1.1875,-61.13440275192261,-5.55767297744751,8.515758303136579
"Coaches can often be valuable mentors from the possibility of drama school , you may have auditioned before , who can give a fair assessment .",1.92307692308,-147.23164749145508,-5.258273124694824,44.399631587888734
"But the report also failed to control the explosion authoritative boss , Mr. Watney , aged 58, last year, early retirement activities .",1.5625,-163.8019552230835,-6.066739082336426,27.283951827015926
"Of course , some people will respond personally ( he has included the postage ) .",3.82352941176,-92.64714813232422,-5.790446758270264,16.656546116744835
Four major areas or larger than our Moon .,2.2,-63.98185157775879,-7.109094619750977,2.932669787349653
"Police urge witnesses to the incident occurred in the 11:00 , on Monday in Windsor Street , Toxteth .",1.9375,-126.07149839401245,-5.481369495391846,17.26058098269229
Watch how to return to the previous line of text package.,2.5,-54.01621055603027,-4.5013508796691895,26.527675789347597
The surface need not be completely flat or smooth .,4.0,-43.66250991821289,-4.366250991821289,25.594851914961467
"In light of this work has been completed , you can then check the draft schedule in the closest detail - may shreds.",1.0,-132.70810842514038,-5.308324337005615,32.85009855873787
"There will be 5,733 empty houses , of which nearly 2,000 have been empty for over a year .",4.0,-81.96768736839294,-3.563812494277954,50.72888791455247
Heath ( 3.3 ) summarizes the class differences in educational research in an influential and historic tradition.,3.57142857143,-114.49225330352783,-5.452012062072754,31.54285393824111
This phase is considered to Permian sediments and volcanics and the underlying Devonian rocks reaction between the salt solution has been controlled.,2.09090909091,-150.38091850280762,-5.370747089385986,33.83314384797677
His price - his price can be of immense use .,3.2,-64.89960241317749,-5.899963855743408,10.454341556907465
"In attendance miners in Mansfield clinic there is a significant improvement , however , because it is closer to their homes.",1.64285714286,-127.82870483398438,-5.557769775390625,30.746035682108698
"Well, maybe most of the failures are on my side .",4.0,-51.98198890686035,-4.331832408905029,24.910211268940586
Gere and Basinger starred in porn thriller Warner Home Video released to video library by October 18 the final analysis .,1.64285714286,-162.56902313232422,-6.773709297180176,37.576236433593294
"Recently , concerns grow , Michelangelo 's Sistine Chapel ceiling in Rome has been irreparably changed by the Vatican conservation team.",1.92307692308,-130.26147651672363,-4.824499130249023,61.933627120349314
Disillusion me and my sympathy at the same time .,2.25,-59.23335027694702,-5.384850025177002,7.098420422961695
Horse shot out like an arrow from a bow. ,3.2,-57.14224433898926,-4.7618536949157715,14.034199068225718
British Equestrian Association is anxious to find out why only a third of the people supposed to happen this year .,1.27272727273,-95.81862258911133,-4.166027069091797,51.48524971268071
"Adopt PERTEX fabric Quallofil 7 filling , KOMPAKT Lite weighs only 1.2 kg , and , in its stuff sack , a decrease of 7 liters.",1.46153846154,-244.70562601089478,-6.274503231048584,-9.970035409301744
"In exceptional circumstances , the Head of discomfort you exit clause , if there is a reasonable explanation for failure to notify .",1.2,-134.11433458328247,-5.831058025360107,25.753164844975146
"Strategy so successfully demonstrated in the application of science and technology are experiencing serious problems , complex social system .",1.75,-123.19539642333984,-5.866447448730469,25.72219503803069
Small specimens are sometimes confused with Synodontis petricolor 's .,3.35714285714,-85.34593200683594,-5.334120750427246,6.890221756687765
"They called us early into the stadium , it is hot , very hot .",3.57142857143,-73.04681539535522,-4.869787693023682,24.325583098806888
"Under normal circumstances , I would pick an artist from their homes and take them to Middlesbrough , where they Cleveland radio interview .",1.46153846154,-130.32013511657715,-5.012312889099121,43.72805044116092
"Though not as taut a young man , his muscles bulging efforts.",1.0,-82.99545764923096,-5.5330305099487305,11.177953252320279
"A review copy was a solid black , but the basic model of refined oil .",2.2,-107.86306762695312,-6.74144172668457,2.940760577850398
"In their bedroom where things fall to the ground, and immediately woke up a pair of twins began to howl .",1.4,-114.93691635131836,-4.997257232666016,37.0524276106797
"The necessary motion , in addition to the liquid medium does not occur.",2.63636363636,-71.89137172698975,-5.135097980499268,19.72171965938236
"Once known as butter on Stowe Stowe, because London vector collection of butter.",1.23076923077,-106.14965295791626,-6.2440972328186035,13.540879545362372
"Adhesion of T cell subsets in particular, the specificity of cytokine-induced lymphocyte recruitment process more flexible and selective .",1.5,-119.18386650085449,-4.5839948654174805,49.58411333717842
"If I had been in your shoes , I walked right out of him .",1.69230769231,-60.37918567657471,-4.0252790451049805,27.370101791070113
"He closed his eyes, she saw his chest movement has stopped.",3.1,-59.98420476913452,-4.614169597625732,30.49314931580524
A friend to everyone she met loved and missed.,1.42857142857,-55.29713153839111,-5.529713153839111,12.903517896755602
But it is missing - the walls are more than it has disintegrated . ,1.25,-86.3729476928711,-5.398309230804443,8.0716802645033
"He 's going to buy her a new typewriter , old thing, she practices like Candyman trumpet noise.",1.0,-127.76687145233154,-5.555081367492676,26.450572286007827
" You stole it ? """" He replied Laura surprised protest , """"I want to do the time .",1.46153846154,-124.60475587844849,-6.558145046234131,11.178039458779693
And the previous maximum 10.5KW 18KW output to the length of the boiler flue 3 meters.,1.64285714286,-123.89974594116211,-5.162489414215088,10.44410590012285
"Slowly rising like a machine , she made her way to the counter , pick up the handset.",1.92307692308,-83.4621524810791,-4.173107624053955,36.82852310605266
"They like to work with the gear , fitting in place, where it is needed .",2.41176470588,-80.59432792663574,-4.740842819213867,22.894600542566067
We should call it like before Lowfields or make use of the 'new East Stand ' ?,2.07142857143,-123.09378099441528,-6.4786200523376465,3.7661038214791205
"Agnes , now fully dressed, and went into the hall .",1.81818181818,-74.35237264633179,-5.7194132804870605,4.810480185506762
"Supplement per person per night £ 135 for the first night , £ 105 extra a night ( minimum 2 persons ) .",3.35714285714,-116.90606498718262,-5.08287239074707,72.76614429666017
"You should get a certificate of posting , which is provided free of charge at the counter .",4.0,-75.2590684890747,-4.18105936050415,44.496581803551734
"Second, they retain 25% of the capitation payments discretionary appropriations formula system .",2.92857142857,-101.53331756591797,-6.345832347869873,19.835394591539895
"Pallister opponents are: Steve Bruce ( Manchester United ) , Paul Pierce ( Nottingham Forest Paul McGrath ( Aston Villa ) , Gary Lineker ( Spurs ) ; Rehovot Dayton ( Liverpool ) .",3.47058823529,-186.0369291305542,-4.5374860763549805,145.66595334845044
This shows that the company did not learn anything from this lesson.,4.0,-46.54352307319641,-3.580271005630493,39.89338558793695
"Here we have an uninterrupted outlook , and a brilliant prospect , it is far , stretching several miles per hand .",2.2,-132.6564483642578,-6.029838562011719,18.680165608535532
"Debenhams left of lambswool jumper , £ 24.99 ; striped cotton shirt , £ 15.99 ; tie, £ 7.99 ; grinding washing line, £ 29.99 ; leisure Gibson shoes, £ 34.99 .",2.0,-226.3250241279602,-4.437745571136475,111.83814510319513
Orthodox Judaism continue to teach an elaborate separation menstruating women and a man in contact with her family .,1.4,-123.22000980377197,-5.867619514465332,26.110075725945677
Recent construction survey shows that 60 -year-old title called Church Road issue.,1.8,-108.69473266601562,-6.793420791625977,8.018553094473518
Problem fireplace is set into a huge thick portion is divided into rooms .,1.375,-91.66341304779053,-6.547386646270752,16.38649356421297
"This is a brave move, re- start in the garden design talent, and to ensure that testing.",1.8,-115.134774684906,-5.482608318328857,24.789814291557093
"Liverpool won early popularity , as the British military victory in the Korean peninsula , Mr John Major 's reputation improves the Gulf War .",2.07142857143,-157.68304634094238,-6.064732551574707,54.23172884223524
BST EEC ban until further research has been completed.,2.5,-68.80680084228516,-5.73390007019043,23.34858599554009
This deliberately stressed young people and wounding over unreliable relationship dilemma of residential workers .,1.375,-125.72685241699219,-8.381790161132812,-0.08445450339539207
"France July 29, 1881 declared: """" publishing and freedom of the press . '",2.4,-93.35084533691406,-5.4912261962890625,32.27615645803175
"As far as I can see , we can go to Dersingham or for their own men .",1.375,-102.55253791809082,-5.127626895904541,10.051826449722327
"Distinction is drawn between the license , it ceases to have effect .",2.58823529412,-74.70352554321289,-5.335966110229492,13.702974693067262
"Turning them into public gardens and you create attractive , rather than an eyesore .",1.46153846154,-98.02867603302002,-5.766392707824707,14.149730847464639
"Julie , it is believed that it tries to run back along the path of this treelined Elizabeth snapped .",1.46153846154,-132.69196939468384,-5.769216060638428,11.969104740392453
"Latin America, the lowest female participation rate of any region in the world , including the Middle East , although they strictly limit women's activities .",2.6,-109.56287479400635,-3.9129598140716553,86.52149205827558
"Nine schools in three Midlands law enforcement agencies , will be identified as in-depth study questionnaire.",2.6,-106.49720191955566,-5.60511589050293,32.930352244093456
"This is when the request is considered neutral , because it must be false , the damage to the justice system .",2.0,-107.94681549072266,-4.906673431396484,27.846528239390153
"Some trees , vegetation and animals for the mechanical creation of phantom companies .",1.42857142857,-87.45845031738281,-6.247032165527344,15.7417081963046
"I say he , because this is what I think , though it may be that they even her .",1.17647058824,-93.99373054504395,-4.699686527252197,17.77995821078578
"Julie 's husband Tim at St Botolph's Church in Brampton , cost five standing beside the tomb crying.",1.2,-141.56116104125977,-5.89838171005249,29.07363318269671
"They are scripted NCR System 3000 , Sun , HP and IBM mainframe platform DECstation .",3.0,-151.7539873123169,-7.987051963806152,-7.667187488325226
"Sequel hook Balinese determination usurp another man 's family , and from the fear of modern man appeared in their own children .",1.5,-183.3078417778015,-6.78917932510376,-2.600182004343509
"Invite your closest people to give you some degree of diplomacy , showing you honest feedback .",2.6,-100.87531471252441,-5.604184150695801,31.10590738190166
"We've seen her smile of """"Tatler"""" magazine cover her figure in dozens of fashion circles.",2.28571428571,-122.87453126907349,-5.851168155670166,5.146481930258631
"Is a small-scale , seemingly without considering the valuer contract as principal .",1.4,-103.83937072753906,-6.489960670471191,-5.431893103741345
"Plan targets , make your PC a specified file on the hard disk is almost instantaneous keyword search .",1.42857142857,-121.65376329421997,-6.402829647064209,32.92501206120414
"Oh , it's not so bad, """" said Charles feebly offer .",1.21428571429,-87.2137680053711,-5.450860500335693,13.616011438970517
"End of the program , as it fell to the fire chorus from Alf unclean , unclean family rest .",1.2,-144.63949489593506,-6.574522495269775,-5.573504056048193
"John Taylor is a flow artisans, from Oxford University in 1839 recast Loughborough church bells .",1.1875,-138.42287349700928,-6.2919487953186035,7.683005130555131
" How are you going , the next step tweed ? ",1.0,-65.49418830871582,-5.457849025726318,1.6882227683570363
"Is flexible and , if necessary, should have more time to devote to a project in a separate meeting .",2.3125,-95.70267105102539,-4.557270050048828,36.09109776532634
It was originally developed by the U.S. publishing company Houghton Mifflin ) .,4.0,-67.22081184387207,-3.3610405921936035,37.59741171760072
"Those days are gone , thanks to our measure.",3.78571428571,-55.16167640686035,-5.516167640686035,12.57653139875589
Explosion shattered glass all around storm rain curse them along the corridor .,1.21428571429,-106.58822059631348,-7.6134443283081055,3.1880199857018
Involved in the operation of services laid reduction ; in its local community health committees were created to represent the public .,1.64285714286,-132.53592729568481,-5.762431621551514,23.85216648589764
The implementation of the results - British wool romantic - in one of the world 's largest and most prestigious department stores in October ( 8-18 ) .,3.0,-161.29127264022827,-5.202944278717041,54.183168568813926
"Why not give their own stupidity , not bothered ?",1.25,-69.33004379272461,-6.933004379272461,2.6060982079631714
"TV presenter Keith Chegwin opened his heart yesterday in front of the camera , admits: """" I am an alcoholic .",2.8,-127.91039657592773,-5.329599857330322,50.003765489507174
"They have established themselves in the southwest , and their king , Athaulf Court held in Narbonne .",1.81818181818,-125.72493648529053,-5.7147698402404785,-0.6983539128539746
Rachel sat next to Damian Flint hateful tense silence .,1.2,-85.02182960510254,-8.502182960510254,9.163867623550814
"Fat couple on vacation blanket , bouncing like children in low-g cuckoo moondirt souvenir jewelry.",1.1875,-154.0337643623352,-6.697120189666748,-6.4591065848132985
Presidential Commission initially appeared intended to replace the main centers of the Soviet Communist Party Politburo in the Soviet Union 's political decisions.,2.4,-124.47709465026855,-4.445610523223877,74.05913459170102
"Questions. Said the gentleman , the proposal is half-baked .",1.85714285714,-68.25543403625488,-4.875388145446777,3.365809055139465
"This modeler adds an associated program , thus providing a truly automated assembly process movement possibilities.",2.125,-121.66719818115234,-6.759288787841797,26.433623840808963
The end of the known death toll down sharply again from the revolution stood 689 .,1.5,-111.4276123046875,-6.5545654296875,3.4995916161784493
"Old sailor Harry Ward does not expect campfire ...... because his latest drinking companion , Johnny papier-mâché guy would be burned alive.",2.84615384615,-166.92745685577393,-5.564248561859131,41.15883138374173
"Transport are designed to withstand accidents and , until recently Govenrment precludes any possibility of radioactive leaks .",1.8,-141.58006286621094,-6.1556549072265625,14.01698894738459
"I know there must be a wound , she had not been strangled or drowned , or poisoned .",3.6,-88.51387023925781,-4.425693511962891,36.8827610820735
We are firmly committed to equal treatment of men and women pensions.,2.5,-51.41708183288574,-3.955160140991211,40.72261384929769
"Poison is dangerous, but few people who bathe in the sea urchin know how painful swelling when there can be unexpected trampled .",1.64285714286,-148.9826545715332,-5.137332916259766,39.93779112501983
"Fortunately, we are honest, is a very simple game plot.",1.92307692308,-58.2801628112793,-4.483089447021484,29.294782803084743
"They will jazz Telford , Marconi , a subsidiary of GEC ubiquitous group headed by Chairman of the Board.",1.25,-141.95376110076904,-6.171902656555176,14.26172601687054
"Let A and B are non-relativistic , so that movement.",1.17647058824,-67.91629791259766,-4.2447686195373535,3.8145410901951493
Agreed in principle to a cessation of hostilities .,3.0,-41.76644802093506,-4.176644802093506,21.14588098602053
"These checks can find no good reason , business or not, isolation , management's examination is reduced to less than 75 .",1.375,-147.03715896606445,-6.1265482902526855,22.949234323353295
Procedures for the 16-week training allowance and travel expenses .,3.0,-72.42078304290771,-5.172913074493408,6.2056979799847625
"Taking into account the different types of cells , such as muscle , skin, gut and nerves.",3.57142857143,-73.52138638496399,-3.86954665184021,56.68840501945786
"Bridget reported that , compared with previous courses held in Avery Hill Easter Course numbers are much lower.",3.57142857143,-132.88088178634644,-6.327661037445068,24.713362901649987
"Single £ 4.00 nights , continued to live night £ 16.00",1.42857142857,-86.36948347091675,-5.757965564727783,20.02153299207717
"( 13 ) , is also unable to detect transcripts P3A + α subunit chicken leg muscles or mouse : mouse thymus organ or torpedo .",1.2,-199.87340879440308,-6.447529315948486,45.16901184497584
Since this region is very rich circle Cullbridge rare species .,1.5,-98.12945938110352,-8.177454948425293,-6.343144089562472
"Cold, late spring , it may be difficult to graze rye time a good tilth beet.",1.0,-116.96096420288086,-5.848048210144043,19.870176031687322
"We thoroughly enjoyed the dog today and all the right things to do , with our current eater , Monty tried , but he did not impress .",1.0,-147.6758270263672,-5.0922698974609375,45.05676317002667
"More like Neanderthal remains were discovered in the 1880s , many paleoanthropologists began arguing that they include great apes and humans a unique species intermediate between .",2.0,-143.13865661621094,-4.473083019256592,74.5663196829708
"You will receive a unique personalized club membership card , you can request your participation in Shell petrol station air miles .",3.0,-119.2468729019165,-5.420312404632568,63.79469366065709
"Our idea is to make it easier , and try to get a good picture of how they feel about their health .",4.0,-80.53578066825867,-3.5015556812286377,64.79210176643883
"In almost all investigations of any size , an investigator can take up full-time in the first few days after the accident taking statements .",1.4,-124.95316171646118,-4.627894878387451,49.080879352188475
"One day she and her mother Hickstead sent a note , """"said Deirdre has her bilius attacks , and will not come .",1.64285714286,-172.37950563430786,-5.94412088394165,-2.372061382918446
But I think she has a good time .,3.2,-35.752262592315674,-3.972473621368408,16.438758470617934
"Mike's thinking about now is wrong, very sick, but she could not help himself.",1.0,-84.9561939239502,-4.719788551330566,33.287733388593765
"Right now, Kendall does not return in the aristocratic Everton , he knew seven years ago.",1.9375,-112.26175737380981,-5.90851354598999,22.907318456924685
"Australia would be glad , if they meet reopen Panguna , one of the world 's largest copper mine .",1.33333333333,-124.9159665107727,-5.431128978729248,31.214430948279414
It is projected to fall to 15% in April .,4.0,-48.80200958251953,-4.436546325683594,18.853432632151865
"Although the net assets grew 35% to £ 458 million Stanhope , the city unmoved department .",1.5,-144.79231595993042,-6.894872188568115,4.1247757056846694
"Because the source is not rich , not so generous than the river has dried up ?",1.4,-98.3249020576477,-5.783817768096924,14.675649042025242
"Now C- and Ku-band , 4GHz to 6GHz and 11GHz of the to 14GHz, large-scale use .",1.69230769231,-142.74100971221924,-5.286704063415527,-7.490146269125603
"I'll be back again next weekend , we can plan . ",2.8,-65.09269189834595,-5.007130146026611,10.882089096619609
"These aspects of political choice is still important, but not so now than in the past .",2.2,-81.63439178466797,-4.535243988037109,31.644911532242176
She makes you look a bit of a fool in front of anyone else who is looking .,3.14285714286,-66.68539381027222,-3.7047441005706787,49.890332306861794
"Northeast last night, a group of businessmen and women , said the Conservatives do not trust the commercial vote yesterday .",1.9375,-123.88809585571289,-5.162003993988037,33.27644270319675
Evolutionary theory best explanation of the problem to make inferences.,1.35294117647,-68.07914161682129,-4.862795829772949,12.39732932447862
"Learn how to change things better , rather than just learning to adapt to the way things are now, how do ?",1.4,-97.7266616821289,-4.248985290527344,59.659635062607464
" But we thought - everyone thought - she would turn to her marriage , it would be the end of it .",3.0,-92.31450939178467,-4.1961140632629395,43.38582461642093
Personnel manager at universities and research resources management has joined the company as a production line manager .,2.3125,-100.8659086227417,-5.308732032775879,33.49885435626899
System of rules for the rest mass of the main remedies include the introduction of what we call ' the variation .,1.8,-127.33483791351318,-5.787947177886963,19.645722333296817
Now a lot depends on how active role in the United States is ready to play along the Egyptian Israeli annoyance response to a recommendation .,1.9375,-152.60912418365479,-5.869581699371338,38.51057692168658
"Sometimes , I do not know how he passed his 0 , """" Dad said , we climb over the pebbles and out of the village .",1.42857142857,-135.57280683517456,-4.674924373626709,42.9380875775399
"In the Capitol , crying to go: """" burn it down .",1.5625,-85.7986969947815,-6.599899768829346,4.266574032789308
This is more representative of the nature of R & D projects than is often the result of a single day PERT program.,2.90909090909,-111.82752847671509,-4.4731011390686035,55.007683930812505
"The meeting , one community participants , indicating that the best path for dialogue to overcome their differences .",1.75,-112.8316798210144,-5.938509464263916,20.249241184068268
"These involve more open and distance learning and the creation of photocopying and electrocopying, ' custom ' package materials for students .",3.25,-151.58876991271973,-5.41388463973999,20.722813038145063
It seems impossible that anyone could be the middle of that storm leaves to survive.,1.69230769231,-81.54658508300781,-5.096661567687988,26.111531418983844
"When women once a month for three consecutive nights, moonlight artificial cycle become synchronized rhythm of the moon .",1.35294117647,-130.51627492904663,-6.215060710906982,29.509146479408088
"Admittedly , he was not driven by the same pious mercenary ambitions , some of his colleagues , as far as possible to seek artistic satisfaction .",1.5625,-144.47249221801758,-5.159731864929199,45.87140654384504
"Adequate supply of snow , on this issue we have a special section for those of you who want to get the ski slopes .",2.0,-113.61649417877197,-4.2080183029174805,54.17703051970685
"In other words, the generalist administrator called economists , statisticians, and other information, but who it is 'top' generalists .",1.375,-145.0165500640869,-5.179162502288818,19.61886778643799
"You are afraid, you two , I may be found in all of the mother is not dead , is not it ? ",1.2,-126.68229341506958,-5.067291736602783,6.814862888591051
The SORP recommended that local authorities and examples of accounting policy review .,1.46153846154,-91.87746047973633,-6.125164031982422,9.483491377625555
"Decided that he must once again the tide of the game , he began to despair of tedious running trough of breakwaters along the edges.",1.25,-147.40189170837402,-5.264353275299072,35.262830193789114
Birds can cause serious health risks for people who eat them in North Africa and Southern Europe .,4.0,-81.54667377471924,-4.291930198669434,61.287906349727535
"In this case , you can profit from a gallon by multiplying the daily average net goodwill numbers.",2.15384615385,-105.08225297927856,-5.53064489364624,39.89182179237366
"This is a natural sheltered basin , along the undulating meadows Comer , a trick .",1.8,-125.37205743789673,-6.59852933883667,-1.8725877392492976
"This course provides basic communication theory, comprehensive training , especially for the case of Africa .",3.25,-95.46850109100342,-5.6157941818237305,25.435210378770122
"Then, slowly at first, he began to prepare the little boy , all of this possible fate.",1.92307692308,-92.06428527832031,-4.603214263916016,34.83573525854591
"My German is working like a dream , like a brilliant robot , you turn and step back and admire , because it is all the hard work .",2.09090909091,-129.0735993385315,-4.4508137702941895,60.75682525776503
"Jess - her blunt with Samson's hand contact , because she coiled round - bite him one .",1.2,-139.97530937194824,-6.998765468597412,8.185797336284566
"A good deal , gave me the feeling that I have been for a good seven-day Bahamas itinerary . ",2.09090909091,-112.20950269699097,-4.878674030303955,19.99725737556426
"Skiing, because it is excellent for horizontal jumps , the Mavericks get stretched and you posture, balance and coordinated development.",1.75,-155.51766157150269,-6.220706462860107,12.586053303290583
"On this site on any earlier round of pit However, both have been pulled down and rebuilt , or expand into new wheels.",1.85714285714,-147.0619559288025,-5.8824782371521,35.13073899167003
" North Harbour coach Brad Meurant , said: """" Everyone is helping his teammates .",3.78571428571,-111.47316122055054,-6.557244777679443,27.303583052377718
"Martha has leaped to the top of this slot , Shell second and Glaxo third .",3.47058823529,-120.22845268249512,-6.011422634124756,-2.270301356224408
Height inflatable originated in the upper mantle magma eruption produced a small shallow pit called Mars .,1.4,-123.96037006378174,-6.524230003356934,34.60380029700306
"Long-term economic growth, changes in the expected rate of return risk .",3.14285714286,-66.13124370574951,-4.408749580383301,25.410933099054546
She stood at the door of the elevator with other visitors at the hospital 's main entrance.,4.0,-75.34974789619446,-3.965776205062866,49.11217857394148
Similar picture emerges in the female laborers between the total income distribution.,2.0,-83.6934323310852,-6.4379563331604,18.515894270094833
Lawyers and Legal Executives Society appropriately qualified researcher.,1.75,-83.24975967407227,-6.9374799728393555,-0.4648648535777653
"They also improve the health and social services, the quality and quantity requirements , the eradication of poverty is all about.",1.42857142857,-105.89918518066406,-4.412466049194336,50.17749820154211
"This command must be submitted to Parliament and December 6, 1977 , where the debate .",1.27272727273,-94.36011171340942,-5.550594806671143,26.45433542676669
"Yes , well, I always thought Augustin in his thoughts is a bit simplistic, """" said William , waspishly him , as if talking about a rival academic .",2.5,-194.29491138458252,-5.7145562171936035,28.26473539598652
Brazilian military trainer aircraft and small civil aircraft export success is quite different origins .,1.46153846154,-119.17778778076172,-7.448611736297607,16.06029015615144
"My people, it says , why should we bother .",2.5,-55.786975383758545,-5.071543216705322,16.479514013562408
"His Royal Highness the Queen 's flight of the aircraft, and took Mrs. Harry Cotterell.",1.0,-100.01798439025879,-4.348608016967773,30.09340985407613
"In the last two years of the war , I was in orbital stations and access each one squadron of my endless pursuit of Pathfinder .",2.0,-146.09956550598145,-5.619214057922363,29.638622249788767
EC does not care about their national health or education policies.,4.0,-47.55007553100586,-3.9625062942504883,47.388481085120276
"Leader makes all the decisions and problem description , I hope they obey no doubt .",1.42857142857,-95.63670349121094,-5.977293968200684,18.426588150504642
Now I understand why they pay Macaulay Culkin $ $ 300 million - he earned it .,4.0,-93.55786323547363,-4.677893161773682,57.867089774704425
"This time there was a competitor facing children invisible window , so that children can see the chocolate each test .",1.25,-133.06547212600708,-6.336451053619385,17.818747549397244
"It is this string format , we are now open .",1.8,-64.68643712997437,-5.880585193634033,6.893219885145783
"He approved and registered with warm tears when the rebel Achaeus Antiochus III , was brought to his """" hands tied """" ( 8.20.9 ) .",1.69230769231,-208.34507751464844,-6.510783672332764,7.3929747321820685
"Who is living in the short term follow-up ( mean ( range ) 19.4 ( 10-33 ) months ) of 18 patients , 14 were still alive in 1992 ( 69 ( 61-83 ) months ) .",1.23076923077,-195.77589511871338,-4.3505754470825195,94.61968233269272
"The second method , you can in a foreign language too is a very effective strategy.",1.25,-86.20426988601685,-5.0708394050598145,22.092688943920805
"He took the gun and went to the door , check the carriage remains securely tied .",1.375,-92.3073787689209,-5.429845809936523,20.639795249459226
"There are a lot of envelopes and writing paper fingerprint smudges , the only part of Maureen and her father. ",1.64285714286,-130.5221071243286,-5.020081043243408,17.724427447912234
"I do not know how many species of trees , perhaps over 1000 .",3.76923076923,-60.00839614868164,-4.286314010620117,34.842184653909015
"Front sliding window , original fireplace , built in single wardrobe , radiator , power points, stripped wood flooring.",3.0,-128.91754817962646,-5.859888553619385,38.31532733919914
"The level of HIV infection worldwide is expected to rise to 2000 15-20,000,000 , including at least three-quarters of the developing world .",3.07692307692,-103.7100932598114,-3.345486879348755,72.45910977052827
The result has been a few years ago to destroy each dispute progress in health care .,1.35294117647,-99.9102053642273,-5.877070903778076,19.314731274031047
" Wars Housewives ,"""" a drama of escape is over, it is less than a minute and a half .",1.6,-118.56385231018066,-5.389266014099121,21.745962693481175
Laughter in his eyes sparkling as he met her belligerent stare .,2.0,-72.61580085754395,-5.186842918395996,18.585961961044802
"They are just minutes away from the train station , the service is frequent .",4.0,-64.56575632095337,-4.304383754730225,31.304782215401957
"Perhaps the most significant of the three boxing 's all-time greats - Ali, Robinson and Armstrong - born in comfortable circumstances .",2.25,-121.73202610015869,-4.508593559265137,70.98390361145263
"Halifax Building Society , bombers have put their equipment , it is now a pile of rubble.",1.46153846154,-111.23605823516846,-5.85452938079834,14.411432369521648
Michael Ryan found between deconstruction and Marxism reconciliation .,2.07142857143,-80.3915786743164,-8.03915786743164,5.86535578685708
There is no other quite like Oxfam catalog Christmas catalog .,2.15384615385,-85.6465072631836,-7.137208938598633,6.322629205330628
"Unless there are more resources to pump , how is this going to happen , """" she said.",3.4,-86.63425493240356,-4.55969762802124,44.641290467640175
This is a way of thinking and behavior .,3.18181818182,-37.811426639556885,-4.201269626617432,12.242192511961584
" """" Yes, """"she said, simply, a few minutes , they studied each other.",1.46153846154,-99.43043231964111,-5.5239129066467285,27.910039866937908
"In a slow surface, two consecutive kills bowler , batsman unwilling to take risks, to break their lines .",1.6,-138.52229356765747,-6.022708415985107,23.238063766814406
"It was Saturday night, they may not come.",2.875,-45.09267807006836,-4.509267807006836,20.46520494529996
Throughout the discussion of the information provided by the other site is confidential .,2.25,-65.98373317718506,-4.713123798370361,25.59591172851553
"Prime Minister can not safely entrust its consideration, because once developed , these rules will affect the daily lives of 560,000 Britons .",3.35714285714,-136.72602081298828,-5.063926696777344,57.348348558404865
"Somewhere in the silence between them began to emergency calls , continuous loop .",1.25,-101.18898010253906,-6.324311256408691,-1.1362432186432727
In some cases remind ( including written and telephone ) .,1.1875,-82.95224714279175,-7.541113376617432,-4.651010975535513
"Montagu ( 1976 ) has pointed out time and time again , war needed social activities without any internal state relationship aggression .",2.4,-151.93850326538086,-6.330770969390869,28.002787185430975
"This , then, is the theory - but how does it work in practice ?",4.0,-54.40104675292969,-3.4000654220581055,45.860823985607524
"However, things may be exempt from those just over the limit angle looks quite different .",1.64285714286,-100.66275548934937,-5.9213385581970215,26.049480442528164
"Repeat what they hear , women's rights claims something called the """" Salvador democracy"""" is in danger .",2.0,-126.805419921875,-6.34027099609375,19.668875082483993
Thomson Travel including airlines ( backward integration ) and travel chain ( forward integration ) .,2.5,-99.67392492294312,-5.8631720542907715,39.24476337073014
Methodist student has been appointed a new pastor.,2.63636363636,-54.73030090332031,-5.473030090332031,13.963629971359737
London's historic little house can still be seen as their purpose.,2.6,-62.72035455703735,-4.824642658233643,29.550978024075746
I summarize the clinical characteristics of these patients .,3.57142857143,-41.55598783493042,-4.6173319816589355,22.758708100466023
"Further information from the SS Lange , RSC, Burlington House , Piccadilly , London W1V 0BN.",2.8,-123.4653115272522,-4.938612461090088,22.528361606684143
"Yalishihe 's reaction , often abbreviated as """" Herxheimer reaction , as the proportion of cases , the initial dose for the treatment of syphilis.",1.4,-191.40730953216553,-5.629626750946045,5.940809493287503
"Ideally , this will not be those who give them the necessary , if there is a vision and support the financial work .",1.69230769231,-131.86742067337036,-5.2746968269348145,15.577921015402325
"Looking around the room , ancient, old furniture , I realized that Herbert must be very poor.",2.28571428571,-97.75145721435547,-5.144813537597656,31.30549948100662
They will be joined by John Tierney and John Kerr .,3.64705882353,-49.258615493774414,-4.104884624481201,34.82438938815804
"However, this trophy sitting in Jim 's office in Peel Park , will stay there .",3.6,-114.90147399902344,-6.383415222167969,19.082535084893124
Leeds and Swiss Protein database search did not homologous with any other protein to detect any significant similarities.,1.375,-114.03591537475586,-5.183450698852539,51.0869423295799
"Ranchers , who see themselves as guardians of the west that grazing and feed produced economic stability of the country.",1.46153846154,-124.32077360153198,-5.4052510261535645,28.6543468055292
"In the fourth century , the man was buried here .",4.0,-55.003488063812256,-5.000317096710205,9.719636620961424
"They began to question , they began to dream. ",3.53846153846,-50.8849081993103,-4.625900745391846,9.816373998107515
"Steve Jones ( Jones zealous Christian , he said, particularly in relation to ) : """"Many people simply uncomfortable, some of the"""" super- religious """"No matter how you call it .",1.5,-229.3258991241455,-6.0348920822143555,37.131844307776646
"Lorne plateau formation of Devonian andesitic lavas and tuffs , with contemporary Lagalochan invasion and mineralization is not integrated overlying Dalradian schist .",2.25,-260.5428829193115,-7.237302303314209,-34.72321266785272
"He looked up at阿瑟尔斯坦, his face filled with pride.",1.8,-94.02821159362793,-3.917842149734497,-20.760972555142658
"She is used to driving a luxury Saab this time, although she was quite frightened first responsibility .",1.42857142857,-108.41440200805664,-5.420720100402832,28.8932673027615
"We want to give children positive memories, they can learn from difficult times at home to build a better country .",3.64705882353,-95.8291244506836,-4.355869293212891,57.49898729040538
"Motorola Gets Off in the battle with old rivals , the price POWERPC price beat Pentium gloves",1.46153846154,-154.64613914489746,-7.732306957244873,-7.302506714695056
Thought a lot about this issue the popular assumption that it is wrong .,1.85714285714,-77.14194774627686,-5.142796516418457,13.956052499863176
"Mutalibov said that from his hiding place in Russia, """" Izvestia"""" , allegations of political persecution.",1.69230769231,-119.92391967773438,-4.996829986572266,19.259389646235064
Commercial Union market model to explain the return rate of 25 % of the variance .,2.6875,-90.8631820678711,-5.678948879241943,30.88675948079954
"My claim , I assure you , will be our common interests. ",2.63636363636,-67.97887897491455,-4.8556342124938965,16.30002555871293
"Only in the Gospel of John , he makes an interesting curiosity and profound statement .",2.07142857143,-77.39927673339844,-4.837454795837402,30.20465750896429
"The day they return home repair and construction work, in an army base in Omagh .",1.4,-95.20170021057129,-5.288983345031738,25.079454369168573
"Best Hotel which are all first world ordered calm : state of the art swimming pool , satellite TV and a chocolate on the pillow at night .",1.92307692308,-167.0835838317871,-5.967270851135254,34.153800527408805
In an area of four pavilion roof burned.,1.5,-69.03729438781738,-6.903729438781738,-3.1839236142231613
"I find it strange , extending the hand of friendship and economic cooperation between our countries the same mass extinction threat.",2.0,-116.172194480896,-5.280554294586182,41.42832769458724
"Building was converted into a gallery , and successful bohemian arts by the FRANTISEK CuBr and Joseph Pilar, in the 1960s .",1.81818181818,-175.59436321258545,-5.664334297180176,-1.499241504829115
But another part of the opposition simple idea that she is someone else's wife cried out .,1.1875,-95.63822650909424,-5.313234806060791,25.262917203935274
These issues or investigations are expected to be diverse.,4.0,-47.0417594909668,-4.70417594909668,22.999170024828942
August 1975 and December 1978 among five COS-B satellite observations 2CG342 - 02 and prepared for the tenth strongest γ -ray source .,1.5625,-205.8056402206421,-6.860188007354736,17.44598249460583
"We sent a rescue team , because we can as soon as possible , but it was too late, """" he said.",1.5,-101.0918083190918,-4.212158679962158,60.65496451270454
"Not like a Saturday night , though not really . ",2.2,-59.466415882110596,-5.4060378074646,3.4455860883580485
"I should add that in the debate , he also invited my attention , 5 ( 7 ) , I will refer to :",1.5,-125.68640899658203,-5.236933708190918,30.78238459622949
"On one occasion, I'm glad I copy, mirror image, in the image at the top and bottom of a group .",1.21428571429,-108.40963125228882,-4.336385250091553,42.608442592245325
"Since then , the double helix path is clear.",3.57142857143,-57.384902000427246,-5.216809272766113,15.625059805191896
Sun also prepared eight SPARC desktop scorpion in Sunworld show launched on May 11 .,1.46153846154,-136.15422534942627,-7.564123630523682,2.3589573769182266
"Therefore , political and economic accounting costs and benefits of soil and water conservation programs outside the area directly affected other potentially relevant .",1.375,-139.09600067138672,-5.795666694641113,48.21321882420196
He further agreed on the need to re- neighborhood police station and put more emphasis on community policing it ?,2.0,-107.42800283432007,-5.11561918258667,43.52273405513088
"Since then, it has been keenly followed by as many full-length TV shows.",3.0,-67.35558557510376,-3.7419769763946533,49.71628844019732
"Mailed surveys to not return , and refused to be interviewed .",1.25,-73.64900398254395,-5.665307998657227,7.916625880623684
I ran dangerously close to the edge twice dazzled my eyes and drooping eyelids .,1.2,-86.92664337158203,-4.829257965087891,34.62376197951802
"This operation will eventually involve from at least nine countries, more than 35,000 troops .",1.9375,-80.58060550689697,-4.476700305938721,44.40980670376641
The user interface will no longer just a requirement of physical or marketing department USL.,1.75,-110.2381591796875,-6.889884948730469,13.385843430663286
"Of course explains how to resolve before the game , it is worth looking forward to is what makes a sailor to go faster than another .",1.6,-142.63136959075928,-5.2826433181762695,44.38572788121087
"While watching his features , if they've carved from stone , something stirred deep in his eyes .",1.46153846154,-112.77881526947021,-5.935727119445801,18.039616270470106
"However, in these two issues, the situation has undergone a fundamental change, compared with 1979 .",3.78571428571,-77.55454397201538,-4.081818103790283,55.7606819562302
" I can not hear any sound, """" the priest said angrily .",3.8,-67.80469083786011,-5.215745449066162,28.333738665803224
We may never know the exact number of deaths .,4.0,-36.12705707550049,-3.612705707550049,32.34949809213617
"17 April and 18 May , respectively, were rejected .",3.76923076923,-51.04126787185669,-4.640115261077881,27.125526275212593
"Women , Art and Society is a comprehensive work has been progress in the 20 -year-old women and the visual arts.",1.6,-128.70583534240723,-5.148233413696289,22.540090819426098
He paid no less than 22 established only in Pembrokeshire charity school.,1.6,-91.8136625289917,-5.100759029388428,11.807607273290103
"Soil pipe bending deformation during the earthquake , though they were stranded copper wire .",1.5,-119.05346870422363,-7.003145217895508,10.09698673248863
"Within a few days , his campaign , he already knows , this ' new Pentecost ' way to achieve Ecumenical Council .",1.8,-134.23605966567993,-4.971705913543701,30.64806003543731
To follow Jesus as a disciple means that we also face opposition like him life.,1.64285714286,-94.17134094238281,-5.885708808898926,22.12825799513847
"He ran into the damp turf wheels , machine crumpled and fell to his knees like an animal shot in the chest .",1.52941176471,-118.50301027297974,-4.7401204109191895,48.006501699732155
"Jenna stopped angrily confront him, but before she could speak he tilted her face with a strong brown hands.",1.23076923077,-118.11253356933594,-5.368751525878906,45.270688653126626
"Grainne said: """" I look at you , """" gently , """" I do not see funny.",1.5625,-118.17779159545898,-5.627513885498047,28.828353559099384
"The next day, 252 new squadron arrived Beaufighters (T3237) on a Ju88, and be mistaken for the local flight .",1.6,-182.20591926574707,-6.507354259490967,-14.72267660921517
"Carrington looked at sea in the first two hours , fascinated by the Scandinavian night, then went to sleep .",3.30769230769,-111.7505464553833,-5.079570293426514,35.276518639320926
"It was originally developed for sudden infant death records , there is no inspection , but is now an inquiry .",2.0,-111.26461601257324,-5.298315048217773,34.14952081379158
"The composition of your shot rule has grown up, although seemingly random, actually work well in practice one of these areas .",1.46153846154,-140.64391708374023,-5.86016321182251,31.70612937009608
This is a far cry from the gold horizon Municipal Court . ,3.25,-74.68664121627808,-5.745126247406006,9.87463220787879
" Politics in this sense , if I put you in this glass of water in an interview with reporters , it would be a political act.",1.54545454545,-112.96246433258057,-4.183794975280762,55.0053973043637
"Sections 18 and 20 in that the main difference between the failed component , this is a very big difference.",1.5625,-108.1370759010315,-4.7016119956970215,32.084125771613344
Robbie now see that he was a priest.,1.75,-54.74813461303711,-5.474813461303711,3.3367557331537796
"Until a government commission has arrived in Moscow , Boris Shcherbina 's vice president of the Council of Ministers to prohibit evacuated Chernobyl surrounding countryside.",1.54545454545,-165.4268341064453,-5.3363494873046875,55.9106772847376
"Santarem Virgin Mary will always be reunited with their owners , there is a tradition in our family , you know ?",2.5,-123.9254355430603,-4.957017421722412,33.60636825747653
"Since it is a beta version , it's tricky to ClarisWorks star rating.",2.2,-107.9439024925232,-6.3496413230896,4.310563291759195
She had to do was get a good night's sleep .,1.25,-46.16077136993408,-3.846730947494507,23.099998406294702
During the four days of each treatment Intraoesophageal pH value and the movement were investigated.,3.30769230769,-103.2768030166626,-4.917943000793457,13.030913139649556
"All credit Gavin gave me the ball in the end, a little bit of persuasion .",1.42857142857,-87.99875450134277,-5.176397323608398,26.290836883237787
1798-9 prelude to winter in Germany during writing the first draft .,1.75,-90.50582122802734,-5.656613826751709,3.888742781221211
 Criminal trial is not a court leads to the truth.,1.0,-54.92456340789795,-4.993142127990723,19.10549583895113
They came to enjoy the kind of real understanding twins .,1.81818181818,-69.67549085617065,-6.33413553237915,4.81987088802525
"'Harbury criminal acts, """"a voice said,"""" He have any comments ? ",1.5625,-130.98699474334717,-7.277055263519287,-23.885684103746513
"Dustin neat Beatles cut slightly disheveled , with a mole on his right shoulder, close-up .",1.46153846154,-116.61503791809082,-5.070219039916992,25.433192606915895
"The bare facts """" headdress full of straw 'to after all the most absurd poetic word , which means that the speaker's weaknesses.",1.21428571429,-186.4757537841797,-6.9065093994140625,4.519138848940429
" I think this is some weirdo , when I asked who was calling the voice shouted: 'This is mine ! ",3.25,-126.79714965820312,-5.283214569091797,19.712616976925574
" I should not , """" the waiter said , but then smiles .",2.84615384615,-79.29828786849976,-6.099868297576904,7.210118834453482
" Ah , this is not a bad idea , what is it ?",2.84615384615,-44.58170986175537,-3.4293622970581055,31.117421354067915
"He wrote that the beauty of glass , is such that the surface is not covered .",2.92857142857,-77.00652599334717,-4.5297956466674805,20.553537346972732
"Cougars die last used about 8 years ago, in the past its best ; he suggested Mirage similar cougar .",1.0,-158.82297134399414,-6.617623805999756,5.527491822083476
"Brigadier said: """"I still have a word , ' withdrew his head , and opened the door .",2.94117647059,-121.06826114654541,-5.503102779388428,9.74697968226343
"In these days , some of the slogans and ideas , from the """" Democracy Wall """" 1978-79 and received a brief hearing.",1.6,-149.1691780090332,-5.737276077270508,23.190001408831876
"If I got it another couple shilling , no I earned it ?",1.2,-86.23101902008057,-6.159358501434326,4.144232987919054
"He turned, cold , stiff, anxious to see a young man with blond hair , short hair, worried eyes and face pock-marked .",2.28571428571,-136.4196367263794,-4.70412540435791,44.09135710614768
"To fill the gaps, identifying immediate follow-up inquiries and pay attention.",2.0,-76.46229028701782,-5.0974860191345215,25.27973818840664
"Another team of genetic scientists spray is described as a very exciting development , Dr. Zhu Liya DORIN.",2.0,-141.77707862854004,-6.164220809936523,17.378427117836736
"Old highway yard Rigby Road and rail links , seems to offer an ideal site .",2.5,-110.43853855133057,-6.496384620666504,22.818736751794717
"Chong Jodami wild dancing together last , Jodami discovered a crucial extra equipment while walking .",1.5,-158.2531614303589,-7.53586483001709,-13.175886655608593
You can see the coexistence of private affluence and corporate poverty ?,3.57142857143,-71.5235595703125,-5.10882568359375,21.291501565466604
"Jay drawled phrase , as she waded through pubbed and pestle hung over morning coffee and endless cigarettes, """"I am a night owl , honey .",1.85714285714,-185.96487426757812,-5.811402320861816,39.30399476805937
"No and controversy that Cadfael, watching from where he retired some anxiety .",1.0,-125.99726867675781,-7.874829292297363,-29.407559013258037
Ardakkeans say is that most life-threatening superhumanly strong and invulnerable .,1.2,-110.98591423034668,-5.841363906860352,-16.7661675674278
"She passionately writes: These words , said to him:",1.5625,-65.26397657394409,-5.933088779449463,8.202564590357753
Villagers fight to stop the sale of the ancient common,3.07692307692,-53.04587650299072,-4.822352409362793,21.324754953763517
"Road , which seems a very long way to go , but I only have to walk a kilometer away across the fields on the farm.",2.2,-109.60379695892334,-3.914421319961548,60.27963824881385
"Notes from the underground and it is precisely such a fable, invisible consciousness.",1.9,-88.16242218017578,-5.510151386260986,14.706217587637127
We got our crew and Robin sitting in front of our rushes.,2.61538461538,-66.77214288711548,-5.136318683624268,27.77204277719767
"Saddam is expected in the West humiliation, anger , the Arab masses to rise up against their pro-Western leaders.",1.6,-124.16939735412598,-4.966775894165039,33.48411000151148
"Some of America 's most powerful people are worried sick after New York's most notorious lady, an address book, belongs to theft.",1.5625,-140.11935424804688,-5.189605712890625,59.64318719629361
"Science Museum director , Neil Cossons , confident you can restore the old number.",1.85714285714,-106.73925971984863,-6.278779983520508,15.891397499027534
"However, take special reasons, such as illness missed exam retake exams are usually allowed to count to win the full mark .",1.64285714286,-150.32504653930664,-6.263543605804443,44.077667442459756
"Comparing the electrical systems - Part 1 ( November 1991 No. ) of the pure string phone , it would be a good exercise.",2.0,-155.05999660491943,-5.742962837219238,31.538881181624873
"AID trip , giving her pupils in a third world poverty and fear",1.21428571429,-97.95235538482666,-6.996596813201904,-1.3634485782254586
"She noticed his fingers trembling, her anger subsided , replaced , not by a wild optimism of hope.",2.125,-122.15211153030396,-5.81676721572876,18.96172647852171
"In quantum mechanics jargon , this choice behavior is known particles obey statistics .",1.6,-103.86422634124756,-7.418873310089111,14.350930735349351
"You can manually format your spreadsheet , or design your own speedformat program .",3.625,-86.34399175643921,-5.756266117095947,29.633737168167514
"Him to arrange more actors to the crew of some private pocket money , and the film to his assistant.",1.23076923077,-132.98191356658936,-6.044632434844971,4.552806293073729
", CELIA almost welcomed the idea of going to work .",3.11764705882,-69.51492547988892,-5.347301959991455,4.876485032595895
"I can only assume my name respected associations, he thought it might quell criticism of what might be called Athenaeum sector .",1.92307692308,-146.1214475631714,-5.620055675506592,28.622017444848836
"It so happened that on the 5th Air School from the mine during the Boer War Churchill hiding not far away, """" Clifford recalls .",1.6,-172.612455368042,-6.164730548858643,31.66922400133066
"I really enjoy working with digital things , such as how much I need to buy wallpaper or carpet",2.3125,-95.32593011856079,-5.017154216766357,48.54728437012747
"Test in the future not only easier, but it should also be cheaper.",2.25,-53.67893099784851,-3.5785953998565674,40.45976067758106
"Then , I turned the picture round , and complete other parties .",1.0,-79.35645818710327,-6.104342937469482,0.59942765654678
"If so, they can share our knowledge, do they ?",1.92307692308,-55.76363182067871,-4.646969318389893,24.579259949106188
But there is something similar in the Sun .,3.53846153846,-40.51100778579712,-4.501223087310791,11.941438845127315
U2 last night unveiled its stunning new video interference in a spectacular ceremony in London Planetarium ...,3.07692307692,-115.92218589782715,-6.101167678833008,49.99237352768637
But Mr. Liggett hopes to lack of space does not result in the future tombs constraints.,1.69230769231,-114.3273286819458,-5.196696758270264,12.653019114360475
"Who gave me advise my social worker asked me if I wanted adoption or foster care, and I said culture ( white series ) .",1.0,-138.17840957641602,-5.314554214477539,55.666481035182585
The results clearly show that adult asthma population high prevalence of esophagitis .,1.92307692308,-78.85430145263672,-4.928393840789795,30.124096065227192
"For this reason, it is really only suitable for the manufacture of plywood, it was very successful.",2.2,-75.31183218955994,-3.586277723312378,50.36454602369177
"But I guess they 've got something to point , if they have already established a good road and rail. ",2.0,-115.03323078155518,-5.0014448165893555,27.72878618902385
"You can tell the disciples do ? """" One reporter asked .",2.125,-85.06157684326172,-7.088464736938477,4.80987808251524
"Tom Frode, teak Knut and Tony waiting for us to arrive.",2.58823529412,-91.31147766113281,-5.706967353820801,13.059854966189022
"White line , indicating that the body's energy to the electric force can be transferred into a crystal",2.75,-95.61294794082642,-5.032260417938232,33.66630282887485
Gifts with minimal resources to create a comfortable environment.,3.4,-58.43967151641846,-5.312697410583496,20.965644603363913
"U.S. networks, want to do a television interview .",3.57142857143,-59.613598346710205,-4.5856614112854,11.289141990412887
"Guinness engaged in medical research, health , youth , environment and conservation , employment and business confidence , education and arts organizations to provide financial support .",2.75,-183.05265426635742,-6.312160491943359,23.751336952197335
"A group of Muslim extremists believe her story , the result was terrible.",3.1,-78.24189758300781,-5.588706970214844,20.642786179142007
"Rain will open their campsite mud, fill the reservoir Famagusta .",1.35294117647,-96.92146301269531,-6.057591438293457,2.6730498734592487
"The second workshop , design, Napier Polytechnic , design validation event to prepare college staff .",1.25,-131.194429397583,-6.55972146987915,6.517961893171105
Question can be asked Speaker ( see below ) or just throw the players who ( or just throw ),1.0,-112.24735260009766,-5.612367630004883,34.56704796084745
"The second limiting factor is immediate, but the greater the potential impact .",2.0,-71.65484428405762,-5.118203163146973,22.057955291052494
"In my opinion, she makes all the rules of the game , I'm just still be responsible for implementing .",2.15384615385,-102.40719318389893,-4.654872417449951,32.78938931119632
"After the nest , the male looking for a female .",1.375,-58.43509769439697,-5.312281608581543,9.582545204205118
The government has planned the inverse process of investment projects through afforestation and sustainable development .,3.07692307692,-100.74993324279785,-5.5972185134887695,22.587297722873146
He does not deign to compare British and French railways .,3.75,-57.55580520629883,-4.796317100524902,28.48054376149439
"Lay the child on his back , his head , and remove any debris with your fingers in his mouth .",1.92307692308,-83.5939793586731,-3.980665683746338,48.89413787754796
"In return , the church cut a little uncertain figure.",2.23529411765,-72.90219116210938,-6.627471923828125,-0.40590456360975224
"However, it is almost certain that the offer will be rejected.",4.0,-32.167312145233154,-2.4744086265563965,50.09433693473835
"Stoop said Mr. East Germans recently discovered their own strength, without success , Mr. Krenz restore the credibility of the leadership .",1.23076923077,-154.52257537841797,-5.51866340637207,25.966020228681316
Leicester is the distribution of the county's unique from bladder cancer in cash rather than accrual .,1.0,-121.5502552986145,-5.788107395172119,15.962644295141871
"It will look good on the beach , under the roof a nice shirt or jacket the next night 's work.",1.25,-111.38154077529907,-4.842675685882568,42.493053542960894
"They also see the traditional and modern Chinese history , literature, philosophy and religion representative works.",3.35714285714,-98.99406909942627,-5.499670505523682,28.96791561218653
He said that his friends would like to know his secret .,4.0,-50.47972869873047,-4.206644058227539,20.786691128675187
"If you do that, then it's just a man executed , because Jesus' greatest miracle .",1.6,-93.46844100952148,-4.919391632080078,31.18339748530255
"She kicked things in the dark , and briefly stopped to pick it up .",3.4375,-69.07424211502075,-4.604949474334717,25.719883871511655
"I just came back from India ,"""" he announced important .",1.5625,-82.0341567993164,-6.836179733276367,-0.38713009026524503
"It is the sort of place where you find a different object of interest , every time you go back.",3.8,-78.94998121261597,-3.7595229148864746,52.37250042654631
"McLaren maintain their lawyers, are reticent Ferguson gregarious.",1.21428571429,-91.6423487663269,-6.109489917755127,-4.017739593911841
She vicar before departure of the last attempt .,1.0,-71.3238525390625,-7.13238525390625,-7.956685566702703
Airshow : The famous Red Arrows Southport Airshow provides a grand finish .,3.57142857143,-102.79322052001953,-6.424576282501221,15.828835179380135
"Add grated orange peel and juice , eggs , sugar , cornstarch and ginger .",3.75,-77.18954658508301,-4.288308143615723,49.671755145384
"Path led them stood there, its stone flags worn and broken , its hidden progress here and there of moss and weeds .",1.46153846154,-146.13365936279297,-6.088902473449707,36.60342530644982
"If there is a referee younger than me , it proves that there has been a real courage .",2.25,-85.88845252990723,-4.520444869995117,41.070240873047894
"Minimum package : some packaging design, in order to reduce waste in the manufacturing process .",2.4,-78.02867317199707,-4.589921951293945,47.89410029377703
"Chicks in Cranston before the race , jumping up and down .",3.2,-73.28000164031982,-5.234285831451416,10.678492743068858
"I have to peel potatoes MATEY, you have to take the evening surgery, and prepare for your guests .",2.75,-130.10558366775513,-5.656764507293701,11.42201924002893
"R4 morning , DON Howe said it might be another candidate to take America into the new year .",1.0,-118.90890121459961,-5.9454450607299805,19.380800218568226
It is the Holy Spirit to arouse the people to pray Messiah methods.,1.54545454545,-76.87225341796875,-5.12481689453125,24.355209929419416
I'm just sick of wandering and reporters want to know her business.,2.4,-76.24429512023926,-5.44602108001709,17.12966417516529
"Or, if you walked into her kitchen and interference.",1.42857142857,-58.28647994995117,-5.298770904541016,14.85616804509013
"However, by 1976 , the local council in east London to publicize the advantages of industrial sectors .",1.6,-109.3553638458252,-5.46776819229126,29.02037119382925
"Japanese banks operating in London accounted for 28.5% of total loans , from London , in 1991 , 15% of U.S. banks , other banks 40.7%.",2.15384615385,-151.4465847015381,-4.206849575042725,56.706559001738185
"'I'm going to die a cup of tea, """"Charlie announced .",1.0,-81.0842514038086,-5.405616760253906,11.783708091605007
"Catherine's mother had to go home the day before, they are due to leave.",2.3125,-70.86196231842041,-3.9367756843566895,36.7668446283471
And hope in the finals for the Twickenham meeting either Kidderminster Carolians or Hitchin .,2.28571428571,-128.11809253692627,-6.100861549377441,-6.441770065091774
"This is a Swansea City Council 's decision Judge Michael Evans QC appeal at Swansea County Court Feb. 6, 1991 .",2.25,-130.7647361755371,-5.448530673980713,76.44985211286962
"A sense of well-being , transformation and enlightenment , penetrate into very marrow of his bones .",2.5,-108.39363956451416,-5.704928398132324,12.4768672656121
"- A control sample of respondents who have all three characteristics , a quarter twenty-three .",1.42857142857,-104.20770835876465,-5.7893171310424805,10.369568579539475
Want to know why you - but I should thank Ma mibbe,1.27272727273,-83.49507522583008,-5.963933944702148,11.129308935820717
"A bit thick book, details of the Bernese Alps important area swept by the previous book .",1.64285714286,-122.90078687667847,-6.4684624671936035,13.595653001627056
"Perched on the roadside speakers booming out , thunderous bars and shops , every corner has its own sound system.",2.8,-123.30911016464233,-5.361265659332275,47.2701166990023
"Early , intense honey flavor, lovely flowers, golden yellow interior, but the pure gray-purple , dark stripes on the outside .",1.6,-150.98586702346802,-5.592069149017334,29.147986310353616
"Young people's knowledge of the harmful effects of smoking are quite large, those who take to quit smoking do so purely out of ignorance .",1.75,-114.65377521514893,-4.24643611907959,81.2286592909442
"Then they do not say where they are , if they are wise.",3.76923076923,-53.62272930145264,-3.8301949501037598,32.01575986324575
Series of annual revenue grew 24 percent to $ 1.6 billion .,2.07142857143,-55.670095920562744,-3.976435422897339,52.345470941467056
Gwyneth Dunwoody said that we secretly dismantling health services and outsourcing Roy Hattersley garbage collection old people like haltingly .,1.46153846154,-202.53624200820923,-7.501342296600342,-11.372430807009238
"May be a person for another woman left his wife and children to get off, no scars do ?",1.0,-113.02156448364258,-5.651078224182129,21.080579419218594
"If the French should take them to see if they point out men, they might send them to their care .",1.92307692308,-97.21216011047363,-4.418734550476074,44.80253719751303
"Cats Protection League Bazaar , Parliament House , the Royal Baths Assembly Rooms, Crescent Road .",2.25,-119.39953804016113,-5.969976902008057,25.087561480062334
"Their findings are worrisome impact 600,000 people have been affected by the release of radiation considered .",1.85714285714,-102.03333187103271,-5.370175361633301,29.538308400621418
"After a consequence of these factors has led to community care at times defined as """" ambulatory care """" ( Parker, 1990 ) .",2.75,-129.01488590240479,-4.962110996246338,70.46843952118766
" Viol attempt stopped , but the driver ignored him .",1.69230769231,-55.72281837463379,-5.572281837463379,17.639720992858884
"Graphical programming tools , application programming interfaces and cross-application macro facility will also be provided .",3.72727272727,-101.22223472595215,-5.327486038208008,45.383858903054346
"Third, the uncertainty surrounding the future of the industry now .",3.2,-50.34763526916504,-4.19563627243042,24.666557909803515
"If he did not, because everyone knows , one hand raised , and led Arab armies against the Turks ?",1.46153846154,-106.26133060455322,-5.060063362121582,46.415747995590124
"Allocate staff and closest cooperation between the various units managers is essential , both in planning and scheduling vacations.",1.8,-130.80946254730225,-6.229022026062012,26.52896002574849
"There is no strong criticism , there is no convincing evidence , there is no sign of learning, from a lost decade .",3.25,-99.01469421386719,-4.125612258911133,56.441913969752136
Surgery and death is defined as the period between the survival time.,2.07142857143,-67.23533725738525,-4.802524089813232,23.148174649739886
"Tadgell , aged 32 , rented a unit in Australia and Joanna , her progress from a cleaner waitress in the casino .",1.42857142857,-166.6155195236206,-6.170945167541504,12.048996191363216
"Their business moved Daurog, eyeing Tallis the night before with the same trembling cautious.",2.07142857143,-130.9714961051941,-6.8932366371154785,-11.329830450482746
I have asked my friend from Scotland Yard to help .,4.0,-52.878276348114014,-4.8071160316467285,24.724540327912436
"Mr. Jenks forward along the corridor , angrily glared at him , and the children fell on both sides without any complaints.",2.07142857143,-122.60793447494507,-4.904317378997803,45.03026232104091
"Your detective detective story , of course , to seek information .",1.2,-69.48574447631836,-5.790478706359863,9.226683155860457
"In the seventeenth century , the new Dutch Republic was the only major force expressed widespread use of this method .",1.64285714286,-110.62201881408691,-5.028273582458496,32.13547020377834
"So, you work in a group photograph of the political pattern and meaning ?",1.92307692308,-88.7696099281311,-5.91797399520874,7.601833646206288
"This is not lived in villages , when people know their great-great- grandfather was a horse thief or anything like past .",1.0,-130.34201860427856,-5.213680744171143,27.73316398958471
"Crystal that Berg was a newspaper reporter , and she assured the rain : """"I did not tell him your story destroy something MI killed MacQuillan.",1.81818181818,-195.03134393692017,-6.2913336753845215,17.006315818024007
"Another street , between north and south , and also runs approximately north Ryknild Street branch Tiddington Road",1.4,-135.94919109344482,-6.179508686065674,10.171795780653724
"If you want to use their bathroom facilities , I feel very free .",1.0,-67.8232011795044,-4.8445143699646,26.13377626088753
"This is done to improve people's knowledge , beverages and weekly limits, and the link between alcohol consumption and health and fitness strength.",3.07692307692,-123.21628952026367,-4.73908805847168,65.69341514924741
"When the Indians to hunt , whether animal or rival Indians , their firepower is fatal.",1.25,-112.6555848121643,-6.6267991065979,15.582898404508342
"Speak louder than words , but only when executives are willing to listen, willing to be persuaded.",2.6,-91.00537300109863,-4.550268650054932,43.88866649167497
"In the previous decade, the city of London and other major cities recorded a huge population losses ; cities lost or experienced only slow growth .",2.4,-120.98321342468262,-4.480859756469727,74.14915391913038
"Three women said that from the male boss, they do not get enough respect .",3.2,-70.3062515258789,-4.394140720367432,35.281778884441295
" 86 ' after the demise of our great team , we have established a period of sand castles - they're crashing all the time.",2.2,-132.25458335876465,-5.086714744567871,57.35722999054286
Wrong shocked polite and curiously uplifting to discover that not everyone in the establishment of such Fagg colonel .,1.42857142857,-149.1881923675537,-6.781281471252441,-0.10212774519970935
Each of six trees in Switzerland is in poor health - double signs recorded eight years ago.,1.75,-95.67892742156982,-5.31549596786499,47.550821188317656
"Left: painter and decorator Kevin Barton latched into this early 2 lbs 14 oz plaice in Lepestone point during the session, in New Hampshire .",1.92307692308,-212.04498291015625,-6.626405715942383,21.95462578418997
"It is estimated that 65% of the transaction is the spot , the other forward transactions .",1.46153846154,-90.90571117401123,-5.050317287445068,20.228104074091107
This is a necessary qualifications bar for later recall .,2.3125,-70.05484580993652,-7.005484580993652,0.8881633746944289
"' Here he comes, look out of this guy. ",2.3125,-57.73532295227051,-4.811276912689209,12.726103155527895
I hope you is not gon NA have a fit.,1.0,-74.67627286911011,-6.78875207901001,6.127327113538286
Effortlessly give children the skills necessary to perform simple math functions ( with the four rules ),3.07692307692,-101.71056747436523,-5.085528373718262,35.88028761528315
"After I had my tea , I'll go to sleep.",2.0,-50.8388729095459,-4.236572742462158,20.455999667947054
"Integrated tourism projects , including purchases of barley , into the laboratory , soaking, germination and malt kiln schedule .",1.0,-164.09619140625,-6.83734130859375,8.882026675748847
"Then she jumped up , along the path the game.",1.54545454545,-69.72665786743164,-6.338787078857422,0.11622671633782033
"I do not want to be a superstar , I just want to be able to play well .",4.0,-54.788318395614624,-2.8835957050323486,61.962670398014126
"The largest ship registration authorities , Lloyd , ship fire, killing 159 people died two years ago in the United States being sued.",1.27272727273,-160.36618947982788,-6.414647579193115,32.83863668400832
"This is not to deny , of course , in contemporary society crime and violence is an important social reality .",2.84615384615,-85.69768238067627,-4.080842018127441,48.66384564014567
They strung between two palm trees and a net cut short a vibrant one four side volleyball.,1.0,-118.72984170913696,-6.248939037322998,24.315264365519766
"Cooperation Administrative Structures, heavy co-ordinating different agencies , in any case , would tend to suppress unorthodox .",1.6,-153.25313186645508,-6.385547161102295,-5.629217042064823
"We walked solemnly around Gloucester Cathedral hospital , and he told me about his childhood.",4.0,-88.4919376373291,-4.9162187576293945,30.345599807255752
"Within a few days I plan to write , noting that a reasonable ( British Standard ) day dawned .",2.92857142857,-112.50403690338135,-5.357335090637207,31.405467346077614
"Whether this antibody has a direct pathogenic significance , Wegener 's granulomatosis , remains to be determined .",3.0,-111.78570985794067,-4.471428394317627,33.40202984546502
"Event has been widely television and newspaper advertising , and promote civil rights march on August 24 from Coalisland Dungannon .",1.5625,-160.19054651260376,-6.40762186050415,14.941117773585802
"It contains a comprehensive index , the magazine features in our popular , step by step cooking series, Success Tips Recipes indexes and index.",2.09090909091,-161.39781379699707,-6.207608222961426,40.82037373160571
"Seeds, of course , more rich in nutrients than any fleshy coating.",2.3125,-81.93688201904297,-5.1210551261901855,20.39034657394322
"Fishing attributed to contamination of fish decline , in some sections of the Severn and Avon .",1.85714285714,-117.24186897277832,-5.862093448638916,9.366053839701678
Rate of change in the practice of obstetric interventions know you ?,1.17647058824,-73.47637128829956,-5.652028560638428,12.725262973115676
"Ultra Gentle Eye Makeup Remover SYNERGIE rose extract, is a light oil-free lotion, soothing properties , 2,99 / 200 ml .",2.05882352941,-177.0271954536438,-5.364460468292236,41.292865709881
"Stewart and Tate more aware of energy degradation , moral and physical , and thus the world 's impermanence.",2.5,-147.17019653320312,-6.132091522216797,1.7309208231594368
This rule is subject to some exceptions ( see Chapter 5 ) .,4.0,-58.55231237411499,-4.504024028778076,33.74060346440206
We are grateful to Ken Byron set up a much-needed drama and dance education magazine .,1.4,-105.07843494415283,-5.837690830230713,21.973854951098602
"This tone , Tom's tape is a scientific analysis, rather than scary bedtime stories .",1.81818181818,-104.11350917816162,-5.784083843231201,23.09260185250345
"Suggested in the debate , this is indeed the strain gnats and swallow an elephant .",1.42857142857,-105.88753509521484,-5.882640838623047,6.173939869059524
Ban Dayaqibo Dr. fly whisk him at the relevant time .,1.375,-119.86680221557617,-8.561914443969727,-24.101294820575532
Both are left-wing extremist Red Army faction (RAF) of former members .,2.4,-79.48148012161255,-4.675381183624268,29.690591485895723
"But in any case , """" - her tone changed again - """" I am very grateful to you for your help . ",3.76923076923,-100.40265655517578,-4.183444023132324,69.81121297131676
"In Stokesley , indeed, neither has a trade , nor the manufacturer , there is no noise or trade dress , and well adapted to retirement is a place . ",1.375,-193.10188484191895,-5.67946720123291,12.268797349951228
"Tickets from Sergeant Gordon Parkin ( phone 091567-6155 , ext 6331 .",2.6875,-120.19799041748047,-6.326210021972656,-4.063028356718576
"You think I'm joking Porsche , is not it ?",1.75,-60.68950939178467,-5.517228126525879,10.413730403334782
They expressed their anger and godly lewd songs resounded Underdown story.,1.75,-121.69167995452881,-8.112778663635254,-9.384082610812072
"Religion: Christianity ( Bulgarian Orthodox Church ) , Islam practiced by Turkey and Japan small Pomak minority .",1.46153846154,-132.94150400161743,-6.33054780960083,34.87289583796036
"Learning skills, such as typing , take a few hours.",2.8,-51.54351997375488,-4.29529333114624,31.62386912189703
Our public phone on the wall by the front door of the corridor .,2.71428571429,-67.33235549926758,-4.809453964233398,19.431704665928294
"Mr. Carpenter said: """" All the victims were elderly and infirm .",3.6,-68.20766687393188,-4.547177791595459,38.77305129359763
Balanced calcium intake means a healthier tomorrow today,3.35714285714,-66.78018951416016,-7.420021057128906,14.034197713963763
"I think I might go to the United States, and to help students around anti- draft camp , """" he said.",2.4,-123.4182243347168,-5.142426013946533,38.63560455813129
"Other people apart from yourself , candidates who may want to consider a fixed schedule is as follows :",2.63636363636,-103.49227571487427,-5.446961879730225,34.73990559118715
"Before that, she realized that her mouth has been formed words.",1.81818181818,-60.60456418991089,-4.661889553070068,30.628985364579364
Temperature : The temperature generally ranges from 72 ° -76 ° F.,3.8,-82.07657814025879,-5.862612724304199,35.692545577864365
"The first one is face sore , began as a red tag.",1.5625,-85.73008155822754,-6.594621658325195,-2.6227626047241728
"We really struggling at this point in time , thinking, """" What are we doing , what we are ? ",2.125,-96.28936004638672,-4.376789093017578,42.45831419968121
I do not think Chris and the band enough time to know each other .,1.23076923077,-69.40109252929688,-4.626739501953125,26.835112704857735
"He describes his own experience , in line with the general description of the usual huge sense of presence , accompanied by a huge side effects.",2.4,-130.01300954818726,-4.815296649932861,49.43056853313274
"It prefers moist , humid , airless place , slightly more alkaline pH of the vagina than usual ( usually slightly acidic ) .",1.92307692308,-137.85966300964355,-5.302294731140137,58.98972115573645
For incandescent incense stick Bongwater安马格努森is even ; Jin Gedeng is a carcinogenic Zippo full flame .,1.0,-236.8374581336975,-6.072755336761475,-83.79456615005554
"But did you know there is a ridiculous program """"You know ,"""" one , in the currency football trivia proved rather less fraud .",1.21428571429,-175.64071464538574,-6.7554121017456055,12.099863672023758
"Now, she has been looking closely , she realized that most of the room in the house has two doors .",2.15384615385,-89.70664405822754,-4.077574729919434,46.72568033381495
"If not all sources of income taxation in an equitable price , obviously there is a reward in the form of income into tax-free .",2.28571428571,-134.0879888534546,-4.966221809387207,35.95731058706065
"He had to go through Mordecai , precisely because he is a Coptic .",3.57142857143,-76.62913227081299,-4.507596015930176,15.91199070220226
But now they are too costly for a free account .,3.64705882353,-57.75693416595459,-5.2506303787231445,15.177563670558243
"Bruce or injured Pallistar , if they have any decent cover, what will happen .",1.21428571429,-104.36757898330688,-6.1392693519592285,17.470130143713064
"But his mother was arrested , and now he was in charge of the rebellion in Poitou .",3.4,-81.04693412780762,-4.052346706390381,30.179365506096076
"But who knows , sir outstanding punch may ride again some time in the future .",1.21428571429,-99.14450073242188,-6.196531295776367,14.114551322387427
He needed it as a duck water required .,1.2,-62.817420959472656,-6.979713439941406,-4.170746303610642
The average household size declined from 3.09 in 1961 to 2.55 in 1987 will continue to decline ( Table 2.6 ) .,3.18181818182,-100.29869747161865,-3.5820963382720947,77.87347096502378
"On behalf of the dialogue form, is a most appropriate mood and theme of the dialogue.",1.69230769231,-91.9711446762085,-5.109508037567139,25.733476850666065
"As one of the prince's choice of women , has its drawbacks.",1.21428571429,-73.1559534072876,-5.2254252433776855,8.487871599191223
"Ferdinand is now at least know a lot of English , whether she said the pen and let him feel important .",1.23076923077,-132.37582731246948,-5.7554707527160645,14.047175548907035
" Act II - Beginners , said:"""" a trembling voice from outside the door .",2.28571428571,-105.16018199920654,-6.1858930587768555,6.922245727144713
Coming and going - there had been too much.,3.14285714286,-37.584474086761475,-3.7584474086761475,30.215244201367128
"Sowing the seeds outdoors in the spring , or plant in the spring , so that the 60 cm between plants ( 2 feet ) .",1.69230769231,-129.15865087509155,-4.783653736114502,52.35604290002874
"To 1925 , Whitaker has become an expert in his field , that Chapman was immediately impressed by his knowledge of football injuries.",1.8,-127.66684293746948,-5.106673717498779,48.49871385453582
"It is a beautiful Lincolnshire month we have, and the Dower House still . '",1.27272727273,-104.02941226959229,-5.779411792755127,8.382220508619653
Real friends My first was a boy called Adam probably .,1.375,-70.98440647125244,-6.453127861022949,7.043660750170332
She was carrying a brush and bucket wearing denim overalls .,3.78571428571,-70.2740249633789,-5.856168746948242,18.45883649964354
"Ministers , do not have a detailed responsibility for decision-making .",2.90909090909,-71.84818649291992,-5.132013320922852,5.928938002109334
"Following year , he had the custody of Rochester Castle .",2.36363636364,-65.62560749053955,-5.965964317321777,12.22349868585978
Leader is essential to ride the cycle of Wirral Country Park neighborhood on Sunday when reservation made Cheshire Ranger Barry Jackson .,1.6,-162.99322843551636,-6.519729137420654,30.24991446673573
This equation is called the fundamental theorem of Riemannian geometry .,4.0,-52.97641944885254,-3.784029960632324,31.408861423032178
"However , there is a tendency to gloss them when drawing the psychology of mainstream it .",1.46153846154,-92.47142457962036,-5.43949556350708,22.540997289489056
"That is cut out for work absolutely , surprised himself , Greg Hocking was one of find yourself drift and to education of valuable these people .",1.23076923077,-202.03065872192383,-7.215380668640137,-16.34822745416932
"New minister , will take over responsibility for the policy of many departments to appointment to the office .",1.8,-98.56649541854858,-5.187710285186768,23.080123544030585
"When I lend arms to Rhun enhance him from his knees to his kindness , clinging humbly desperate of him, and he still hung heavily .",1.2,-201.9264693260193,-6.962981700897217,1.2978994929819123
The figure shows how the A- scale per unit area would change in the reading of the radiometer .,4.0,-99.60951948165894,-4.743310451507568,34.76228579891506
"In fact , the monitoring requirements of many TEC from become too frequent complaint is made .",1.4,-129.30451583862305,-7.183584213256836,-7.837723730288445
"Preparatory work , beginning in September of last appointment of officers in the country two are employed full time to the project.",1.6,-136.35514974594116,-5.4542059898376465,18.40779248398195
"Can reduce this effect, of course , greater than the distance between the trends only , which is moved from the local policeman for centralized policing.",1.42857142857,-155.82858657836914,-5.565306663513184,30.977335752197746
"Todd , he has a different kind of dream are women .",1.2,-64.29178619384766,-5.357648849487305,15.087289331675635
"For Simulated Annealing is a probabilistic algorithm , the execution of different probeorder, will not produce the same output probe order necessarily .",1.5625,-162.48080968856812,-5.602786540985107,21.693017031732325
"Music was animated , but the only arm has moved .",1.8,-71.45497512817383,-6.495906829833984,0.34204251807112485
"However , the report also , authority boss of failing to control the activities of Mr. Watoni 58-year-old with early retirement explosion last year .",1.81818181818,-184.6964831352234,-5.957951068878174,1.8108375484689248
"Some , of course , (shipping is included he ) would answer personally .",1.21428571429,-95.04951477050781,-5.940594673156738,-3.459102087555351
"As an area of four of them , is greater than the month or our large scale .",1.25,-102.94058990478516,-5.718921661376953,7.645031222066123
"The police are appealing for witnesses of the incident that took place in the 11:00 am on Monday Windsor Street , in Toxteth.",2.8,-107.35794448852539,-3.834212303161621,63.266511766249295
Watch word wrap back to the previous line .,2.38461538462,-53.70787525177002,-5.967541694641113,11.309855073124197
"The cafe itself , I'm full of smoke to sit outside on a bench .",1.0,-91.92462921142578,-5.745289325714111,8.995966615270476
You do not need surface is smooth or completely flat .,1.8,-60.42145824432373,-5.492859840393066,18.220751188242033
"Given that this work is being performed , you may want to consider the next closest detail draft schedule - torn to shreds and perhaps .",1.75,-139.90729665756226,-5.181751728057861,50.67395067618867
"There is a house of parliament of 5,733 sky about 2,000 of which had been empty for more than a year .",2.07142857143,-117.38895511627197,-4.514959812164307,28.65899189096453
"The ( 3.3) , the total of long-established tradition and influence of one of the study of the differences between education classes Heath .",1.52941176471,-157.44810485839844,-5.4292449951171875,0.9578109859952519
This phase is believed to have been controlled by reaction with saline associated with the rock foundation Devonian and volcanic rocks and Permian sediments .,2.84615384615,-144.32889986038208,-4.976858615875244,53.756566043666794
"And , his price - I can his price to enormous use .",1.21428571429,-85.39563322067261,-6.568894863128662,-3.860648935232362
"By October 18 , Warner Home Video and gear , Basinger star in the analysis Erotic thriller final will be released to the video library .",1.69230769231,-183.18079948425293,-6.106026649475098,30.925880417814653
"In recent years , the ceiling of Michelangelo's Sistine Chapel in Rome has grown that it has been changed by the Vatican conservation team irreparably concern .",1.6,-151.94808959960938,-4.748377799987793,59.34319744750886
"At the same time disillusioned me , to get my sympathy .",1.81818181818,-70.01893186569214,-5.386071681976318,6.765102884286591
We have taken out like an arrow from the bow horse . ',1.4,-71.23920059204102,-5.479938507080078,19.279566692803712
Third of them are anxious to find a reason that must have occurred this year alone the British Horse Society .,1.42857142857,-114.15054988861084,-5.4357404708862305,27.908279938882004
"7 filling Quallofil and PERTEX fabric , in its stuff sack , and 1.2 kg of sole , light weight of Kompakt, fell to 7 liters .",1.5,-226.0644564628601,-5.796524524688721,-3.0065528091455462
"In exceptional circumstances , the head of your department , does not apply to withdraw clause if there is a reasonable explanation for the failure to notify .",2.25,-123.22189903259277,-4.400782108306885,65.33028298006474
"It can be on the planet ' goodness me , ? '",2.15384615385,-75.01398468017578,-6.251165390014648,3.048692590927601
Small sample has been confused with Synodontis petricolor occasionally .,2.09090909091,-101.10493898391724,-6.740329265594482,-15.570492163461424
"I often pick up artists from their accommodation , I take them to the place Middlesbrough they are being interviewed by Radio Cleveland .",1.85714285714,-132.40129852294922,-5.092357635498047,43.76281778865231
"Is not taut as if to that of the youth , his muscles are bulging with effort .",1.75,-102.55170822143555,-5.127585411071777,10.35794929803528
"A review copy is solid black , but the basic model , has a oil finish .",2.92857142857,-110.11403799057007,-6.477296352386475,5.077485570192678
"I woke up one of the twins that something began to howl immediately in their bedroom , I crashed on the floor .",1.6,-124.82308959960938,-5.200962066650391,28.008235609518323
I wish the man was a louse like this .,3.18181818182,-53.088221073150635,-4.826201915740967,7.434854831816921
"This exercise is essential , can not take place except for the liquid medium .",1.69230769231,-83.8781476020813,-5.59187650680542,17.10845803690357
"Career in London is a collection of butter here , Upper Stowe , was called Batasutou once .",1.375,-154.78264141082764,-6.729680061340332,-23.38905307834895
Induction of adhesion of T cell subsets specific cytokine particular is going to be selective and more flexible process of lymphocyte recruitment .,2.4,-155.97840309143066,-5.570657253265381,36.47203605051925
I think if you want to have in your shoes I ' and I 'm walking right outside him . ',1.23076923077,-115.43862056732178,-5.2472100257873535,28.065054955715368
"He closes his eyes , she saw that the movement of his chest was stopped .",2.15384615385,-67.6318130493164,-4.226988315582275,30.71460044611551
"Friend is loved much ... she met everyone , I missed many .",1.0,-84.5776162147522,-6.505970478057861,13.116470489886979
"'But , lost it - on top of that , the wall was built had collapsed paper . '",1.2,-118.1496524810791,-5.907482624053955,9.322308232865979
"' He is going to buy a new typewriter to her , the old ones that practice , sounds like a trumpet of Candyman is she .",1.42857142857,-160.69376754760742,-5.541164398193359,14.765791644916789
He in the qualifiers Lancome Trophy in Paris .,1.46153846154,-70.63350200653076,-7.063350200653076,-1.0845896778930495
"' Steal for you ? He , I answer to surprise protest of the roller and """" would do the time ' .",1.25,-168.19729375839233,-7.312925815582275,-14.024929587900004
The length of the smoke of the previous maximum of 18KW output 10.5kW boiler and was three meters .,2.0,-136.7570996284485,-5.4702839851379395,2.916853156637245
"Rise gradually as automaton , is made on the way to her counter her , I picked up the receiver .",1.27272727273,-138.98403692245483,-6.042784214019775,-3.994068190342716
He has provided the back of your work really ? ,1.69230769231,-74.21490955352783,-6.746809959411621,-11.970002026085638
"They did what when , to fit in the location where they were needed , such as gears working together .",1.5,-114.76622486114502,-5.465058326721191,20.19265626280219
We have made that will continue to use or Lowfields phone ' new east stand ' as before it ?,1.1875,-162.20179653167725,-7.723895072937012,-17.831130600635163
"Wearing clothes completely , Agnes entered the hall now .",2.0,-75.92093467712402,-6.326744556427002,0.3741637292757787
"On the first night , supplement ( minimum 2 persons) per night £ 135 per person each night of 105 pounds added.",1.33333333333,-144.09255981445312,-6.003856658935547,47.36560504087194
You need to get the certificate (s) is available free of charge at the counter .,1.23076923077,-77.97496604919434,-4.331942558288574,32.625422414245264
"Second , they hold 25% of the expression system foreigner head money of discretion allocation .",1.6,-125.89423656463623,-7.405543327331543,-6.276529970771833
"I changed industrialization and modernization , the population map nineteenth century England .",1.4,-96.58332538604736,-6.89880895614624,4.4111968227875735
"Rivals Paris Star , is as follows . Steve Bruce ( Manchester United) , Stuart Pearce ( Nottingham Forest , Paul McGrath ( Aston Villa) , Gary Lineker ( Spurs ) , Ray Houghton ( Liverpool ) .",2.71428571429,-188.9480423927307,-4.198845386505127,158.532269179534
This company shows did not learn anything from this lesson ' .,1.21428571429,-67.9152774810791,-5.659606456756592,19.409567896963992
"Here , have a view uninterrupted outlook , outlook of any glory , it is a stretch to far away for many miles in the hands of all .",1.27272727273,-165.50210857391357,-5.706969261169434,17.44046992110239
"Left de Benham 's Rams wool jumper , £ 24.99, cotton chambray shirt , £ 15.99, tie , £ 7.99; mill washed code , £ 29.99, casual shoes Gibson , £ 34.99.",2.4,-236.3979263305664,-4.546113967895508,108.55971652349996
"Two years ago , soldiers of 2 TA met at open days of the army .",1.8,-110.10598754882812,-6.881624221801758,0.8988675786620206
Orthodox Judaism has continued teaching the elaborate separation of menstruation women from contact with the men of her family .,1.9375,-111.62284660339355,-5.073765754699707,40.966782634348476
"Fireplace in question , was set to a huge thick wall divided the main room partially .",1.21428571429,-114.89291667938232,-6.38293981552124,6.001216244096952
"Movement, and brave to start a new garden , it is a test that convinced the talent of my own design .",1.6,-132.53266525268555,-5.5221943855285645,14.85679512963813
EEC is prohibited BST further research to complete .,1.8,-80.15398025512695,-8.015398025512695,-2.6281659299869915
"Reliability of young people is low , this deliberate emphasis on the relationship of past hurtful results in the dilemma of housing workers .",2.0,-146.28683376312256,-5.6264166831970215,25.898978881187986
"The law of July 29, 1881 , declared : ' publication , the press is free ' .",2.25,-102.91688919067383,-5.145844459533691,26.227168871699917
"We can go for either man himself or Dersingham, to be able to see as far as ' I .",1.21428571429,-125.64769077301025,-5.462943077087402,5.199884758220378
Distinction is drawn between the stop and that its an effect and whether the license .,1.42857142857,-97.37676477432251,-5.7280449867248535,5.101303915451339
"Turn them into public gardens , to create the charm of eyesore instead .",1.6,-87.97755002975464,-5.865170001983643,12.74918669628154
"It is believed , Julie , tried to run it, but Elizabeth had broken along the tree-lined street and back .",1.75,-127.26880645751953,-5.3028669357299805,23.941824269236236
"In February , Senator , refused to allow the change of time .",2.15384615385,-77.84611892700195,-5.988162994384766,1.7871471812553352
"The shrugged and smiled , she stared off in the distance.",1.375,-56.357872009277344,-4.696489334106445,16.689848686827176
In survey after Nine school is identified for in-depth study of an LEA 3 Midland .,1.21428571429,-144.91605758666992,-7.245802879333496,-15.426828961995938
"Some of the trees , plants and animals were the creation of mechanical Mirage company .",3.57142857143,-96.63701629638672,-6.03981351852417,11.086300889847578
"Because it is what I think , it is also whether the girls , could , I say to him.",1.23076923077,-102.12489080429077,-4.8630900382995605,17.331685943931433
"Tim husband of Julie in St. Botolph's Church Brampton , crying standing beside the tomb in Northants.",1.69230769231,-134.33479833602905,-5.840643405914307,15.234980274778877
He looked to another from the face a tired one .,1.2,-71.79777574539185,-6.52707052230835,-8.546904726928737
Please invite people closest to you to give you honest feedback of some degree of diplomacy you to show .,1.5,-109.00161743164062,-5.450080871582031,37.81677355464825
We have seen the smile of her golden to her appearance in dozens of fashion glossies and the cover of Tatler .,1.4,-136.96991729736328,-5.707079887390137,14.228756199737973
There is no contract consideration by expert opinion as the principal and seemingly little range .,1.75,-112.6542739868164,-7.040892124176025,1.8048475362103318
"The file specified on the hard disk of the PC, program index , to enable a keyword search almost instantly .",1.69230769231,-118.56155490875244,-5.389161586761475,36.24026958983586
"' Oh , it's not so bad , ' Charles weakly offer .",2.15384615385,-87.6730227470398,-5.844868183135986,7.771726756602902
"As a drop , it has ended the program into a fire chorus ' dirty , dirty ' from the rest of the family of Alf .",1.85714285714,-156.84193181991577,-5.808960437774658,20.328569586110376
John Taylor was the itinerant craftsmen who came from Oxford in 1839 to recast the church bells in Loughborough .,3.78571428571,-117.57407855987549,-4.522079944610596,45.70683001175988
What what are you going to do next about the tweed '? ',2.6,-62.63759136199951,-4.175839424133301,31.301699062243614
"If you suggest that it should be devoted to the item at the meeting separate more time if necessary, and be flexible .",1.8,-126.70298767089844,-5.279291152954102,27.24524425643881
It was published by the company Hotonmi of ) America originally .,2.28571428571,-105.49949741363525,-7.535678386688232,-23.051294952510105
Is that a single agent does not affect the our planet as we are so much as for the sake of truth .,1.5625,-118.01425123214722,-5.131054401397705,28.04451836217507
"Results - Romance of British wool - in October , is performed in one store the most prestigious of the world's largest and ( 8-18 ) .",1.21428571429,-180.36449432373047,-6.012149810791016,19.837744956467503
"Why do you feel the pain instead , do you not give himself to the stupidity ?",1.35294117647,-83.7670259475708,-4.927472114562988,27.025893861689596
"Open his heart in front of the camera yesterday TELEVISION presenter Keith Chegwin was recognized as """" is alcohol addiction I """" .",1.375,-168.13399505615234,-6.004785537719727,27.782714864817933
"Their king , is Athaulf, they held a court of Narbonne it and establish themselves in the southwest .",1.5,-151.05183792114258,-6.293826580047607,-20.995171431803385
"Borrower , to Mr. and Mrs. Couture , there was a £ 225,000 advance to home Silverdale Avenue , in Walton -on- Thames .",1.8,-178.56603336334229,-5.251942157745361,16.85900549893057
Rachel was sitting in the side tension of silence Damian Flint Lim .,1.46153846154,-98.69271469116211,-7.591747283935547,7.102622772746614
The fat couple checkered cooing over moondirt vacation souvenir jewelry and bouncing about like infant with low G.,1.25,-169.46593523025513,-6.778637409210205,3.1458236593758784
The addition of associative procedure was seen to provide the possibility of kinematic assembly process a true automated in this way the modeler .,1.69230769231,-155.65139961242676,-5.55897855758667,19.465412219542884
The death toll from a known revolution had been revised downwards substantially allowed to stand at 689 again by the end of January .,1.92307692308,-124.75216388702393,-4.990086555480957,55.46488896351744
"The transporter is designed to withstand accidents , Govenrment has eliminated the possibility of radioactive leakage until recently .",2.36363636364,-127.50591564178467,-5.7957234382629395,28.689110763917256
She had not been poisoned or strangled or drowned : knew that it had to be a wound to me.,2.0,-96.0325756072998,-4.365117073059082,44.994493129383045
We are committed to equal treatment for men and women in pension firmly .,1.69230769231,-71.98935127258301,-5.142096519470215,27.406868773114752
"The most dangerous poison but swelling while know how pain , bathing is anyone that has been stepped on by mistake in the sea urchin .",1.0,-174.20326614379883,-6.221545219421387,17.18670660234983
Plot of the game for the simple folk of us is very simple fortunately .,1.64285714286,-90.03729343414307,-6.002486228942871,10.5182091485037
"They report the results to the Board of Directors , led by Chairman of the subsidiary Sir Robert Ford , Marconi , GEC group of ubiquitous .",2.6,-148.589834690094,-5.1237874031066895,47.26101711092031
"Let us take a look at B, the movement of the result to be non- relativistic .",2.0,-88.44791221618652,-4.21180534362793,31.92009765596309
"Reason for no good , whether business , was not found , after isolating these checks , management reduced the check to a lesser 75 .",1.42857142857,-167.20003938674927,-6.192594051361084,8.20970603249296
The travel cost of 16 weeks of training allowance program .,2.2,-67.24259519577026,-6.1129631996154785,12.998968786276492
"Let's consider , the different types of cells muscle , skin , gastrointestinal tract , such as nerve like this .",1.92307692308,-118.92696762084961,-5.405771255493164,28.728077187620073
Bridget reported that it was much lower than the course held earlier in Avery Hill course number of Easter .,1.54545454545,-142.00958919525146,-6.454981327056885,8.836113168647927
"Single Room £ 4.00 per night , extra night £ 16.00 per night",3.76923076923,-75.24718189239502,-4.426304817199707,50.23972863142724
You can receive a card club personalized unique that you can claim the air Miles of your shell station you have to participate .,1.5625,-158.92220306396484,-6.621758460998535,18.630986424269167
"' The idea is to make it easier , you are trying to get a good picture how they if they feel about their health .",1.6,-111.8654899597168,-4.302518844604492,53.72649085420926
"However , I think I 've had a good time she .",1.0,-62.1098575592041,-4.777681350708008,12.749935107901138
"Now considering the microphone did not like it was wrong , but she could not help themselves .",1.42857142857,-94.96823215484619,-5.276012897491455,21.10581375141558
"Now , he knew seven years ago Kendall and not go back to Everton noble .",1.23076923077,-114.32264709472656,-7.14516544342041,1.9746603578724802
"It is predicted that this is , to decline to 15% a month .",2.5,-74.34707164764404,-4.9564714431762695,11.503462744701224
"In spite of the net assets of up to £ 4.58億~ 35% Stanhope , the city has impressed the department .",1.9375,-185.9474515914917,-6.198248386383057,-29.389637073622964
A little less than rich this river generous because the source had dried up ?,1.21428571429,-105.84224939346313,-7.056149959564209,2.239639016483949
"14GHz band , are often used now to 11GHz each district of 6GHz band in C, to 4GHz.",1.54545454545,-140.39144897460938,-5.849643707275391,11.69688554003585
We can plan it and I will come back again next weekend . ',4.0,-67.80408191680908,-4.843148708343506,27.54848217148198
"These aspects of political choice , but is still less important now than in the past .",2.6,-77.83717155456543,-4.578657150268555,29.05436819298737
She made it look a bit of a fool of anyone else you were looking at before .,1.375,-83.5997428894043,-4.644430160522461,30.072390628348515
That the Conservative Party business vote was not guaranteed yesterday has been shown that group of women last night businessmen and Northeast .,1.5,-155.43724393844604,-6.758141040802002,15.015127562202679
Theory of evolution is a matter of making the inference to the best explanation .,2.84615384615,-70.80074310302734,-4.425046443939209,25.026762864483857
"If so , they did not spend much on a decent script .",4.0,-68.9012360572815,-5.300095081329346,17.182292411790073
"Practice amp Carlsbro Sherwood 90 , acoustic combo , £ 150, of Marshall , £ 45.",1.66666666667,-171.67588138580322,-7.8034491539001465,-6.600932628302047
The strange note What was in the voice of Nick ?,1.17647058824,-67.4514856338501,-6.131953239440918,-0.3323213759302064
Errol and Pam have two children 16 years old and 13 .,3.14285714286,-62.81651782989502,-4.832039833068848,29.366551120143598
"Everyone assumes - - which had been thought that this is ', and will marry her now , would the end of it .",1.21428571429,-135.1604461669922,-5.631685256958008,22.993861774331265
"Learning resource management at the university , human resources manager , joined as a line manager .",2.2,-91.0160641670227,-5.353886127471924,32.104235182446715
"We crawl and ' sometimes he wondered pass of his level 0 , I ' over and out of the village cobbles Papa said .",1.6,-183.0243158340454,-7.0393967628479,-11.38637473445138
"In Parliament , the cry goes up : I write it ' . '",1.83333333333,-84.89349174499512,-6.063820838928223,7.968395398274325
"In this session , """" one of the participants of the community commented , """" shows that it is the best way to overcome the differences in dialogue ' .",2.28571428571,-143.36674690246582,-4.778891563415527,58.66391209018056
"These involve the creation and distance learning and open copy , more by electrocopying ' customize , ' a pack of material for students .",1.8,-184.0908489227295,-6.574673175811768,-2.363659657805755
It seemed impossible that anyone survive in the middle of the storm of the blade .,1.88235294118,-77.62150573730469,-4.851344108581543,24.25734642319796
"Given the artificial moonlight for three consecutive nights once a month , cycle of them have come to synchronize the rhythm of the moon female .",1.2,-148.65130615234375,-5.3089752197265625,39.226153209395335
"With snow abundant supply , for those who want to get off the slopes , we have a special section in this issue .",1.70588235294,-113.81206512451172,-4.742169380187988,44.68206733240379
"Generalist administrator called economist , and statistician for the information , is a generalist in the ' on ' it in other words .",1.0,-152.8490538597107,-5.661076068878174,10.345800559409895
"The long enough to know the value of ' my own , frustrating , """" Gina , retorted in a cynical sparkle in his eyes .",1.5625,-168.54383087158203,-6.01942253112793,11.851376790828368
"You are afraid , both of you , I do not thing , there is a possibility to discover mom is not dead at all . '",1.0,-120.83166646957397,-4.475246906280518,46.113759201607195
"SORP is an example of the accounting policies that it recommended the same for local government , and comment on .",1.42857142857,-128.28475618362427,-5.5775980949401855,9.623986399862645
May pose serious health risks for people who eat them in Southern Europe and North Africa bird .,1.5,-91.58182525634766,-5.087879180908203,53.92278023318684
"Months later , pain begins to relax slightly , Lisa was able with the help of Janet and get up to her room itself.",1.2,-136.2577724456787,-5.240683555603027,37.93742641748193
"In such a case , the figure of goodwill can be derived from the average net profit margin , per gallon is multiplied by the daily throughput .",3.30769230769,-127.66189384460449,-4.559353351593018,76.76433820484056
"He also played an attacking innings many genuine all-rounder had a claim , in the order of the lower center to be taken into account .",1.64285714286,-161.34173011779785,-5.762204647064209,20.331380196346743
"It was a trick of the undulating grassland along basin , in Comer guarded nature .",1.52941176471,-125.17383575439453,-6.588096618652344,-1.8600917512870296
The course offers training in all-round basic communication theory tailored to the context of Africa in particular .,4.0,-106.58242225646973,-5.329121112823486,28.07762446694295
"Then , at first , he began to prepare the little boy for fate this possible gradually .",1.27272727273,-106.61953353881836,-5.923307418823242,6.344827604387461
"The German I , and stand back you switch on , as brilliant robot impressed , it worked like a dream to do all the hard work .",1.4,-165.86063194274902,-5.923593997955322,15.175177408856854
She is in contact with the hand of Samson blunt nose as she wound round - a bit he - Jess .,1.52941176471,-146.9183702468872,-6.678107738494873,13.010147140782834
I will give you the feeling that there was for the trip of a wonderful 7 days in the Bahamas I have a good deal . ',1.4,-128.31161785125732,-4.75228214263916,41.30324496609501
"The area of maximum , Renault score is comfort and facilities .",1.85714285714,-98.35525131225586,-8.196270942687988,-15.016009215274408
"The wheel pit before on this site , however , there may have been enlarged to or demolition and rebuilding of either , to take the new wheel .",1.75,-175.8007321357727,-6.062094211578369,15.697691108595762
Sequence proprioceptive acted as part of the external artery along the flank them.,1.69230769231,-103.31707620620728,-6.077475070953369,8.89514003481922
 Everyone helped my mate said: North Harbour coach Brad Meurant.,1.69230769231,-101.86074924468994,-7.275767803192139,10.129968728029652
"Marks and Spencer has leap to the top slot this year , currently , in the second , third shell Glaxo .",1.5,-149.9462127685547,-5.9978485107421875,4.799463871977196
"I produce a small , shallow crater explosive eruption called maars highly gas charged magma derived from the upper mantle .",1.375,-151.73803281784058,-6.597305774688721,37.02285564078204
Risk of changes in the expected rate of return on long-term growth of the economy .,2.84615384615,-75.54043173789978,-3.9758121967315674,27.66876544065785
She stood on the outside of the lift to the front door of the hospital and other visitors .,1.5,-78.5928726196289,-4.136466979980469,32.65642170064373
"Picture was similar , appear with respect to the distribution of total income manual workers women.",1.75,-104.59073543548584,-6.152396202087402,16.666112912100544
Fellow qualification appropriate legal executive lawyers and Laboratories .,1.21428571429,-96.62644386291504,-9.662644386291504,-15.400708938968549
"They also , in order to improve the quality and quantity of provision in health and social services , it is fundamental to the fight against poverty .",1.92307692308,-103.03167724609375,-3.6797027587890625,75.10345050752687
"The such orders , had to to be laid before parliament , was discussed on December 6, 1977 there .",1.1875,-110.6515645980835,-5.269122123718262,26.89614142116136
"Yes, """" as if you were talking rival academic , well , I thought Augustine that's simple little idea of him always, ' William , as a hornet , he said .",1.6,-218.4097137451172,-6.066936492919922,19.645098384690385
Origin of the success of the export of Brazil was quite different in a small commercial aircraft and military trainer .,1.69230769231,-114.29731893539429,-5.442729473114014,31.42504830094765
"I say to my officers , why we ought to care about it .",2.6875,-65.98945426940918,-4.713532447814941,20.97446037585675
"The Princess , Mrs. Harry Cottrell was attended by traveling by aircraft in flight of the Queen .",1.42857142857,-124.19533252716064,-5.914063453674316,8.593952961526128
"The EC, does not matter to itself in education policy and public health .",1.42857142857,-81.80967807769775,-5.453978538513184,14.912640161704203
"Expecting to follow them without question , leaders , or direct challenge and all decisions .",1.4,-106.60018920898438,-6.270599365234375,4.447550067381968
Why I understand now paid Macaulay Culkin $ $ 3 million they - he won it .,1.25,-118.33026885986328,-5.916513442993164,29.581274778045696
"Now , we will be in a string format , such as turning it .",1.69230769231,-76.75409317016602,-5.116939544677734,14.812184534785345
"' He was a brother with me too ,' Tundrish replied simply .",3.25,-102.6807861328125,-6.417549133300781,-3.3207161873402953
"The second approach , you can be too is a strategy very productive in the foreign language .",1.0,-108.0770845413208,-6.004282474517822,6.838945878722242
"He is sure that you take a gun , go to the door , cart and horse was tied safely yet .",1.25,-126.86897945404053,-5.7667717933654785,14.523656882382255
"Both of writing paper and envelopes dirt , a lot of things that can be identified only belong to her father fingerprint , and Maureen . '",1.75,-169.3036127090454,-5.838055610656738,19.110743891665095
"How there were more than 1,000 maybe I did not know the trees of many species .",1.8,-86.1112265586853,-4.532169818878174,27.609729703505664
"The deprivation fireplace front sash windows , original wooden floors built of single wardrobe , radiator , power point , a year .",1.2,-168.0106201171875,-7.0004425048828125,13.784289480772145
The result has been destroying a lot of medical advances of the year in front of each dispute .,2.8,-103.42355632781982,-5.443345069885254,20.124800608264167
It had taken less than half a minute of all escape Woil and over.,1.21428571429,-92.2559814453125,-5.765998840332031,13.136412416926817
"Laughing as it was in belligerent stare her , his light in his eyes .",1.0,-98.25944423675537,-5.458858013153076,-4.30028104917875
"They , it was just a few minutes from the train station , there were many services .",1.375,-70.15720653533936,-3.897622585296631,37.727363594669356
"Perhaps the most important all , three of the greats of all time boxing - Ali , Armstrong and Robinson - was born into a comfortable situation .",1.64285714286,-138.4842677116394,-4.775319576263428,64.0320931894457
"Currently , Halifax Building Society , which put the device of their bomber is a pile of rubble .",1.5,-117.82840824127197,-6.201495170593262,18.355827194610697
You've seen for reconciliation between Marxism and dismantling Michael Ryan .,1.8,-90.7280445098877,-7.560670375823975,10.770409365292892
"There is no other catalogs , such as OXFAM Christmas catalog considerably .",1.4,-107.76578426361084,-6.339163780212402,-4.772384921014492
"The pumped up with ' , as long as there is no more resources , is going for this to happen , """" she said .",1.0,-138.9039888381958,-5.342461109161377,21.715946273666418
It was a way of thinking and behavior .,3.2,-39.747037410736084,-4.416337490081787,9.45499158984395
"Put simply , for a while , she ' Yes, ' was studied each other they .",1.0,-121.7257432937622,-6.7625412940979,-9.696505004946616
Part of the law is arranged in groups of three .,3.78571428571,-48.426311016082764,-4.4023919105529785,16.742093363617613
"Strangely , international appearance of his only was for the English against Scotland League in 1914 .",1.75,-115.15305233001709,-6.3973917961120605,4.650475893029807
"It's Saturday night , and they may not come .",4.0,-55.76015663146973,-5.06910514831543,6.845953760006147
Discussion information provided by other sites through is kept confidential .,1.6,-61.083781242370605,-5.553071022033691,25.444303593090297
"Somewhere , in the silence between them , the phone was the beginning of the emergency , the ring permanent .",1.64285714286,-119.64574003219604,-5.201988697052002,2.913520196541967
"Number of notifications of instances ( is written both , on the phone ) it was required .",1.42857142857,-111.96245956420898,-6.220136642456055,2.9067587873064866
"(1976 ) again and again as mentioned Montague , the social activities of the war , you must not have a relationship with the internal state of the invasion .",1.8,-171.25567626953125,-5.351739883422852,20.134367699860746
"That , then , is the theory - but how does it work out in practice ?",3.64705882353,-59.74638080596924,-3.514492988586426,42.1717134840565
"But things can only be not from the angle of the people more than the exemption limit , you look different .",1.69230769231,-127.08263778686523,-5.776483535766602,8.509122508636437
"It is repeated that they hear , what is called a """" democracy of Salvadorean """" is dangerous , women to the right claim .",1.5625,-170.96635007858276,-6.33208703994751,2.7715218291135955
"Chain of travel agents Thomson travel , and airlines ( backward integration ) ( forward integration ) is included .",2.09090909091,-126.5020751953125,-6.325103759765625,34.76721593028873
"As they were intended , you can still see some of the historic home of London .",2.5,-84.72623634338379,-4.983896255493164,21.320098086658447
Table I summarizes the clinical characteristics of these patients .,3.625,-41.952056884765625,-4.1952056884765625,31.947420110676575
"Further information SS Langer , RSC, Burlington House , Piccadilly , London from W1V 0BN.",1.9,-137.27847337722778,-5.491138935089111,4.741604605908577
"Is short Jarisch - Herxheimer reaction to the normal ' Herxheimer ' reaction , I follow the initial dose of the treatment of syphilis in the proportion of cases .",1.4,-207.23121070861816,-5.756422519683838,13.880962243109309
"Ideally if you have a vision in order for people to send them , it supports the work of finance , this is not necessary .",1.69230769231,-124.84820795059204,-4.624007701873779,37.746284037926785
"If you look around the room , old furniture in wear , I noticed that Herbert must be very poor .",1.25,-115.92844104766846,-5.520401954650879,24.74803860377736
"Sitting in the office of the gym in Peel Park , trophy will stay there still .",1.6,-112.59893703460693,-6.255496501922607,8.099811328670143
Homology search of the Swiss Protein database Leeds and were not able to detect a significant similarity to other proteins .,1.5625,-119.57847499847412,-5.435385227203369,49.702646106672034
There is a possibility that you have something to do with the murder of angry it ' .,1.0,-80.26082611083984,-4.458934783935547,26.10807998557803
"Generates the stability of the economy grazing , ranchers , say feed the nation by referring to themselves as guardians of the west .",1.64285714286,-156.60477542877197,-6.023260593414307,13.325410544515421
"This man , was buried here in the fourth century .",3.2,-57.39344644546509,-5.217586040496826,9.943866852693759
"They start the question , they begin to see the dream . '",2.63636363636,-69.93935060501099,-5.379950046539307,10.880655944552856
"I work on the principle of """" ion exchange """" soft water .",3.2,-89.44469404220581,-6.880361080169678,13.598049944895195
Many of them offer a mail order service,4.0,-37.790225982666016,-4.723778247833252,20.090144653591132
"He looked radiant, Athelstan with pride his face .",1.92307692308,-74.5708179473877,-6.214234828948975,-3.7677264628223384
"Responsibility had upset her considerably , although she was used to drive a luxurious Serving By this time first.",1.27272727273,-145.8706398010254,-6.630483627319336,-3.3334377230542316
'PLO was trying to interfere with the departure of Muslims .,4.0,-70.13056135177612,-5.39465856552124,11.965703417106667
"Old rival ITS similarly priced BEAT, MOTOROLA is , get off the gloves at a price POWERPC WITH fight the Pentium",1.1875,-201.52135467529297,-7.19719123840332,-22.657647369238816
"Like many of the assumptions of popular subject matter , this is wrong .",4.0,-69.24266624450684,-4.945904731750488,17.6818363865261
"That charge was political persecution , from his hiding place , Mutalibov told Izvestiya in Russia .",1.8,-122.49952125549316,-5.568160057067871,6.206278988136972
"Market model Commercial Union , explained 25% of the variation of the return .",3.0,-96.1760401725769,-6.411736011505127,2.1520312922315554
"The proposition of me , I will want to assure you , the mutual benefit of our . '",1.0,-97.52071952819824,-5.132669448852539,18.451735798909155
"In the Gospel of John only , he does make an interesting statement and one deep curiosity .",1.5,-100.19501209259033,-5.566389560699463,18.328924435045323
They were back from the work of repair and construction of construction day army base in Omagh .,1.23076923077,-107.3115062713623,-5.647974014282227,15.472977114027827
"All in the hotel everyone is ordered calm in the first world : chocolate swimming pool state-of-the-art , satellite TV , pillow at night .",1.0,-164.3297176361084,-5.300958633422852,23.403338727850866
"Is ... 4 hole , the roof had to be burned off in one area .",1.46153846154,-87.24524688720703,-5.4528279304504395,20.01379807674489
It seems strange to reach out of economic cooperation to the same country as the friendship that we are threatening mass extinction .,1.64285714286,-126.99137687683105,-5.521364212036133,31.01321823339262
"In the 1960s , the building was transformed successfully rather the gallery for art in the Bohemian Josef Pilar and CuBr of František .",1.81818181818,-188.1858367919922,-5.880807399749756,-5.48419781251917
"However, it her , the other part , cried for mere idea of wife of others .",1.0,-108.1516284942627,-6.008423805236816,0.2912549479641342
"The tapestry of the first of Morris , is located here , design and fabric of his are everywhere .",2.125,-120.25115203857422,-5.465961456298828,4.860209147595754
It is expected or investigation of these problems and are diverse .,1.25,-81.41831016540527,-6.7848591804504395,-4.056435993428764
"COS-B satellite between December 1978 and August 1975 to observe the 2CG342 -02 5 times , cataloging it as the 10th strongest γ -ray source .",2.25,-219.0336513519287,-6.084268093109131,20.690203997121074
"He said ' We sent a rescue team of us as much as possible as quickly as possible , but it was too late we ' .",1.27272727273,-116.36126947402954,-4.309676647186279,59.926162302417396
"But not all , but like a Saturday night really is not . '",1.42857142857,-82.39650535583496,-5.885464668273926,2.981164129627473
"When that failed, he was full of hope for what is not to be missed",2.5,-62.22682571411133,-3.889176607131958,33.83503020074468
"I , on the argument , invited my attention to Section 5 ( 7 ) He also , you need to add that you mention it to me .",1.4,-154.8667802810669,-5.34023380279541,26.637187867721025
"Group I of the bottom , I was delighted at the top of the image , as a mirror image , and you copy it once .",1.21428571429,-124.47103357315063,-4.6100382804870605,32.3968185393737
"From then on , the path to the double helix was obvious .",4.0,-61.69789409637451,-4.406992435455322,20.11813362433827
"Political , economic accounting is related potentially Therefore the benefits of soil conservation program costs and for others in the affected areas directly outside .",1.2,-174.88518953323364,-6.995407581329346,13.435813450686481
"In addition , he Do you agree that it is necessary to reopen the police station in the neighborhood , focus on community policing ?",1.25,-121.37888669967651,-4.8551554679870605,46.74145932801724
"Seal the text , Edward of two weeks later , issued it to all sheriff .",1.0,-116.34486055374146,-6.843815326690674,-10.430215940312962
"Since then , full-length TV shows so many have followed sharply .",1.69230769231,-90.98526668548584,-6.498947620391846,2.4546705146552057
"Questionnaire sent by mail is not returned , the interview will be rejected .",2.28571428571,-79.20812845230103,-5.280541896820068,17.94278507497468
"Twice , I ran into dangerous so close to the edge , eyelids drooping my eyes and dazzled .",1.2,-125.79082441329956,-5.469166278839111,11.38823723481272
"The operation , troops of more than 35,000 will participate from 9 countries at least in the end.",2.4,-102.41287136077881,-4.876803398132324,30.281079154187637
UI does Mase marketing arm of mere USL requirements and body longer .,1.6,-128.7019443511963,-9.19299602508545,-12.48538593617829
"The ' post- report , I'm in the business of Needham ! '",1.81818181818,-97.74971771240234,-6.1093573570251465,-8.191990888177799
"Before describing how to tackle the race course , sailor one quickly , is worth a look at whether to go another more it .",1.375,-157.75998830795288,-6.310399532318115,13.075428030423467
"In the back of something , but they looked to his features as if you want carved from stone stirring gaze .",1.25,-140.08722019195557,-6.367600917816162,3.7779639166085133
"The topics of both , however , the current situation has changed dramatically compared to 1979 .",1.8,-89.70606470108032,-5.276827335357666,28.690789707242786
These percentages were not uniform across the country : determining what had been provided by the local cuisine .,2.3125,-107.49371004104614,-5.65756368637085,29.21878955790723
"' I can not hear anything , I ' said angry pastor .",1.0,-82.41140413284302,-6.339338779449463,7.450917861199471
We may never know the exact number of the dead ' .,4.0,-46.172003746032715,-3.8476669788360596,29.666071101628475
These were rejected on 17 and 18 April respectively .,3.8125,-52.14030742645264,-5.214030742645264,24.702754808066032
"About 20 years , women , art , the association is a synthesis of the work is progressing for the visual arts and women .",1.69230769231,-130.0198197364807,-5.2007927894592285,27.55583855216986
He has not been established less than two charity school twenty- only Pembrokeshire at his own expense .,1.75,-125.12165451049805,-5.213402271270752,13.228975929699345
"You can bend the pipe soil deformation during an earthquake , as if it were a strand of copper wire they .",1.54545454545,-122.04376316070557,-5.30625057220459,40.37314898779266
"The way to achieve this """" new Pentecost """" already , he knew that it was the Council within a few days of his election .",1.6,-141.93072509765625,-5.0689544677734375,36.35530858258983
"In order to follow Jesus as disciples , we mean that you are facing in the opposite of living like him too .",1.81818181818,-127.87919807434082,-5.559965133666992,22.51246807457062
"Ran into turf wheels he gets wet , and shot in the chest and wrinkles whole machine , like an animal , and fell to his knees .",1.42857142857,-162.3108048439026,-5.596924304962158,31.449499174702595
"Jenna is stopped and faced him angrily , but before she can speak , he tilting the face at the hands of strong brown .",1.1875,-151.27558422088623,-5.602799415588379,17.364995364265354
"' Look at you , I ' travesties I do not see the Grainne , and said softly .",1.23076923077,-127.03859901428223,-5.774481773376465,-1.893659156276854
"One Beaufighters newly arrived 252 Squadron (T3237) , was wrong for a while Ju88 local flight the next day .",1.23076923077,-181.67378997802734,-6.987453460693359,-14.638461888536796
"After you went to sleep , and fascinated by the night of Scandinavia , Carrington saw the sea for the first two hours .",2.15384615385,-120.90974712371826,-4.650374889373779,35.58076497128033
"Are recorded as cot death originally , there was no hearing at all , we will have a hearing today .",2.15384615385,-109.54691886901855,-4.979405403137207,33.29071247668813
It was a far cry from the court of the golden city on the horizon . ',3.35714285714,-73.8585033416748,-4.34461784362793,30.75791965053675
"If I threw a glass of water you this in an interview , in the sense that it would be a political act ' politics .",1.5,-127.41692543029785,-4.900650978088379,32.16515888593827
"I said the victim and fumbling , for her smoke again ' now going solo , so ' .",1.0,-136.87487602233887,-6.843743801116943,-7.661331704746885
"Here , there are various applications of 10 for the book ;",2.05882352941,-65.45133018493652,-5.454277515411377,11.073777166278006
"Still deep ' , the old Michael , I should imagine .",1.0,-86.93838500976562,-7.244865417480469,-7.444056518072216
"The main difference between Sections 18 and 20 , is in a failed element , it is a considerable difference .",2.0,-109.859450340271,-5.231402397155762,26.140984144519138
"Ideal for small flat , washer / dryer is as sophisticated as one utility room of the main house .",2.09090909091,-129.01903581619263,-5.609523296356201,22.013842870828
"The lobby is , now that he was a pastor .",1.0,-64.04757595062256,-5.822506904602051,-3.1201015025457295
"Ministers to arrive from Moscow , the deputy chairman of the Council of Boris system Chelmsford Bina , Committee of Government , prohibited evacuation of countryside around Chernobyl .",1.92307692308,-199.505126953125,-5.8677978515625,31.632177831838163
"Depending on the expectations , it was associated with increased volatile weekend .",1.88235294118,-82.21516609191895,-6.324243545532227,10.89441657281131
"The Madonna of Santarem , there is a tradition in our family that is reunited with their owners at all times , do you know it?",2.0,-133.9884181022644,-4.620290279388428,47.314536847542826
"As it's beta version , it is tricky to give a star rating of ClarisWorks .",3.14285714286,-106.23481798171997,-5.591306209564209,16.47715582587621
I was getting a good night's sleep is all she had to .,1.27272727273,-59.35591793060303,-4.239708423614502,20.862975399217618
"Motility and Intraoesophageal pH, were examined 4 days of each treatment period .",2.28571428571,-103.84722709655762,-5.192361354827881,5.360504141305881
"All credit to the ' Gavin and a little persuasion , I gave the ball to me in the end.",1.6,-104.77247142791748,-4.989165306091309,24.130465782555262
"The first draft of the Prelude , were written in Germany during the winter of up to 9-1798 .",1.4,-107.36421966552734,-4.880191802978516,14.731807110557867
Soldiers are not allowed the tobacco freely anymore .,2.36363636364,-62.44303226470947,-6.244303226470947,10.65562857265023
"In the criminal trial , it is not a court in order to bring out the truth .",1.70588235294,-74.36087608337402,-4.131159782409668,30.214398426463305
"' It is a crime man , Haberi is ' What 's opinion of his voice ? '",1.25,-119.15122985839844,-5.957561492919922,9.708308462310555
"Beatles cut neat Dustin is disturbed somewhat , close-up of a mole has been there in his right shoulder .",1.0,-144.43783330917358,-6.279905796051025,12.152629634467985
"Poetic words ridiculously most of all , shows the weakness of the speaker after the ' headpiece filled with straw ' fact at all, come .",1.35294117647,-188.66176319122314,-6.50557804107666,5.766196935474369
' I cried when the voice of anyone who was called was asked and I thought it was some weirdo : ' It's me ! ',1.46153846154,-113.86040306091309,-4.066442966461182,62.41101234596107
"' I should not be , ' attendant said , but I smiled widely then .",1.81818181818,-96.58084106445312,-6.03630256652832,6.8329782809261275
"Well ' , it is , it is not a bad idea what?",1.2,-71.97725486755371,-5.141232490539551,9.762644751104247
"That there is no need he wrote , the surface is covered , the beauty of the glass is this .",1.21428571429,-99.8878870010376,-4.756566047668457,17.524912291488576
"Finally , cougars types are used in about eight years ago , has passed its maximum , he suggests that Mirage resembles cougars .",1.46153846154,-159.9734468460083,-6.152824878692627,23.655899571855684
"Said I have a good word to me ' , but withdrew his head , """" Brigadier General , and open the door .",1.0,-141.47014617919922,-5.658805847167969,13.55893764491907
"Slogans and ideas of some , has received a brief hearing another in these days of wall motion ' of democracy from 1979 to 1978 of ` .",1.4,-202.18866348266602,-6.739622116088867,3.452592258267572
"The Metropolitan Police Department , photographer , who is damages , was wounded in the spine Wapping dispute was settled in the High Court claim of Anthony Walsh , .",1.52941176471,-189.3411350250244,-6.107778549194336,30.026454810302084
"If you get another couple of Shilling out of it , I did not win them ' me?",1.0,-106.21846199035645,-5.310923099517822,21.160143970337487
' We have a lock-on tail to Tweed already .,2.28571428571,-76.85883522033691,-5.91221809387207,-0.37212551472428856
"Look at the face with a pock mark anxiety young , blonde hair trimming , and worried eyes , he was to be , cold and hard .",1.23076923077,-161.7995309829712,-5.393317699432373,22.001064975543358
I indicated build store not only durability hence .,1.2,-87.03047275543213,-9.670052528381348,-14.618270099159943
", Identify the notes and queries for immediate follow-up to fill the gap .",3.30769230769,-85.23419713973999,-5.0137763023376465,15.422258779309644
And he blows the smoke back in my mouth .,4.0,-48.69417190551758,-4.869417190551758,14.723349225573102
"By another scientist team , genetic spray Dr. Julia Dorin , which had been described as a development very exciting .",1.81818181818,-146.18140745162964,-6.355713367462158,17.893116708810993
"Highway yard old Rigby Road , seemed to provide the ideal site in the connection of the railway .",3.0,-124.44708395004272,-5.926051616668701,11.842340041094559
Jodami found a significant extra gear in the car and end Wild Rushing Jodami and jumped last together .,1.25,-159.76729202270508,-6.656970500946045,-6.996990458623401
Is it possible to co-exist with reference to the rich poverty of the private sector ?,2.71428571429,-75.3918228149414,-4.188434600830078,34.50723409909445
"Claims to it , from where it retired his , looking at anxiety and some , I do not think No Cadfael .",1.1875,-167.17754077911377,-6.429905414581299,-23.88153793399684
"I was told Ardakkeans strong superhumanly, and is invulnerable to the threat of life most .",1.0,-139.03504180908203,-6.319774627685547,-25.029861938101817
She wrote a few words of these to him passionately :,2.90909090909,-61.648181438446045,-5.604380130767822,11.91578083736492
Villagers fight to prevent the sale of common ancient,1.8,-53.486599922180176,-5.348659992218018,18.462966163936287
There are various ways which can be obtained Recovery : -,1.4,-60.330485343933105,-5.484589576721191,22.99592132104422
"With ' road , it 's a long way to go , I just have to walk kilometers across the field beyond the farm .",1.2,-127.16481685638428,-4.890954494476318,37.56992824214191
"It is a fable , such as accurate body consciousness notes from the underground and .",1.3,-112.66188335418701,-6.627169609069824,-4.348119594421064
"With a crew of the movie , we sat in front of Robin rushes us.",1.23076923077,-90.45177459716797,-5.653235912322998,21.511545875391093
Masses of Arab resentment was expected to rise to the leaders of the west side of their parents in the western humiliation of Saddam Hussein .,2.2,-142.8974747657776,-5.29249906539917,44.86522105819461
"Director Neil Cossons, the Science Museum , I'm sure you can restore the old number .",1.92307692308,-111.52712821960449,-5.576356410980225,12.984239425373602
"However , retake exam , students are allowed to count the perfect score usually win an exception because of a missed inspection through such diseases .",2.07142857143,-167.2630853652954,-6.4331955909729,34.85386980033687
It will be a good exercise acoustic string phone to compare the electrical system purely in Part 1 (November 1991 ) .,1.64285714286,-147.2552661895752,-6.402402877807617,28.811588427157233
Role of the state was more pronounced in Berlin of cultures .,1.70588235294,-70.81702423095703,-5.901418685913086,8.202073996548975
TRIP of AID provides lessons in fear and poverty in the Third World students,1.85714285714,-95.65544128417969,-5.9784650802612305,7.758135599277622
"Her anger faded to be , noticed his finger was trembling , she replaced rather than hope and optimistic wild .",1.21428571429,-154.3507890701294,-7.350037574768066,-4.559392976555131
"In the jargon of quantum mechanics , this choice of action , is called statistics the particles follow .",2.09090909091,-99.92788219451904,-5.25936222076416,30.46199470067944
"It is possible to format or spreadsheet of your manual , to design speedformat routine of your own .",1.54545454545,-127.3454475402832,-6.36727237701416,9.807569847171408
"' Ash , dust dust earth , ashes to the earth ... '",1.21428571429,-87.09275102615356,-6.699442386627197,16.10327390094062
"' It happened that Churchill far without Poor 5 Air School , was not there than from the mine hidden during the Boer War , it ' Clifford recalls .",1.5,-222.7505340576172,-7.1855010986328125,-2.886544591802334
"I , for example , need to buy carpet and wallpaper how much I enjoy working with numbers",1.3,-96.31206607818604,-5.350670337677002,31.143627799685277
"In addition , the test will be easier in the future , but it should be cheaper too .",4.0,-77.9706563949585,-4.1037187576293945,37.959789080859
"Then , I turned the picture round , and I completed the two sides of the other .",2.5,-80.55543994903564,-4.475302219390869,21.478344922315614
"If so , they can share their knowledge with us?",3.14285714286,-49.30478382110596,-4.482253074645996,22.26296885246994
I cant tin horizontally mixture and tip the mixture prepared tin .,1.0,-113.10705184936523,-9.42558765411377,-6.737109196062789
"However , there is something similar to the sun .",3.78571428571,-46.22243404388428,-4.622243404388428,11.189901319022873
"The U2 last night , the company announced a new video interference attractive of themselves with a grand bash at the planetarium of London ...",1.81818181818,-160.75158834457397,-5.953762531280518,35.03076963750729
But Mr. Leggatt hoped the lack of space for burial does not lead to a restriction in the future .,3.35714285714,-103.46618795394897,-4.49852991104126,35.31449412913068
It shows the prevalence of esophagitis in adult asthma population is clearly higher results.,2.25,-91.69661521911621,-5.094256401062012,30.315901025855666
"For this reason , for which a very successful , it was suitable for the production of plywood in practice.",1.46153846154,-97.97103691101074,-4.453228950500488,30.195172596899823
"However , I would like to have something to point to if they have built you a good road and rail . ",2.61538461538,-108.99800539016724,-4.739043712615967,23.92962428322778
"Do you can give a name to his disciples '? The ' , I asked one journalist .",1.0,-107.1335244178772,-5.638606548309326,15.210149643059907
"Tony Tom Frode , and odd Knut wait for us to arrive.",2.61538461538,-93.47414016723633,-6.231609344482422,10.66828302917908
"It can be tuned to give a crystalline energy , white line shows the electric force of the body",2.07142857143,-99.6823787689209,-4.984118938446045,32.46055257109208
Gift of making a comfortable environment with minimal resources .,2.84615384615,-63.56536293029785,-5.778669357299805,12.113067933732808
"One of the network in the United States , want a television interview .",1.8,-77.25845050811768,-5.518460750579834,7.926566506732129
"Companies trust medical research , health , youth , environmental protection , employment and , Guinness is offering financial support to organizations who are involved in the arts and education .",2.5,-171.42975521087646,-5.52999210357666,52.2292854970095
"Gang of Muslim extremists believe her story , the result was disastrous .",2.71428571429,-86.04144859313965,-6.145817756652832,13.14851590219223
"The rain turns on the campground their mud , it will fill the water tank of Famagusta .",1.42857142857,-118.14327049255371,-5.370148658752441,10.350230394327497
"Workshops and the second devised , Polytechnic of Napier , was designed to prepare the staff of the University for the validation event .",1.9,-143.36649894714355,-5.120232105255127,24.277752100984117
"Questions can be asked speakers ( see below ) , by the player ( would throw or simply ) or simply have thrown",1.0,-134.52596855163574,-5.848955154418945,31.78653986461319
"And they , I wish them to or we do? X.",1.0,-79.66412115097046,-6.12800931930542,-3.5425288623046924
"Less immediate , but there was a large potential impact of the limiting factor of the second .",2.5,-87.07408332824707,-4.837449073791504,27.03216090539955
"I hope to carry them out , just that there is a responsibility and still seems to me that she is making all the rules it .",1.85714285714,-129.40601062774658,-4.792815208435059,30.4758097204176
"Nest is complete, the men set off in search of the woman .",2.28571428571,-71.21579647064209,-4.747719764709473,15.334122009749038
"They made it clear that it was the victim of marital rape , them .",1.375,-67.18267679214478,-4.478845119476318,28.063360892907298
"The government , . , Which has plans investments in projects of sustainable development and reforestation , to reverse the process ",1.8,-135.49584674835205,-5.8911237716674805,4.553371366531053
He is not willing to compare the railway of England and France .,3.33333333333,-61.81513166427612,-4.75501012802124,21.966773160688305
"Place the child on his back , and remove debris of any in his mouth with a finger by turning his head .",2.25,-103.031325340271,-4.479622840881348,40.97187437104046
"Strach may be 37 , but who really gives a shit ?",3.78571428571,-67.6124758720398,-5.2009596824646,25.642109236747586
"In return , the church cut a figure somewhat uncertain .",1.85714285714,-80.36884021759033,-7.306258201599121,-7.985884317841254
"However, the offer is rejected is almost certain it .",1.42857142857,-67.91310596466064,-6.173918724060059,3.0293206768520946
"Smile , Harry put the letter back in the envelope .",1.70588235294,-58.58403968811035,-4.882003307342529,11.969186383233634
"As the top of the night , I would look great on the beach under the jacket or blouse under the considerable work for it .",1.0,-133.2366428375244,-4.934690475463867,25.968147699209595
"They also , please read the representative works of modern Chinese history and tradition , literature , philosophy , religion .",1.21428571429,-110.56187295913696,-5.264851093292236,31.39481707348051
He says his friends want to know all the secrets of his .,2.75,-53.78817319869995,-4.137551784515381,25.62159992388537
"You sophisticated , if you prefer brass finish , it is the cost and good choices Brass Dream fire £ 399 by Valor .",1.4,-186.32612228393555,-7.453044891357422,4.904520209029329
"If you've done it ' , so far , it is a miracle of the maximum has been done since the days of Jesus people exactly . '",1.2,-146.49590158462524,-5.0515828132629395,34.558154215742434
"She was temporarily suspended in order to kick something in the dark , pick it up .",1.0,-86.43579196929932,-5.084458351135254,23.851387790038217
"' I 'm from India back just , ' he announced that important .",1.0,-102.07342386245728,-6.804894924163818,-3.5955451863849675
It's like the discovery place every time an object you different but interested in going back is you .,1.2,-120.48174858093262,-6.024087429046631,7.514289938228174
"While reticent about Ferguson is sociable , McLaren holds a lawyer of his own .",2.25,-107.58653926849365,-6.328619956970215,10.839150729600647
I think she made a last attempt one deacon before departure .,2.09090909091,-83.62596368789673,-6.432766437530518,2.717968155053498
Air Show : famous red arrow is to provide a spectacular finish to the South Air Show .,2.84615384615,-105.48088645935059,-5.860049247741699,27.413711890763494
"Add juice and orange peel and grated , eggs , sugar , cornstarch , and ginger .",2.0,-89.65011596679688,-4.482505798339844,43.97951466311869
"If there is a referee younger than me , it will prove that someone has the courage true .",1.4,-93.34092283248901,-4.912680149078369,35.14994239042545
Pack : Minimal Packaging Some are designed to reduce waste during manufacture.,2.07142857143,-80.34561395645142,-5.356374263763428,27.73137010378109
"Mannikin ran before jump , of Cranston up and down the capital .",1.2,-115.68484306335449,-6.804990768432617,-24.859231552449927
"You must Matey for potato peeling 'to me , you must be ready for your guests to take the night of surgery . '",1.33333333333,-156.40948677062988,-5.792943954467773,21.246457880588423
It is said to be a candidate for another for DON HOWE take the NEW YEAR INTO U.S. R4 this morning .,1.75,-157.07201385498047,-5.817481994628906,-4.072806496110218
It is one of the way the Holy Spirit is to evoke a prayer to people of Messiah .,1.8,-91.63430833816528,-4.8228583335876465,26.87771669120491
The owner of Sega is larger in the department of pants .,1.8,-78.46334838867188,-6.538612365722656,0.12077283785177428
"I want to know her business , I 'm sick just outside hiking and reporters inside .",1.64285714286,-119.25778484344482,-6.62543249130249,6.002767263012416
"Or if , go into her kitchen , and interference .",1.0,-78.82712125778198,-7.166101932525635,-15.075729118408773
"However , in 1976 , local governments in East London , was able to publish the benefits to business of each region .",1.5,-114.38694143295288,-4.9733452796936035,42.04878272294903
"This price and product detailed description , might be what the contents of the complaint , or idea , of new products .",1.46153846154,-138.140775680542,-6.006120681762695,7.446534226370915
"Accounted for 15% for 28.5% of total loans from London in 1991 , Japanese banks other banks , the Bank of America 40.7% in London .",1.85714285714,-162.92608070373535,-4.791943550109863,39.13262193927099
"Before it was due to what they have left , mother of Catherine had come a day home .",1.0,-107.80203676223755,-5.673791408538818,10.215373938989302
And wants to Twickenham meeting with either Hitchin or Kidderminster Carolians in the finals .,1.75,-124.19323968887329,-5.913963794708252,-0.3583427593218289
"And then who was Elsie , what happened to her?",3.30769230769,-52.79015350341797,-4.399179458618164,16.90525044309453
"Staring at his eyes , look at the curb hunger there , her heart seemed to be reduced then to swell inside of her .",1.75,-138.28007125854492,-5.318464279174805,25.629152563680947
"Happiness of enlightenment and transformation , penetrate to the marrow of the bone very his .",1.0,-116.22466945648193,-6.836745262145996,-9.043972958477184
"- One of the respondents in the control sample , had owned two of the fourth and three characteristics , all three .",1.42857142857,-130.9350700378418,-5.692829132080078,10.171968451733022
"You wonder why - but , I mibbe to be thanks to the MA",1.25,-105.53697967529297,-6.5960612297058105,-8.40694233681927
"This thick , is an important Bernese Alps Special region , skirt reading a book of previous somewhat .",1.5,-161.8880271911621,-8.094401359558105,-19.229206367473324
"Beautiful flowers and dark stripes , fast , strong interior of golden yellow and fragrant , honey , purple tinged with the plain gray on the outside , .",2.07142857143,-173.0697021484375,-5.408428192138672,39.34045591860681
"There is considerable knowledge of young people about the harmful effects of smoking , people who take or smoke , do not go outside of purely ignorance .",1.75,-134.37646675109863,-4.799159526824951,60.742399347695965
"If they are wise , they , and where they are , do not say they .",1.21428571429,-68.03757238388062,-4.0022101402282715,26.49105339976471
Annual sales of tandem was 24 % increase $ 1.6 billion .,1.69230769231,-83.15915822982788,-5.543943881988525,31.36136710014125
"The Gwyneth Woody , Roihatazuri was muttered about commissioned the old people like garbage when I said was dismantled health services secretly we .",1.21428571429,-236.43250465393066,-7.8810834884643555,-40.84490658117045
Man could you please get off freely without scar was discarded and his wife and children for another woman ?,1.25,-125.28994560241699,-6.26449728012085,20.788659177436926
"Cats Protection League Bazaar , Congress Room , Royal Baths Assembly Rooms , Crescent road .",1.6,-131.43657732009888,-6.917714595794678,7.688558602689312
"I'm worried about the impact on the 600,000 people considered their findings , and are affected by the release of radiation .",2.125,-118.81848573684692,-4.752739429473877,30.377091139597752
"Viol tried to flag down another one , but the driver was ignoring him .",3.8,-69.45659637451172,-4.630439758300781,36.38545184148876
"Macro function of cross- application -oriented graphical programming tools, and application programming interface is also provided .",3.25,-124.46638011932373,-5.926970481872559,39.589814649575004
"Third , uncertainty surrounds the future of the industry now .",3.57142857143,-61.620418548583984,-5.601856231689453,12.021129235853294
"As everyone knew , to raise the Arab army against Turkey on its own , it has not been led by him , ?",1.42857142857,-123.50735092163086,-5.146139621734619,35.295081687986
It is essential for both the holiday schedule and planning of the cooperation plan closest to and from each unit manager and distribution officer .,2.4,-139.9809718132019,-5.599238872528076,32.7452914055944
"There is no sign of learning from '10 that robust criticism , body convincing no evidence , failed ' .",1.46153846154,-134.0510687828064,-6.3833842277526855,16.328348118229627
"The survival time , I was defined as the period between the death and surgery .",1.85714285714,-77.30506134033203,-4.831566333770752,20.189925390716084
"The , 32 Mr. Tadgell, she rented a flat in Australia and Joanna and progresses to waitress at the casino from cleaner .",1.23076923077,-176.28765296936035,-6.295987606048584,3.942688487994417
"Just eyeing the Thalys to tremble carefully same eve , Daurog to go about their business .",1.17647058824,-150.72463130950928,-7.177363395690918,-19.277181795837834
I asked my friend from Scotland Yard to help .,4.0,-53.18114757537842,-5.318114757537842,18.62308945850127
"The children fell back on either side without noise and glared indignantly about him , Jenks said , and marched along the corridor .",2.3125,-145.45808029174805,-5.594541549682617,29.259188962627235
"Detective your detective story , of course , walking around in search of information .",1.42857142857,-84.1487808227539,-5.259298801422119,15.0056241527178
"So , you are working on a political model of peer group and meaning photography ?",1.5,-95.37400817871094,-5.960875511169434,16.528985559906218
"It is not like the old days people used to live in the city and village , knew or something that great-great- grandpa horse thief .",1.42857142857,-156.66037559509277,-5.222012519836426,20.55192601906913
"Directives , speech that was reported to be had to the application of election and parliamentary paper is now available .",2.0,-127.65826797485352,-5.802648544311523,8.875538953160259
"About running north-south , with it lying Ryknild Street between also , as is another ; branch north of the road Tiddington",1.1875,-178.83498764038086,-6.386963844299316,-16.619025014494866
"That bathroom feel free to ask , ' If you want to use yourself .",1.23076923077,-79.87650632858276,-5.325100421905518,21.614054731409098
"When the Indians went to hunt , or for animals , whether for Indian rival , firepower they were fatal .",1.0,-130.7296643257141,-6.225222110748291,18.3660159249836
One in three women said they is not getting enough respect from men and boss .,1.375,-71.85710144042969,-4.4910688400268555,33.861884506341895
"' After the end of a great team of our ' 86 us for a while , were building a sand castle - is collapse all the time they .",1.2,-180.3127670288086,-6.010425567626953,22.050077347644162
I was raised in order to find that everyone was the Colonel Fagg to this establishment strangely stunned by courtesy amiss .,1.42857142857,-159.70002365112305,-6.654167652130127,6.750088637896027
I recorded eight years ago a double level - one person is showing signs of poor health in six trees of all of Switzerland .,1.21428571429,-149.95652437210083,-5.998260974884033,36.00404500197408
"LEFT: during a session at the Hampshire Lepestone point , decorator Kevin Burton and painter , latch on plaice of 14 ounces 2 pounds of this initial .",1.0,-243.62322807312012,-7.165389060974121,-9.443874626080174
"It is estimated that 65 % of the transaction is spot , rest and are getting forward .",1.5,-107.59960842132568,-5.977756023406982,19.01569790674567
"Mob as gathered , assistant military attache asked Andrew for pipe performance episode of Reykjavik .",1.17647058824,-141.91168785095215,-7.095584392547607,-1.6109694989794434
This was the need to qualify later call to the bar .,1.42857142857,-75.9756031036377,-6.331300258636475,-2.2285396379125046
"I look out he comes here , for this man ' . '",1.21428571429,-74.20622777938843,-5.708171367645264,6.399083967517058
I think ' I would not have been mischief gon you have a fit .,1.0,-98.7654161453247,-6.5843610763549805,5.526564426813778
He was not able to go through it again everything .,1.5625,-54.17575216293335,-4.925068378448486,12.119232336290679
Will you help you find what happened we '? ',1.375,-65.8575611114502,-5.987051010131836,11.85658059291211
To give the skills required to perform ( relating to Rule 4 ) children without difficulty simple mathematical functions,1.25,-121.6281509399414,-6.401481628417969,29.13302003372604
Distinction of equality in use and distribution of social services and equity is essential to discussions on health disparities .,3.57142857143,-104.86284399032593,-4.993468761444092,43.4789135833546
"After you have the tea , I would go to bed me.",1.0,-64.1807804107666,-4.936983108520508,16.185490548009426
"Malt dispatch purchase of barley , intake , laboratory , dipping , germination , and the kiln was included in the tour comprehensive .",1.64285714286,-179.840106010437,-6.660744667053223,4.57895661963596
"After all , was the only command of the small force he was able to break the system .",1.3,-91.25903797149658,-4.803107261657715,16.703016130232086
"' I did not want to be a superstar , I wanted to be able to play just right .",4.0,-66.59485340118408,-3.329742670059204,59.18240019104455
"Registration organization of ship Lloyd's Register , the largest , being sued in the United States in the fire ship 159 people died two years ago .",1.42857142857,-158.84944343566895,-5.673194408416748,42.442756981962845
"Not preclude , of course , this is an important social reality is that crime and violence in modern society .",1.4,-107.76258659362793,-5.131551742553711,28.90132942222644
"They are , in a game about Kappa energetic 4-A- side and volleyball net strung between palm trees two .",1.0,-171.00485229492188,-7.125202178955078,-6.263056823441019
"The administrative structure of the partnership with the emphasis of different institutions to coordinate , tend to suppress the unusual in any case .",2.3125,-132.32581329345703,-5.513575553894043,25.9344908861151
"While he told me about his childhood , we walked outside Gloucester around solemnly and in the precincts of the cathedral .",2.63636363636,-121.12588119506836,-5.046911716461182,30.63613265459304
"( By UK standards ) reasonable that a few days of writing my plan , dawned it is pointed out that day .",1.4,-155.26709747314453,-6.4694623947143555,6.072874692361552
"Whether has important pathogenic directly as Wegener's granulomatosis , the autoantibodies has not been determined.",1.64285714286,-125.63372993469238,-4.832066535949707,2.707625349637965
"In response TV , press publicity incident spread , urged the civil rights march on August 24, Dungannon years from Coalisland.",1.46153846154,-189.4352388381958,-7.016119956970215,-6.652920172286571
"Of course , seeds , is much richer in nutrients than the fleshy coating of any .",1.1875,-101.33843994140625,-5.629913330078125,18.721593514485832
Angler has been accused contamination for reduction in the number of fish in several sections of the river Severn and Avon .,1.6,-126.05136632919312,-5.042054653167725,38.854193733859915
"The O- level Robin children , and refused to absolute magnitude , marking time , he refused it and gave way to GCSE within the class of all .",1.375,-204.9033226966858,-6.6097846031188965,-4.4994124740864265
Do you aware of the obstetric interventions change practice rate ?,1.46153846154,-81.25920867919922,-6.771600723266602,6.283140086079598
"It is a lotion of light , oil-free makeup remover with synergy Ultra Gentle Eye and extract of rose , £ 2,99 / 200 ml soothing properties .",1.8,-214.59781169891357,-6.311700344085693,37.60537764631357
"Physical as well as moral recognition , therefore , Tate and Stewart , was the impermanence of the world degradation of more energy .",1.92307692308,-158.08953189849854,-6.080366611480713,5.893985597817334
This rule will be subject to ( see Chapter 5) number of exceptions .,2.5,-78.23020219802856,-5.215346813201904,23.93190736575312
"Malcolm , have collected an old piece of 10p on behalf of his daughter for a kidney transplant association .",2.2,-125.33031845092773,-5.696832656860352,29.379740495280032
We would like to thank Ken Byron to set up the required journal of many dance and drama education .,1.92307692308,-113.61580848693848,-5.680790424346924,28.173066760905982
I was associated with gastroesophageal reflux undoubtedly cycling .,1.69230769231,-76.67622089385986,-5.47687292098999,2.9943615825951753
"True , the tape of Tom , as opposed to the story of the ghost of bedtime , it is a scientific analysis to this tone .",1.42857142857,-148.7317886352539,-5.311849594116211,15.104472842758412
"As suggested in argument , it would be to swallow the elephant and strain gnats certainly .",1.375,-112.26616287231445,-6.237009048461914,5.479124252081164
"First job that takes a typing course , will have me , I have moved the 50 miles up the road here desperately .",1.0,-146.11532592773438,-6.088138580322266,14.00721315422689
Dr. Banda wave the fly of his moment related whisk .,1.2,-99.53628969192505,-7.656637668609619,-9.696413313001685
Both were former members leftist extremist Red Army (RAF).,2.07142857143,-70.38008308410645,-5.865006923675537,19.690185319130833
"However , in any case I am grateful for your help """" - change - again her tone """" . '",1.0,-117.14641284942627,-5.578400611877441,45.6063089225226
"Tickets Sergeant 6155 , an extension from 6331 ( telephone 091 567 Gordon Perkin from .",1.23076923077,-155.05951023101807,-7.383786201477051,-3.766463697815823
"Your joking about Porsche think , I please do not you ?",1.2,-86.20116233825684,-7.183430194854736,2.6045830823243676
They expressed their anger with the pious ballads obscene echo of the story down under .,2.2,-113.78939533233643,-6.693493843078613,6.8065092488521515
"Religion: Christian ( Orthodox Bulgaria ) , Islam is practiced by a small number of large and small Pomak Turkey .",1.5,-131.1262664794922,-5.463594436645508,40.14621178128621
"Doctor , """" do not have here is black dog I said ' .",1.0,-97.23192501068115,-6.9451375007629395,0.4064676428407381
"Learning skills, manipulative as typing like this takes time .",1.25,-79.63996601104736,-7.239996910095215,6.299681280924986
Located in the wall of the corridor in front door phone joint us.,1.0,-84.82441806793213,-6.058887004852295,12.496070936577013
Mr. Carpenter said: ' all victims were frail and elderly .,3.35714285714,-71.10416412353516,-5.469551086425781,25.62882481545816
"They say a gay you are known , you can believe it , """" the third has been added we ' .",1.46153846154,-134.12230587005615,-6.096468448638916,10.597112346857756
"BALANCED calcium intake , means the health YOU TOMORROW than today",1.5,-120.16518974304199,-7.068540573120117,-28.62497957489471
"The bishop , when he moved into the house 10 years ago , was on the market for 18 months , it had become run down very .",1.52941176471,-127.62735366821289,-4.558119773864746,48.49283506875838
"He said, ' I thought might help the student anti- draft the military camp around when I go to America ' and .",1.2,-148.71782064437866,-5.9487128257751465,18.07021966608849
"Candidates may need to be taken into account when fixing the schedule and people from their own separate other , are as follows .",1.6,-131.44618272781372,-5.257847309112549,32.36436095727217
"Before she realizes , her mouth was to form a word .",2.4,-73.63559532165527,-6.1362996101379395,2.6481417607446076
Water temperature : temperature range ° of normal 72 -76 ° F.,2.15384615385,-87.48359775543213,-6.248828411102295,29.768841199001287
It is a painful start off surface as red mark first .,1.375,-94.32174682617188,-7.860145568847656,-10.593678256729333
"What are we really ' , thinking , are struggling in the time of this point , and we do is about what ? '",1.2,-145.54589986801147,-5.821835994720459,2.3775076242712316
I do not think Chris and band and know each other well at a time .,1.2,-78.03361511230469,-4.877100944519043,23.93875891650289
"The ' Donna , we said that it should call the police .",1.0,-77.1724305152893,-5.936340808868408,2.319449082753536
"It is like to moist alkaline pH of a little more normal , than is found in the ( usually slightly acid ) vagina , moist and airless place .",1.75,-187.9580535888672,-5.8736891746521,24.952008539387492
"Ann Magnuson of Bongwater also carries incense for incandescent , Kim Gordon , is carcinogenic Zippo in full flame .",1.27272727273,-188.275249004364,-6.492249965667725,-6.854745843703313
"Now, she , she noticed that it had two doors to most rooms in the house , that it was looking closely .",1.0,-110.33474349975586,-4.597280979156494,34.113993908428625
"Being conscious that was thirsty at least , Shelley , drank these , and was a long afternoon it both .",1.23076923077,-150.30611371994019,-7.157433986663818,-15.27898196534818
"But now , they argue the cost of free accounts is too high .",4.0,-66.80233001708984,-4.771595001220703,22.17474152682324
"Pallistar and Bruce is injured , but what happens if you have a ( decent ) cover any of them .",1.64285714286,-125.56436157226562,-5.459320068359375,21.423015803945106
"However , his mother has been arrested , was now to him to be responsible for the revolt in Poitou it .",1.2,-124.20272827148438,-5.175113677978516,13.232735296616198
"However, there are people you know , brilliant punch , is to ride again at some point in the future still .",1.70588235294,-122.50570392608643,-5.3263349533081055,24.440039947905206
"The size of the average household , it has declined from 3.09 in 1961-1987 to 2.55 will continue to ( Table 2.6 ), respectively .",1.81818181818,-146.34843635559082,-4.43480110168457,46.37370067097473
"That dialogue is expressed , form is one that suits the subject and mood of dialogue best .",2.28571428571,-100.70335292816162,-5.594630718231201,21.1856741566246
"She had come to England from Berlin in 1930 , and I had begun her studies at Central School of Arts and Crafts .",2.38461538462,-94.78161931037903,-3.791264772415161,68.84386877942762
That it is one of the women elected prince has its drawbacks .,1.23076923077,-81.8197455406189,-6.293826580047607,5.336616689822236
"At least , Ferdinand , now , she knew what a lot of English that has been said to pen him to feel important .",1.16666666667,-148.34414720535278,-5.933765888214111,8.18136406552324
"As if to remember his manners , he saw the invitation Nicandra he .",1.375,-111.3042140007019,-7.420280933380127,-19.652517435925517
"' Two methods - ask a beginner , ' a trembling voice from outside the door said .",2.3125,-113.53910064697266,-6.307727813720703,14.923235521489602
"Outdoors in spring seed to sow , or divide the plant in the spring , allow ( 2 feet ) 60 cm between plants .",1.75,-147.46240234375,-5.671630859375,39.6074684266668
Chapman was impressed with his knowledge of football injury immediately Whitaker had become an expert in his field by 1925 .,2.07142857143,-125.79935073852539,-5.241639614105225,40.356104625143274
"Dexter , speculation had begun to share the same nagging feeling of depression since the end of the interview with Parkin , she had tormented him .",1.75,-144.69625520706177,-4.66762113571167,50.52509837213424
"We still have the house of the widow , and Lincolnshire is lovely in May. '",3.18181818182,-91.1977071762085,-5.066539287567139,17.510241248175035
My first real friend was probably a boy named Adam .,4.0,-47.00900316238403,-4.273545742034912,32.58256487628583
He wore denim overalls and with a bucket and a brush.,2.5,-63.020591259002686,-4.847737789154053,22.827743673729145
In the following year he had custody of the castle of Rochester.,4.0,-62.54884386062622,-4.8114495277404785,19.56074539914806
Booking is essential for a bike ride Wirral Country Park on Sunday when the leader will be Cheshire ranger Barry Jackson.,1.92307692308,-139.79272270202637,-5.376643180847168,54.20749290670045
This expression is known as the fundamental theorem of Riemannian geometry .,3.76923076923,-54.53141212463379,-3.635427474975586,34.226630018674825
"Greg Hocking was one of those rare people who drift into teaching and found , to his surprise , absolutely made for the job.",2.5,-124.99755096435547,-4.807598114013672,47.64149291264488
In the exercise of functions to a new minister will be responsible for many of the departmental policies .,1.6,-98.01921844482422,-4.900960922241211,24.31229690999649
"When Rhun in kindness gave an arm to lift your knees , still hung heavily , desperately clinging to his humility.",1.23076923077,-149.9045820236206,-6.517590522766113,19.28417180599726
The figure shows how the A- measure per unit area varies with reading the radiometer .,3.35714285714,-102.67979335784912,-5.704432964324951,23.229463318793762
In some pubs serve beer handpumps fake gas .,1.5,-93.1021614074707,-8.46383285522461,-10.33523453450772
"Indeed , complaints are often many control requirements are of TEC .",1.52941176471,-94.669930934906,-7.282302379608154,-4.54844266060023
"Preliminary work began last September, following the appointment of two field officers who are employed full time on the project.",4.0,-87.94222640991211,-3.664259433746338,70.0815650190186
"This is , of course , only a trend , and the removal of the largest local police , central police can reduce this effect.",2.4,-126.56963729858398,-4.868062973022461,33.67637771244932
Tod has other dream that is a woman.,1.21428571429,-60.01396179199219,-6.001396179199219,3.8924602898373806
Valuable coaching can often come from the theater school tutors who can give a fair assessment of the possibilities you may have before the audition .,4.0,-133.8831844329834,-4.7815423011779785,60.73200691521521
"Because simulated annealing is a stochastic algorithm , different runs of probeorder not necessarily produce the same output probe order .",1.5,-134.7434597015381,-5.182440757751465,42.432153934087154
"Although the music was lively , moving arms only .",1.0,-70.2475643157959,-7.02475643157959,-2.504641740828717
"But the report also blasts authority bosses for not controlling the activities of the 58-year- old Mr. Watney , who retired early last year.",3.75,-136.56901359558105,-4.552300453186035,54.04910763903362
"Some, of course , respond personally ( had included shipping) .",2.58823529412,-84.73635721206665,-6.518181324005127,2.4461801121947104
Four of these areas large or larger than our moon.,1.6,-58.912437915802,-5.355676174163818,18.326831163274235
The cafe itself is so full of smoke that I feel out on a bench .,1.2,-79.9110336303711,-4.994439601898193,23.839165274539425
The surface need not be perfectly flat or even .,3.6,-45.92430114746094,-4.592430114746094,20.737095499152957
"Since this work has been done , the draft schedule can be examined in closer detail - and probably torn .",3.0,-104.37602376937866,-4.970286846160889,45.67895225294362
"There are 5,733 empty housing , nearly 2,000 of which have been empty for over a year.",2.25,-81.21411085128784,-3.6915504932403564,49.40216765043917
Heath ( 3.3 ) summarizes a tradition influential and long tradition in the study of class differences in education.,2.28571428571,-115.69109058380127,-5.030047416687012,36.89793350137384
This phase is believed to have been controlled by reactions between salt solutions associated with sediments and Permian volcanic rocks and underlying Devonian rocks .,4.0,-134.16207361221313,-4.626278400421143,77.54946221052279
And its price - the price can be extremely useful .,3.4,-57.330488204956055,-5.211862564086914,18.875394538368695
"There was significant improvement in the care of the miners in the clinic Mansfield , however , as this was much closer to their homes .",2.61538461538,-127.95103883743286,-4.738927364349365,41.03086532157508
Gere and Basinger star in the erotic thriller Final Analysis that Warner Home Video is released in the October 18 video libraries .,2.09090909091,-151.33221626281738,-5.820469856262207,53.03982746602043
I get my disappointment and sympathy at the same time.,2.90909090909,-44.85864591598511,-4.07805871963501,28.73340731929582
The horse took off like an arrow from a bow. ',4.0,-48.307044982910156,-4.02558708190918,33.90066988594003
The British Horse Society is anxious to find out why a third of them should have occurred just this year.,3.76923076923,-95.72788524627686,-4.558470726013184,47.732900547044125
"Made with Pertex fabrics and filling Quallofil 7 , Kompakt Lite weight only 1.2 kg and, stuff sack , reduced to 7l .",2.25,-217.62179279327393,-6.400640964508057,-2.0691535972825363
"In exceptional circumstances , the Head of Department waived the withdrawal clause if there is a reasonable explanation for the lack of notification.",3.29411764706,-101.42578125,-4.22607421875,64.50604946622792
The strategy has been so successful in the field of science and technology encountered serious problems when applied to complex social systems .,2.28571428571,-98.83410215377808,-4.297134876251221,63.099508576159025
Small specimens are sometimes confused with Synodontis petricolor .,4.0,-70.57329082489014,-5.04094934463501,8.114099134228965
"They called out in the very early stage and it was hot , very hot .",3.4,-74.46543884277344,-4.65408992767334,22.434283748702555
"Your muscles , though not as tight as those of a young man swelled with the effort.",3.4,-79.1454906463623,-4.165552139282227,40.33699406284913
"The review copy is a solid black , but the basic model is oiled .",3.4,-91.67576599121094,-5.729735374450684,9.788766258928916
Loving a man who was like a louse .,2.84615384615,-53.730502128601074,-4.884591102600098,6.234035268427164
This fundamental movement can not take place except in a liquid medium .,4.0,-66.77013444900513,-5.13616418838501,25.8593397274484
Upper Stowe Stowe was once called Butter London because the company collects butter here .,2.25,-113.10400772094727,-6.28355598449707,19.34347089194253
Induction of adhesion in certain subsets of T cells by specific cytokines would make the process more flexible lymphocyte recruitment and selectively.,1.9375,-140.17729377746582,-5.006331920623779,51.346824044901695
 If I had been in your place I would have walked right over it. ',4.0,-52.373844146728516,-3.2733652591705322,51.59069698691138
He closed his eyes and saw the movement of his chest had stopped.,3.625,-47.96887826919556,-3.4263484477996826,39.69120967922488
A friend to everyone who knew ... much loved and missed .,2.25,-70.39310073852539,-5.866091728210449,17.719102985287776
"- But he missed - walls were built on it , the paper had disintegrated. '",2.2,-100.6146297454834,-5.5897016525268555,15.284627263165817
" He's going to buy a new typewriter, that old thing practice makes a noise like the trumpet of a candyman .",1.8,-126.06908082962036,-5.0427632331848145,28.42439113512819
It is among the qualifiers for the Lancome Trophy in Paris .,4.0,-70.81916427612305,-5.447628021240234,15.786871486699425
" Robe for you ? - Protest amazed Laura replied ,"""" I would make time .",1.5,-134.00932025909424,-7.882901191711426,-11.556779405144198
The maximum length prior to combustion boilers 10.5kW and 18kW output was three meters.,2.92857142857,-114.44953155517578,-5.202251434326172,13.835191950234986
"Getting up slowly like an automaton , went to the counter and picked up the receiver .",2.125,-81.7364616394043,-4.540914535522461,32.88751492673461
"They were like cogs working together, fitting into place when and where they were needed .",3.78571428571,-76.19111251831055,-4.232839584350586,44.429034871260555
We're supposed to call the Lowfields or continue as before ' The Stand New East '?,1.23076923077,-125.05853939056396,-6.582028388977051,0.6794231959718786
"Supplement per person per night £ 135 for the first night , 105 EUR for each additional night (minimum 2 people).",2.90909090909,-110.88042497634888,-4.820888042449951,77.83571286215218
"You must obtain a certificate of posting , which is available for free at the counter.",3.8125,-68.102454662323,-4.006026744842529,46.21474549174512
"Second, retained 25 percent of the funds out of the system capitation formula for discretionary allocations .",2.92857142857,-106.80632591247559,-5.62138557434082,32.33645574439379
The modernization and industrialization of the nineteenth century Britain changed the map population.,2.6,-77.05587387084961,-5.137058258056641,27.035306784085023
"Pallister 's rivals are: Steve Bruce (Manchester United) , Stuart Pearce (Nottingham Forest, Paul McGrath (Aston Villa) , Gary Lineker ( Spurs ) , Ray Houghton (Liverpool ) .",3.25,-164.66705417633057,-3.503554344177246,156.1471192032098
This shows that the company has learned nothing from this lesson.,4.0,-45.07172870635986,-3.7559773921966553,34.63673345447022
"Here we have an uninterrupted view of the prospect , and what a glorious prospect is , stretching far away for miles on each side.",3.14285714286,-110.74582290649414,-4.259454727172852,67.17932036847861
"Left Debenhams wool jumper , 24.99 pounds ; chambray cotton shirt , € 15.99 , loop, 7.99 pounds ; Mill ropes washed, € 29.99 , Gibson casual shoes , £ 34.99.",2.90909090909,-234.09268856048584,-4.681853771209717,87.34812332858388
Orthodox Judaism still teaches a separation developed the menstruating woman from contact with the men in her family.,1.75,-104.74397277832031,-4.9878082275390625,42.12795641120121
A recent survey revealed architectural issues in the 60 years of age in the Treatment Church Road.,2.2,-114.47541904449463,-6.359745502471924,17.60977827505826
The fireplace in question was put in a huge wall that divides part of the main room.,4.0,-79.39607334136963,-4.410892963409424,41.53746503088014
She Burrows was another example of dedicated service.,1.64285714286,-54.84245777130127,-5.484245777130127,12.319885558680156
"It is an act of courage to start over in a garden , and proof of insurance for own design capabilities .",2.0,-116.05772304534912,-5.275351047515869,28.016566132967682
This deliberate emphasis unreliable and hurtful past relationships of young people raises a dilemma for residential workers .,1.375,-126.02407169342041,-6.632845878601074,22.432483741514062
"The law of July 29, 1881 stated, """" the publication and a free press .",3.0,-89.74143505096436,-4.985635280609131,29.880654469364032
From what I can see we can go to Dersingham or the man himself.,3.07692307692,-79.5956563949585,-4.682097434997559,18.03091107953003
Turn them into public gardens and create an attractive place of an eyesore .,2.92857142857,-76.85075283050537,-5.123383522033691,27.9489521004393
Mr. Hawke last week reiterated its support for the recruitment of new airline pilots abroad and rehire their former drivers in individual contracts .,1.9375,-131.36364555358887,-4.865320205688477,74.12940802832244
"Julie , it is believed , tried to run for it , back along the wooded path Elizabeth was broken.",1.42857142857,-130.54008436203003,-5.675655841827393,12.225218076318441
"In February, the council refused to allow a variation of hours .",4.0,-66.38637399673462,-5.106644153594971,17.89528543740238
"Nine schools from three Midlands LEA, will be identified by in-depth study , following a questionnaire survey .",2.6,-122.12203407287598,-5.55100154876709,26.078842264818803
"It's when you see the pretense of neutrality , as it should be , as a farce that damage to the judicial system.",1.4,-107.84021329879761,-3.994081974029541,48.97844298539806
"Some of the trees , vegetation and animals were mechanical creations of Mirage Enterprises.",3.78571428571,-86.01261377334595,-5.7341742515563965,26.016480561244165
"I say that because that's what I think, although it could be that even she .",1.46153846154,-69.4352502822876,-3.857513904571533,34.49918232886262
"Julie husband Tim was crying at the tomb of St. Botolph in Church Brampton , Northants .",1.23076923077,-120.50564956665039,-5.477529525756836,19.801590487893833
"They are scripts for NCR System 3000 , Sun , HP and IBM host DECstation .",3.2,-129.75713539123535,-7.2087297439575195,6.578764962885714
Invite the person closest to you to give you an honest opinion on the degree of diplomacy you exhibit .,3.8125,-88.92521953582764,-4.23453426361084,52.273967648398894
We have seen your golden smile on the cover of Tatler and figure in dozens of trendy fashion magazines .,3.53846153846,-103.41572141647339,-4.924558162689209,47.76812699094651
There is little room and apparently without regard to a contract by the appraiser as principal.,2.0,-99.95472049713135,-5.553040027618408,14.455645476994121
The rates specified in the program files on the hard disk of the PC to allow almost instantaneous search keywords.,2.38461538462,-107.50832176208496,-5.119443893432617,46.29053994070304
"And the show ended as it dropped into the fire of a chorus from the rest of the family of """" unclean, unclean ' Alf .",2.0,-152.82773160934448,-5.269921779632568,28.46785873902786
John Taylor was an itinerant craftsman who came to Oxford in 1839 to recast the bells of the church in Loughborough.,4.0,-105.0013952255249,-3.7500498294830322,63.32600091308649
"Be flexible , if necessary suggest more time is devoted to a topic in a separate meeting .",2.4,-97.49907875061035,-5.4166154861450195,24.0730747725797
It was originally published by the American company Houghton Mifflin ) .,3.4375,-64.25333404541016,-4.015833377838135,27.353335320808668
For the truth is that no single agent affects our planet as much as we do.,3.47058823529,-61.94184422492981,-3.6436378955841064,55.354622061497665
"Those days are gone , thanks to our measurements.",3.66666666667,-54.60596561431885,-5.460596561431885,13.132242191297394
Glass exploded and destroyed everything around as the wind and rain storm broke down the hall toward them.,3.07692307692,-84.73170185089111,-4.459563255310059,59.5952518191834
"Lay participation in service management fell , instead , community health councils were created to represent the public.",2.8,-112.60428524017334,-5.926541328430176,30.471584884149678
The result - The Romance of British wool - will take place in one of the largest and most prestigious stores in the world in October ( 8-18) .,3.8,-141.07003784179688,-4.408438682556152,63.290148274056264
"Why not surrender to the stupidity of it, instead of feeling anxiety ?",3.53846153846,-69.82926845550537,-4.987804889678955,26.96249458612536
"TV presenter Keith Chegwin opened his heart before the cameras yesterday and admitted """"I am an alcoholic.",3.75,-107.00158452987671,-5.095313549041748,53.14329233461447
"They settled in the south -west , and its king , Ataúlfo , held court in Narbonne .",3.25,-134.24010276794434,-5.369604110717773,-9.277453507724005
"Borrowers , Mr. and Mrs. Clothier , had a € 225,000 advance on his home in Silverdale Avenue, Walton -on -Thames .",2.71428571429,-167.25568056106567,-4.778733730316162,25.122363056375832
"Couple of fat in holiday plaids , bouncing on the children and the low g cooing over moondirt souvenir jewelry .",1.27272727273,-189.1353302001953,-6.754833221435547,-15.932915647548697
The Presidential Council initially appeared designed to replace the CPSU Central Committee Politburo as the main headquarters in the Soviet Union political decision.,3.2,-138.8101100921631,-5.141115188598633,53.22673035703869
The affection . Knight said the proposal was half .,1.6,-75.68250179290771,-7.5682501792907715,-10.632320503960102
Adding an associative this procedure modeler is seen to provide the possibility of mounting a process kinematics truly automated .,1.66666666667,-141.23482131958008,-5.88478422164917,25.075605351049518
"The conveyors are designed to withstand accidents , and until recently the Govenrment ruled out any possibility of a radioactive leak .",3.76923076923,-128.18670272827148,-4.930257797241211,43.162317122916704
I knew I had to have a wound : she had not drowned or strangled or poisoned.,2.15384615385,-88.84778928756714,-4.676199436187744,31.097876197598126
"Now , only half of the company's revenue comes from mainframes : the new strategy means selling smaller machines , operating software based on industry standard """"open"""" .",3.07692307692,-167.3554229736328,-5.229856967926025,56.799705359465634
We are firmly committed to equal treatment of men and women in pensions.,3.78571428571,-49.03541135787964,-3.5025293827056885,47.175049836111356
"He will report to a board headed by Sir Robert Telford , president of Marconi , a subsidiary of GEC omnipresent.",4.0,-113.39143180847168,-4.361208915710449,50.22994516354501
Take the movement A and B nonrelativistic so .,1.2,-74.26408815383911,-5.712622165679932,-14.601998093438496
A training allowance and travel expenses for the 16 -week program.,3.4,-67.01734590530396,-5.15518045425415,26.63849371488017
"Note the different cell types , such as muscle , skin, gut, and nerve .",4.0,-79.72215414047241,-4.689538478851318,32.955803657320544
Bridget reported that the number for the Easter course were much lower than in the previous courses held in Avery Hill .,2.75,-124.29979705810547,-5.1791582107543945,37.06968208328951
"Single room £ 4.00 per night , extra night £ 16.00 per night",3.4375,-69.34415912628174,-4.079068183898926,56.14275139754052
"( 13 ) , who were also unable to detect an P3A + α subunit transcription in muscle of chicken, beef or mouse , the mouse thymus torpedo electric organ .",1.17647058824,-199.16378021240234,-5.382804870605469,73.70277772542607
 Because the area around Cullbridge is rich in rare species.,3.53846153846,-59.89181900024414,-4.990984916687012,22.69635209694694
In a late spring cold can be difficult to graze outside the rye in time to work up a good farm for beets.,1.4,-139.0068655014038,-5.3464179039001465,27.385437954038167
"Dogs Today thoroughly enjoyed and try to convey all the right things to do to our scallywag present , Monty , but not impressed .",1.21428571429,-166.16437911987305,-5.538812637329102,13.62482522611515
"In the 1880s Neanderthal remains were found more alike , and many paleontologists began to argue that comprise a distinct species intermediate between apes and humans.",2.38461538462,-134.36027097702026,-4.334202289581299,79.60276310815709
You will receive a personalized card with the distinctive club that can claim that Air Miles at participating Shell stations .,1.92307692308,-124.69103479385376,-5.937668323516846,38.297982254979615
 The idea is to make it easy and try to get a good picture of how they feel about their own health.,4.0,-69.9060652256012,-3.0393941402435303,75.08538981428734
"In almost all investigations of any size , a researcher may be occupied full time taking depositions during the first days after the accident.",3.625,-124.89068222045898,-4.803487777709961,53.052040427540504
"She had days off to Hickstead and his mother sent a note to say , ' Deirdre has its attack bilius and not entered .",1.0,-185.5578088760376,-6.18526029586792,-7.626708707601068
But I think I had a good time .,4.0,-30.6855525970459,-3.409505844116211,19.63546752462109
"Thinking now Mike was bad, it was disgusting, but I could not help it.",2.875,-77.44763946533203,-4.302646636962891,33.27037221261723
"At this time, Kendall is not new to the aristocratic Everton met seven years ago.",1.1875,-91.6201057434082,-5.090005874633789,35.43837599970978
"Australia would be happy if the agreement led to the reopening of the Panguna copper mine , one of the largest in the world .",4.0,-95.15506839752197,-3.398395299911499,70.31963800450038
Is expected to drop to 15 % in April.,3.6,-40.065741539001465,-4.0065741539001465,31.986015878581412
"Although net assets up 35 % to £ 458 million in Stanhope , the city is not impressed with the sector.",3.30769230769,-127.31055450439453,-5.3046064376831055,48.77126429924968
Because a source less abundant and less generous than this river had dried ?,2.5,-90.21514892578125,-6.443939208984375,15.674083554817898
"C and Ku bands , 4 GHz to 6 GHz and 11 GHz to 14 GHz , respectively, are widely used .",3.53846153846,-99.74962663650513,-4.336940288543701,88.78862197528426
I'm going back again next weekend and I can plan it. ',4.0,-60.96367835998535,-4.354548454284668,35.649196003496755
"These aspects of political choice are still important, but less now than in the past.",4.0,-55.82529926300049,-3.283841133117676,56.33866490554381
She did look a little foolish in front of anyone else who was watching .,3.5,-58.65822672843933,-3.910548448562622,41.599804254988626
A group of businessmen and women from the northeast last night indicates that the business vote Tory not said yesterday .,1.23076923077,-130.59723472595215,-6.218915939331055,17.86721433091023
Evolutionary theorizing is a matter of making inferences to the best explanation .,3.625,-68.54818391799927,-4.032246112823486,28.305585183140252
"If so , they had not spent so much on a decent script .",3.6,-71.70162773132324,-5.12154483795166,18.216773164592325
"Carlsbro Sherwood 90 , acoustic combo , 150 pounds , Marshall practice amp, 45 pounds.",2.5,-144.97859001159668,-7.248929500579834,12.536072576082375
What was this strange note in the voice of Nick ?,2.875,-53.38045787811279,-4.852768898010254,16.35289499319228
"Pam and Errol have two children , aged 13 and 16 years of age.",3.0,-70.77917289733887,-4.163480758666992,42.475581309692515
How about learning to change things for the better and not just learn to adapt to the way things are now ?,3.78571428571,-74.7409987449646,-3.397318124771118,67.61819994407062
"It was thought - everyone assumes - would marry her once, and that would be the end of it .",1.375,-86.54805564880371,-4.121335983276367,48.40659750528681
"We offer services that are in the world , fully integrated and comprehensive .",3.0,-67.17060279846191,-4.797900199890137,25.704390323890124
The chief of staff resources management studied in college and joined the company as a line manager .,2.84615384615,-89.43123435974121,-4.968401908874512,32.847653115560504
"The remedy for static quality primary rules scheme is the introduction of what we call """"rules of change.",2.61538461538,-126.62201881408691,-6.331100940704346,16.924930586826804
Much now depends on how active a role the U.S. prepares to play Israel chivvy along to meet the Egyptian proposals .,2.25,-147.1322536468506,-5.449342727661133,27.481930409453383
"Sometimes I wonder how it happened levels 0, ' Dad said we crawled over the cobblestones and outside the village.",1.5625,-128.99717330932617,-5.374882221221924,33.3963710892146
"In the Houses of Parliament , raised the cry : """" Burn it down . '",3.0,-87.5029296875,-5.46893310546875,23.78246143909344
"These involve much more open and distance education and creating copy and electrocopying , specific research , material packages for students.",1.69230769231,-166.05693101882935,-6.642277240753174,0.9177387568882125
It seemed impossible that anyone could survive the storm of blades.,3.76923076923,-52.177825927734375,-4.348152160644531,32.31069673033933
"When women were given the artificial moon for three consecutive nights once a month , their cycles became synchronized with the lunar rhythm .",3.75,-107.89498901367188,-4.495624542236328,78.60038978216946
"True, it was driven by the same mercenaries devoutly ambitions of some of his colleagues and sought artistic satisfaction whenever possible .",2.15384615385,-131.02890014648438,-5.459537506103516,41.2268967698939
With snow in abundance we have a special section in this issue for those of you who want to leave the track.,2.84615384615,-92.68887519836426,-4.029951095581055,54.71377727810756
"In other words, the general manager calls for economists , statisticians , etc. information , but it is the generalist who is 'visible' .",3.14285714286,-132.1768569946289,-4.405895233154297,40.52435526962998
"You fear , the two , that I could discover mom is not dead at all, is not it ? '",1.0,-117.88474464416504,-5.358397483825684,20.063619957713627
The SORP recommends the same to the local authorities and gives examples of accounting policies to be commented on .,3.78571428571,-109.93955421447754,-4.997252464294434,33.147356320682746
"Having decided to be back racing with the tide, began a desperate race cumbersome along the edge of the tray to the breakwater.",1.0,-144.81964492797852,-5.569986343383789,25.817278668096122
The birds could pose a serious risk to the health of people who eat in North Africa and southern Europe.,3.25,-73.7912449836731,-3.513868808746338,75.80686365903449
"After a month , the pain began to subside a little and Lisa was able to get up to your room with the help of Janet .",4.0,-100.24061870574951,-3.580022096633911,74.94830342267832
"Figure goodwill in such cases can be derived from the average net profit margin per gallon , times the daily performance .",2.5,-115.18039894104004,-5.235472679138184,58.13913763148028
"He also had pretensions to be considered a true all-rounder , having played many episodes of attack in the lower middle order .",2.38461538462,-124.88457012176514,-4.803252696990967,40.20045383477108
"It was a natural basin protected , a trick of rolling meadows along the corner.",1.42857142857,-104.61307621002197,-6.15371036529541,10.587364112324764
"The basic course provides training particularly in communication theory , especially geared to the African context .",3.625,-101.60910940170288,-5.977006435394287,25.231286459121222
"Then , slowly at first, began to prepare the child for the possible fate .",2.61538461538,-78.18026733398438,-4.886266708374023,22.985429965818142
"My German worked like a dream, like a robot bright lights and stand back and admire as it does all the hard work .",1.375,-129.25143241882324,-5.17005729675293,45.77530187565819
Jess - blunt nose contact while Samson 's hand curled around - bit him.,1.4,-109.68875122070312,-6.855546951293945,33.7151756080234
"It is excellent for skiing and jumping movements sides can be used , the calves are well drawn and also develop posture, balance and coordination.",1.69230769231,-146.1455569267273,-5.4127984046936035,49.79532681754253
Along its sides are matrices of proprioceptors in part act as external arteries .,1.33333333333,-110.6021375656128,-6.1445631980896,-0.3241997455884018
"North Harbour coach Brad Meurant said : """"Everyone helped his teammates.",3.6,-95.83225965499878,-6.388817310333252,20.8590997754214
"This year , Marks and Spencer has jumped to the top slot , Shell is now the second and third Glaxo .",2.6,-126.38591766357422,-5.266079902648926,25.124775643471622
"Highly explosive eruptions of gas charged magma from the upper mantle produce small, shallow craters called maars .",3.11764705882,-116.43230438232422,-4.851346015930176,58.73801606592008
Risk of changes in the expected rate of long-term growth of the economy.,3.25,-59.35559558868408,-3.4915056228637695,30.6165853011821
He stood outside the elevators at the main entrance of the hospital with other visitors .,4.0,-70.971444606781,-4.174790859222412,35.92021072990711
The picture is similar in relation to the gross income distribution among manual workers .,3.8125,-73.04666519165039,-4.869777679443359,34.18976654496218
Lawyers and suitably qualified Fellows of the Institute of Legal Executives .,3.14285714286,-86.22404909133911,-5.07200288772583,8.892400499184816
"They are also essential to improve the quality and quantity of the provision of health and social services , and the fight against poverty.",3.8,-80.25620579719543,-3.2102482318878174,80.27117029778972
The origins of the export success of Brazilian military instructors and small civil aircraft were very different.,3.6,-97.42758178710938,-5.4126434326171875,42.47462556889002
"In my officers , that says why should we bother .",1.23076923077,-70.77463483810425,-6.434057712554932,1.556492899844443
In the last two years of the war orbiting visit each station and fleet in my endless search for Pathfinder .,1.4,-117.80237245559692,-5.6096367835998535,32.56377863469214
The EC does not address education policy or national health .,3.6,-63.74971103668213,-5.795428276062012,20.19839981389721
"The leader makes all the decisions and instructions issues , waiting to be obeyed without question.",2.15384615385,-95.49521541595459,-5.3052897453308105,24.137247925716494
"Our research researchers ventured into central London to see if the main street shops are dog-friendly and if not, why not ?",3.53846153846,-113.07841539382935,-4.523136615753174,64.42313262511087
Is this type of string formats that we now turn .,1.2,-72.67515230178833,-6.606832027435303,4.192197321020998
"He's been with me too , Brother - Tundrish answered simply .",3.6,-101.59403085708618,-6.772935390472412,-10.370503531118572
"Of the 18 patients who were alive at short term follow up (mean (range) 19.4 ( 10-33 ) months ), 14 were still alive in 1992 ( 69 ( 61-83 ) months).",3.4,-163.54810237884521,-3.8940024375915527,125.00966328079267
The second approach can be a very productive strategy in a foreign language too.,3.75,-70.33333539962769,-4.688889026641846,35.04013685813162
"He took the gun and went to the door , making sure the horse and carriage were still securely tied .",4.0,-87.32286643981934,-4.158231735229492,49.0910990117672
"Both envelopes and writing paper have lots of fuzzy fingerprints , the only identifiable members of Maureen and father. '",2.0,-136.21399354934692,-5.922347545623779,25.086593723108194
"I do not know how many species of trees that had , perhaps more than 1,000.",2.25,-70.79673743247986,-3.7261440753936768,39.161242796981156
"Sheet the front window , original fireplace, built in lockers , radiator , power points , stripped wood floors .",1.75,-132.84996366500854,-5.776085376739502,25.96795576334216
"It was expected that the overall level of HIV infection 15-20000000 height for 2000 , of which at least three-quarters would be in the developing world .",2.15384615385,-149.18006896972656,-4.661877155303955,44.68037266312021
The result has been to destroy much of the advances in health care during the years prior to each dispute .,4.0,-94.77903842926025,-4.513287544250488,43.81173235461074
"Woil leakage was over, and that everything had lasted less than a minute and a half.",1.46153846154,-83.72909641265869,-4.406794548034668,45.271239668998675
The laughter in his eyes when he found his belligerent look .,1.6,-65.55129766464233,-5.042407512664795,11.394996283025776
"They were just minutes from the train station , the service was frequent.",3.4,-61.94867420196533,-4.424905300140381,25.637542612337015
"Perhaps most significant of all , three of the all-time great boxing - Ali , Robinson and Armstrong - born in comfortable circumstances .",2.0,-124.62236976623535,-4.793168067932129,61.26272617417189
"The Halifax Building Society , where terrorists had planted the device , is now a pile of rubble .",4.0,-97.46878814697266,-5.129936218261719,39.584503777318275
Michael Ryan has sought a rapprochement between deconstruction and Marxism.,4.0,-61.73413038253784,-4.1156086921691895,34.23678650037459
No other catalog quite like the Christmas catalog OXFAM .,1.8,-82.14377355575562,-6.318751811981201,1.766649033891369
" Unless more resources pumped in , this is going to happen,"""" he said .",2.61538461538,-78.94112396240234,-4.9338202476501465,15.834893346908316
It was a way of thinking and behaving.,4.0,-33.7070996761322,-3.7452332973480225,16.629020233480468
"On a slow surface , both groups rolled straight bowlers and batsmen were reluctant to take risks to break your line.",2.5,-139.65393447875977,-5.81891393661499,33.14734111599884
Throughout the discussion information provided by other sites is kept confidential.,3.72727272727,-51.09528350830078,-4.257940292358398,38.75436879765476
"A prime minister can not safely delegate scrutiny because, once enacted, these rules affect the daily lives of 56 million British citizens.",4.0,-113.58675956726074,-4.54347038269043,90.20629150098088
"Somewhere in the silence between them began a telephone , urgent persistent ring .",2.09090909091,-102.77761840820312,-6.423601150512695,-1.9939649412647782
In a number of cases required reminders ( both in writing and by phone ) .,2.07142857143,-75.65496063232422,-4.728435039520264,30.193616151115975
"As Montagu ( 1976 ) has pointed out time and again , the social activity of war need not have any relation to the internal state of aggression.",4.0,-122.61526107788086,-4.087175369262695,73.75803827949335
"This, then , is the theory - but how does it work in practice?",4.0,-51.8177490234375,-3.2386093139648438,48.22199992934016
"However, things may look somewhat different from the perspective of just above the exemption limit .",2.92857142857,-81.1433629989624,-4.773138999938965,39.17539169977647
"Repeating what you hear , women in the just claim that something called """" Salvadoran democracy """" is in danger.",1.21428571429,-136.58983039855957,-5.938688278198242,25.502335509597373
Thomson Travel includes an airline ( backward integration ) and a chain of travel agencies (forward integration) .,4.0,-111.25328063964844,-5.2977752685546875,46.93560878636495
A new Methodist student chaplain has been appointed.,4.0,-49.000887870788574,-4.900088787078857,21.26165892180532
Few of London's historic houses can still be seen as planned.,4.0,-52.65958595275879,-4.050737380981445,39.39433134114044
Table I summarizes the clinical characteristics of these patients.,3.35714285714,-35.78174591064453,-3.578174591064453,38.038799353984444
"Langer SS information , RSC , Burlington House, Piccadilly , London W1V 0BN .",2.0,-115.65747594833374,-5.028585910797119,21.171416177237575
"The Jarisch -Herxheimer reaction usually shortened to the """" Herxheimer """" , following the initial dose of the treatment of syphilis in a proportion of cases .",2.07142857143,-197.18632316589355,-5.79959774017334,12.751115280958174
"Looking around the room , in the old , old furniture , I realized that Herbert has to be very poor .",2.07142857143,-108.08149147033691,-4.912795066833496,26.91504886012737
They will be joined by John Tierney and John Kerr .,4.0,-49.258615493774414,-4.104884624481201,34.82438938815804
"However, the trophy is in Jim's office in Peel Park and stay there .",1.5625,-92.53770446777344,-5.78360652923584,16.372904121464572
Homology searches of the Leeds and protein databases Swiss unable to detect any significant similarity with any other protein.,2.07142857143,-123.88389015197754,-5.899232864379883,49.491083970628694
 It could have something to do with the murder of Angy .,4.0,-52.80039978027344,-4.0615692138671875,20.441064752945863
"The ranchers , who see themselves as the guardians of the west, say the grazing generates economic stability and feeds the nation.",4.0,-102.8097152709961,-4.112388610839844,68.21026726706725
This man was buried here in the fourth century .,4.0,-47.93023109436035,-4.793023109436035,16.374556195417938
"They begin to question, and begin to dream . '",4.0,-54.12161111831665,-4.920146465301514,17.78547774470647
"A water softener works on the principle of """" ion exchange """" .",3.53846153846,-78.48796463012695,-5.606283187866211,28.07639252328937
"Steve Jones ( speaking specifically about Jones' jealous Christianity) : """" Many people are simply uncomfortable to some people """" over religion """" or whatever .",2.61538461538,-169.44936561584473,-6.05176305770874,67.32853748160545
The Lorne plateau is formed by Devonian andesites and tuffs that are contemporaneous with the intrusion and mineralization Lagalochan and Dalradian schists overlie the unconformity .,1.85714285714,-255.66605138778687,-6.235757350921631,-21.650558326874176
"He looked at Athelstan , his face beaming with pride .",3.53846153846,-57.47411251068115,-4.1052937507629395,21.095047230747227
"She was used to drive the luxurious Saab at the time, although initially had responsibility considerably unnerved .",1.6,-122.1506896018982,-5.816699504852295,20.410469900531183
We want to give children positive memories that can use during difficult times in the country to build a better country.,1.88235294118,-97.82754898071289,-4.446706771850586,56.24720675903424
 The PLO attempted to sabotage the march of Muslims.,3.78571428571,-55.479679584503174,-5.043607234954834,17.384400348341885
"MOTOROLA GETS THE GLOVES OFF IN YOUR RIVAL BATTLE OLD , PRICE TO BEAT PRICES POWERPC PENTIUM",1.2,-169.4897289276123,-4.984992027282715,-18.7206458926199
"Like a lot of popular assumptions about it , this is wrong .",3.4375,-58.479897022247314,-4.498453617095947,22.085152586138946
"Mutalibov Izvestia said , from his hideout in Russia, that the charges were politically persecuted .",2.71428571429,-114.85853338241577,-4.993849277496338,14.971030964909346
For Commercial Union market model explains 25 percent of the variability of returns .,2.15384615385,-94.3870735168457,-6.741933822631836,15.313695954882974
"My proposal , I assure you , would be to our mutual benefit . '",4.0,-67.6226806640625,-4.5081787109375,31.97625740348701
Only in the Gospel of John does not make a curious and deeply interesting statement .,1.9375,-79.64567565917969,-4.9778547286987305,29.37080391116355
They returned for repair and construction work one day at a military base in Omagh .,3.78571428571,-81.61856651306152,-4.801092147827148,32.164541337620264
"Among the best hotels of all first world ordered calmly pools state - of-the -art, satellite TV and chocolates on your pillow at night.",1.54545454545,-195.04955530166626,-6.291921138763428,20.41136430780307
In an area ... four rooms had their roofs burned.,3.4,-71.53948593139648,-6.503589630126953,16.066749846621164
It seems strange to extend the hand of friendship and economic cooperation to the same countries that are threatening mass extermination .,4.0,-102.05928897857666,-4.639058589935303,53.10415488179774
"The buildings are quite successfully transformed into a bohemian art gallery and Josef František Cubr Pilar , in the 1960s .",2.09090909091,-154.012770652771,-5.133759021759033,22.970416194071305
But the other part had cried against the very idea that she is the wife of another .,2.5,-85.83887672424316,-4.768826484680176,20.220015069306413
It is expected that these problems or investigations to be diverse.,2.125,-63.24674034118652,-5.270561695098877,14.232542448171273
"Between August 1975 and December 1978, the COS -B satellite observed 2CG342 - 02 five times and named him the tenth γ -ray source - stronger.",1.92307692308,-210.92020893096924,-6.203535556793213,45.546484700486985
"Not like a Saturday night at all , however , not really. '",2.75,-73.03822040557861,-5.217015743255615,14.429325785654683
Hoping it will not be lost when it fails,3.25,-47.72998809814453,-4.772998809814453,16.150020816024636
What would you have done if you Schemichal seized and threw you off the court like last night ?,1.6,-114.47220134735107,-5.203281879425049,20.58374466760108
Once I was happy with the lower group copied it as a mirror image in the top of the image.,1.81818181818,-94.56721115112305,-4.503200531005859,39.95736698954613
"Thereafter , the path to the double helix was clear.",4.0,-58.99756574630737,-4.53827428817749,17.259830262052986
Sun also is preparing your desktop Sparc Scorpion eight position for launch at the show on May 11 SunWorld .,1.54545454545,-150.66258907318115,-6.848299503326416,20.18738351929477
Both political and economic accounting of the costs and benefits of soil conservation programs to others outside the affected areas is potentially relevant .,3.30769230769,-117.24334716796875,-4.885139465332031,62.309745496514864
"Do you agree , moreover, that there is a need to reopen the neighborhood police stations and put more emphasis on community policing ?",4.0,-96.42111659049988,-3.856844663619995,80.63015353673114
Fifteen days later Edward sealed the text and issued to all sheriffs .,2.41176470588,-86.46605014801025,-5.764403343200684,12.935646548494162
"Since then, it has continued as sharply as many television programs of long duration.",2.63636363636,-71.78294372558594,-4.486433982849121,42.13622342412771
Mailed questionnaires are not returned and refused interviews .,1.375,-71.63113021850586,-6.511920928955078,-0.22739627840719834
"The operation eventually involve over 35,000 soldiers from at least nine countries .",2.63636363636,-71.26941204071045,-4.751294136047363,33.48902263156546
User interface will no longer be just a body requirements or marketing arm for USL .,2.4,-109.16897583007812,-6.823060989379883,19.627505909038632
 The autopsy report is in the business Needham ! ',2.3125,-81.62346267700195,-7.420314788818359,-10.720038948479953
Before explaining how to deal with a race course that is worth looking at what makes a sailor go faster than the other.,1.69230769231,-102.32270050048828,-4.263445854187012,71.68944243835807
"Although her features looked as if they were carved in stone, in the depths of her eyes, something stirred .",4.0,-81.46296453475952,-3.702862024307251,65.57981703165942
These percentages are not uniform across the country : local specialties dictated what was available.,4.0,-86.52748966217041,-5.089852333068848,38.411201224495784
 We never know the exact number of deaths.,3.8,-30.524405479431152,-3.3916006088256836,29.012878667087698
"These were rejected on April 17 and 18 , respectively.",3.76923076923,-48.77751445770264,-4.434319496154785,31.18619613904653
"Women , Art and Society is a synthesis of the work that has been advancing for twenty years on women and the visual arts.",3.25,-94.398432970047,-3.77593731880188,67.62923523066343
"Its coast was established no less than twenty-two charity schools , only in Pembrokeshire.",1.75,-95.75224018096924,-4.35237455368042,16.19956254125951
Ground deformation during an earthquake could bend pipes like copper wire strands .,3.8,-88.68682956695557,-6.334773540496826,33.402702238733255
"A few days after his election , already knew how to do this """" new Pentecost """" was an Ecumenical Council .",1.5625,-136.6760482788086,-5.256771087646484,33.44313772025592
Following Jesus as his disciples means that we also face opposition to live like him.,3.76923076923,-84.46965026855469,-5.279353141784668,35.22075459118234
"Its wheels were met with wet grass and the whole machine and fell to his knees crumpled like an animal , shot in the chest.",1.4,-133.2312068939209,-4.7582573890686035,48.29435671664126
"Jenna stopped and glared at him , but before he could speak, she raised her face with a strong brown hand .",3.25,-99.5998649597168,-4.149994373321533,56.414751549342014
"Carrington saw the sea for the first two hours , enchanted by the Scandinavian night , then went to sleep.",3.4375,-106.95536613464355,-4.861607551574707,37.06673317032579
"It was originally recorded as a cot death and there was no investigation , but now there will be an investigation.",4.0,-92.67957496643066,-4.029546737670898,53.107213417952494
It was far from the golden cut of Horizon City . ',2.90909090909,-77.8304214477539,-6.485868453979492,2.2667370758923795
" Politics in the sense that if I threw this glass of water on you in an interview, that would be a political act.",3.76923076923,-88.2182776927948,-3.528731107711792,65.81239016520391
" So you just now said the victim , groping his cigarettes again.",1.46153846154,-93.0912561416626,-6.6493754386901855,-2.1714007742763357
Here are ten varied uses of this book ;,3.6,-52.705166816711426,-5.8561296463012695,12.644271636036834
A sports injury on the increase is the athlete or Gilmore 's groin that occurs when the groin tendon rupture due to excessive stretching and twisting .,1.9375,-153.2696762084961,-5.473917007446289,70.53847014584503
"Ideal for a small apartment , the washer / dryer is as sophisticated as the main house laundry .",3.25,-106.24907779693604,-4.829503536224365,35.027159950420014
Robbie saw now that he was a clergyman.,3.8125,-52.17005777359009,-4.742732524871826,6.57823778396201
"The weekend was associated with an increase in volatility, in accordance with expectations.",4.0,-62.877867221832275,-4.191857814788818,36.972708404459055
"There is a tradition in our family that will always Santarém Madonnas reunited with their owners , you know?",1.2,-126.92196369171143,-5.076878547668457,21.26342318846818
"As this is a beta , it is difficult to give a star rating ClarisWorks .",2.28571428571,-93.27103328704834,-5.1817240715026855,16.26384876963583
All I had to do was get a good night's sleep.,3.8,-29.36483120918274,-2.258833169937134,46.10222878233628
Intraesophageal pH and motility were investigated in the fourth day of each treatment period .,4.0,-89.47308254241943,-4.260622978210449,25.426081413605303
A farm TOWN is plowing ahead with fundraising plans to help people with disabilities and plans to cover in a riding area for the disabled.,2.5,-136.4370880126953,-4.872753143310547,53.9393335522949
" All credit to Gavin gave me the ball at the end , with a little persuasion .",1.42857142857,-87.5874605178833,-5.152203559875488,21.52603672506828
The first drafts of The Prelude is written in Germany during the winter of 1798-9 .,2.92857142857,-81.53581094741821,-4.291358470916748,29.170287292255423
 A criminal trial is not a court to obtain the truth .,3.8125,-55.626869201660156,-4.63557243347168,21.06054851386247
They came to the class of true twins enjoy tacit understanding .,1.2,-86.16874122619629,-7.180728435516357,2.3457114541060093
Dustin Beatle Court ordered is a bit choppy and there are a closeup of a mole on the right shoulder.,1.5,-121.04007005691528,-4.841602802276611,37.935806024718744
"In the late 1940s there was a greater number of packaged grocery lines available , and there have been improvements in the quality of packaging.",3.57142857143,-101.92971467971802,-3.775174617767334,74.39952819484549
"After the ' Headpiece filled with straw ' crudely poetic objective is more absurd that word around , indicating the weakness of the speakers.",1.4,-185.63397359848022,-6.875332355499268,2.378389847372148
"I thought it was some weird guy and when I asked who was calling the voice shouted,""""It's me ! '",3.8,-122.0877799987793,-5.086990833282471,18.969380149232165
"'I should not ,' said the manager, but then smiled broadly.",4.0,-70.46254634857178,-4.697503089904785,27.412691575416403
"The beauty of glass , he wrote, is this, that the surface needs to be covered .",2.92857142857,-80.04123449325562,-4.212696552276611,32.181002029296224
" Better one word , 'said the brigadier , removing the head and open the door.",1.64285714286,-101.14431667327881,-5.619128704071045,7.525579451819496
"The Metropolitan Police was installed in the High Court claiming damages of cameraman Mr Anthony Walsh , whose backbone was injured during the Wapping dispute .",2.28571428571,-159.03984832763672,-5.679994583129883,61.63456151451186
" If I get a couple of shillings of it , do not you worth ?",1.17647058824,-84.51434755325317,-4.971432209014893,9.21006412361534
' We have a queue that is already locked to Tweed.,2.61538461538,-66.46670532226562,-5.112823486328125,17.278801357005108
And he blows the smoke back into my mouth.,3.78571428571,-40.902533531188965,-4.0902533531188965,26.194684981057037
"Genetic spray was described as a very exciting development for another computer scientists , Dr. Julia Dorin .",2.07142857143,-119.92958736419678,-5.710932731628418,27.599287254261412
"The old Highway road Rigby Yard in its train station , seemed to offer an ideal site .",2.61538461538,-127.5954761505127,-6.715551376342773,10.763330747590743
"Running Wild Jodami and jumped the last together, and Jodami found additional equipment vital to sharpen away .",1.4,-158.47842407226562,-6.603267669677734,-5.491109024864073
Is it possible to see the co private wealth - poverty existing business ?,1.69230769231,-100.50004386901855,-7.178574562072754,7.1950280135063736
"One of Jay slurred phrases , while pubbed and beaten and pushed through coffee mornings surf and endless cigarettes , was ' I'm a night owl , honey. '",1.5,-204.60768842697144,-6.200232982635498,34.69311689003695
The Ardakkeans were said to be superhuman strong and invulnerable to most life threatening .,2.0,-105.47212791442871,-5.551164627075195,4.135252852966701
She wrote passionately these few words to him :,4.0,-55.25850963592529,-6.139834403991699,10.789973946879186
There are several ways you can get a recovery : -,3.6,-44.948543548583984,-4.086231231689453,34.79970220279256
"' By the way , it seems a long way, but you just have to walk a mile through the field beyond the farm.",4.0,-101.73895120620728,-3.913036584854126,58.89513406146574
We have our team of the movie Robin and sat in front of our rods .,1.0,-96.02896118164062,-6.001810073852539,14.867615642994593
"Conservative candidate Robert Goodwill, has written to Work Marjorie Mowlam ask him to clarify his personal position on nuclear defense capability of the country.",1.4,-164.4659185409546,-5.305352210998535,43.55911545990108
"It was hoped that the Arab masses , outraged by Western humiliation of Saddam Hussein , to rebel against their leaders pro - Western .",1.69230769231,-128.4353733062744,-5.137414932250977,70.93777860140966
"Neil Cossons , director of the Science Museum , trust the old numbers are recalled.",2.09090909091,-114.52302074432373,-6.362390041351318,3.755584279754771
"However, students taking resit exams for exceptional reasons , such as a missed exam due to illness, are generally allowed to have gained full marks .",3.4375,-134.68131160736084,-4.644183158874512,85.49593378173623
It would be a good exercise to compare electricity system with purely acoustic string telephone in Part 1 ( November 1991 edition ) .,2.5,-138.28030014038086,-5.761679172515869,52.86783219285911
The state's role was even more pronounced in Berlin in the cultural sphere .,4.0,-71.18939638137817,-4.745959758758545,27.527965262789223
AID TRIP provides students a lesson in third world poverty and Fear,3.2,-92.75474643707275,-6.625339031219482,3.734558632097958
"She felt his fingers trembled , and his anger vanished , replaced not by a wild hope and optimism.",2.38461538462,-108.49457931518555,-5.166408538818359,28.873527656363848
"In the jargon of quantum mechanics , the choice of this behavior is called the statistics obeyed by the particle.",3.0,-93.85437679290771,-4.26610803604126,48.436770198449864
"You can format the spreadsheet manually, or design your own routine speedformat .",4.0,-85.76255321502686,-5.717503547668457,25.82635396281202
"He reached an agreement with two actors , gave the camera crews a little private money and turned to his aides film .",2.6,-135.29792070388794,-5.882518291473389,31.21150799194416
ALMOST CELIA welcomed the idea of going to work.,2.5,-70.30810451507568,-5.022007465362549,3.9607389999526106
"I can only assume that my name had respectable associations , and he thought he could ease criticism in what might be called Athenaeum circles .",3.8125,-141.98236846923828,-5.070798873901367,42.18912561935639
"' Earth to earth , ashes to ashes , dust to dust ... ",4.0,-67.21132469177246,-4.800808906555176,33.22585586387649
"It happened that Air School No. 5 was not far from the mine where he hid Churchill during the Boer War , remember Clifford .",3.14285714286,-147.91719245910645,-5.478414535522461,38.65344596327162
"I enjoy things that are solved with numbers, for example , the amount of wallpaper or carpet need to buy",1.92307692308,-110.9712781906128,-5.284346580505371,35.39137382586887
"Not only the test will be easier in the future, it should also be cheaper too.",2.5,-56.463589668273926,-3.1368660926818848,61.87755135343775
Then I turned around and completed image the other two sides .,1.375,-70.99932289123535,-5.916610240936279,8.315096361407043
"If so , could you share the knowledge with us ?",4.0,-46.524078369140625,-4.229461669921875,20.88688433367554
Tip the mixture into the prepared pan and tilt the tin to level the mixture .,3.76923076923,-71.16099548339844,-4.447562217712402,43.32500820432992
But in the sun there is something similar .,4.0,-44.03618574142456,-4.892909526824951,8.416260889499867
"My social worker gave me asked if I wanted advice adoption or foster care , and said building (which was a white family ) .",1.0,-141.1965093612671,-5.43063497543335,44.26704427674133
The results show a high prevalence of esophagitis in adult asthmatic population .,3.57142857143,-72.26751708984375,-4.014862060546875,30.955702577288704
"For this reason, it was really only suitable for the manufacture of plywood, to which was a huge success.",2.4,-84.13870477676392,-3.6582045555114746,53.11272363868835
"But I think they have something to say if they have built good roads and railways , etc. . ",3.75,-90.0734167098999,-4.289210319519043,37.90493331847196
Can you name the disciples? He asked a reporter .,2.71428571429,-59.092432498931885,-5.372039318084717,9.047425893689535
"Tom - Frode , Odd - Knut and Tony wait till we get .",1.4,-101.19060516357422,-6.324412822723389,18.00584543782064
The white lines show the electric force that the energy body that gives crystals can tune,1.46153846154,-102.24015045166016,-6.39000940322876,16.256263340319876
"Gift to create a pleasant environment , with minimal resources.",1.85714285714,-66.69539451599121,-5.557949542999268,15.059933687913144
An American networks want to do a television interview .,1.6,-62.22970962524414,-6.222970962524414,10.257323941717672
"Guinness provides financial support to organizations dedicated to medical research , health , youth, the environment and job retention and business trusts , education and the arts.",3.53846153846,-142.97967910766602,-4.765989303588867,66.54398783637407
"A Muslim extremist group believed his story , and the results were terrible .",4.0,-80.38834857940674,-5.742024898529053,20.152265129697156
"The rain that would become his camp in clay, and fill the tanks of Famagusta .",1.27272727273,-112.26503372192383,-5.613251686096191,0.0459742850654834
"The second workshop , designed by and Napier Polytechnic , was designed to prepare the university staff for a validation event.",3.14285714286,-123.68477582931519,-4.947391033172607,36.3518279600888
Questions can be asked by the President ( see below) or player who just released ( or have just thrown),2.5,-113.58706188201904,-5.163048267364502,39.230810295455655
"The second limiting factor was less immediate , but the greatest potential impact .",2.84615384615,-77.2088098526001,-5.5149149894714355,21.22020486947922
I think that makes all the rules and expected only to carry out and be responsible .,1.64285714286,-90.24803113937378,-5.3087077140808105,15.7650598947873
"Once the nest is finished, the man goes in search of a woman.",3.14285714286,-50.371588468551636,-3.3581058979034424,43.47838941574848
of them revealed that they had been victims of rape in marriage.,1.66666666667,-51.012490034103394,-3.9240376949310303,37.497779259271326
The government has plans to reverse the process of reforestation and investment in sustainable development projects . ,4.0,-82.47925519943237,-4.341013431549072,40.460080079344124
He does not deign to compare British and French railways .,4.0,-57.55580520629883,-4.796317100524902,28.48054376149439
"Place the child on his back , turn your head and eliminate waste in the mouth with your finger.",3.57142857143,-89.5956802368164,-4.47978401184082,40.97112880534095
"Strach may be 37 , but who cares really ?",3.76923076923,-64.97697973251343,-5.906998157501221,14.164584985335608
"In return , the Church a figure somewhat uncertain .",1.64285714286,-81.47138595581055,-8.147138595581055,-18.218353252669473
"However, it is almost certain that the offer will be rejected.",3.82352941176,-32.167312145233154,-2.4744086265563965,50.09433693473835
"Mr. Stolpe said East Germans had recently discovered his power, and Mr. Krenz has not been successful in restoring the credibility of leadership.",3.8,-131.08246183395386,-4.228466510772705,61.45626360068465
"Smiling , Harry put the letter in the envelope.",4.0,-53.41035556793213,-4.855486869812012,10.498342353913834
Leicestershire is the only county to account for their TCCB distributions in cash rather than an accruals basis .,4.0,-118.8529577255249,-4.571267604827881,28.524398972028848
"They look great on the beach , like a top night under a pretty blouse or under a jacket for work .",1.64285714286,-107.36320447921753,-4.667965412139893,39.877446874739775
He says his friends all want to know his secret.,4.0,-42.761425256729126,-3.887402296066284,28.877915386793234
"If you prefer an elegant finish brass , bronze fire Dream is a good option value and costs around £ 399.",3.2,-144.63305377960205,-6.574229717254639,36.24699834953725
" If I did that , then it is almost the greatest miracle that a person has done since the time of Jesus. '",3.8,-95.4521484375,-3.9771728515625,53.66513330080346
"She kicked something in the dark , and stopped briefly to pick it up.",3.76923076923,-64.62339162826538,-4.308226108551025,33.82584465522896
"McLaren kept his counsel, be as secret as Ferguson is gregarious .",2.07142857143,-96.14669275283813,-5.6556878089904785,2.522875854373609
She had made a final attempt at the archdeacon before leaving.,3.25,-55.899667263031006,-3.992833375930786,27.085124795201565
Air Show : The famous Red Arrows are providing a great end to the Southport Airshow .,3.35714285714,-104.82606601715088,-5.5171613693237305,24.60243236366776
"Add the orange zest and juice , eggs, sugar , cornstarch and ginger.",4.0,-73.24821853637695,-4.069345474243164,39.62717381716138
"A directed path from where they stood , their worn and broken stone flags , their progress hidden here and there by moss and weeds .",2.75,-139.03722763061523,-5.347585678100586,50.976277263176485
If a referee younger than me that goes to show that someone has guts .,1.42857142857,-81.99731826782227,-5.466487884521484,27.231771979727725
Minimum Packages : Some packaging is designed to reduce waste during manufacture.,4.0,-65.95557498931885,-4.7111124992370605,42.149605922243666
"The man ran in front of Cranston , jumping up and down .",4.0,-63.37655067443848,-4.5268964767456055,17.46394302736269
"- I have to peel potatoes for Matey , and you should get surgery the night and be ready for your guests. '",1.46153846154,-139.482319355011,-5.5792927742004395,30.464321327461505
R4 DON HOWE SAYS THIS TOMORROW IS ANOTHER CANDIDATE CAN TAKE U.S. in the new year .,1.21428571429,-127.48920583724976,-4.112555027008057,6.394128270524902
It is one of the ways that evokes the spirit of prayer in the people of the Messiah .,3.76923076923,-72.31071949005127,-3.6155359745025635,39.542882645512464
Such basics should be the same for everyone.,4.0,-32.54861497879028,-3.6165127754211426,29.12277547554507
Sega owners are bigger in the trouser department .,3.57142857143,-77.71570873260498,-7.065064430236816,-5.056743487726621
"I'm sick of journalists roam in and out , wanting to know your business.",1.5625,-81.6046371459961,-5.100289821624756,26.26662588764755
Or if you went to the kitchen and interfered .,3.0,-52.6961088180542,-5.26961088180542,8.448859218632101
"However, for 1976 , local councils in East London were able to publicize the advantages of its industrial areas .",3.53846153846,-107.95421123504639,-4.907009601593018,47.46731757138102
"It may be the detailed description and prices of the goods , details of a complaint , the ideas for a new product , or whatever .",3.4,-121.98324823379517,-4.517898082733154,42.1170989964383
"Japanese banks operating in London accounted for 28.5 % of total loans in 1991 London , U.S. banks 15% , and 40.7 % other banks .",3.45454545455,-138.40247631072998,-4.0706610679626465,88.53607653936982
" I'm dying for a cup of tea , 'said Charlie .",4.0,-65.99086666107178,-5.076220512390137,15.546727712126483
Katherine 's mother had returned home the day before we had to go .,3.5,-73.42268371582031,-4.5889177322387695,26.63101501342628
And they are waiting for a meeting of Twickenham Carolians either Kidderminster or Hitchin in the final.,2.6875,-123.01150131225586,-5.125479221343994,11.839103698865529
Who was Elsie and what had happened to her?,3.76923076923,-33.68082547187805,-3.0618932247161865,31.533390237950186
"She looked into his eyes, and saw the hunger suppressed there, and his heart seemed to shrink then swell inside her.",3.30769230769,-99.3226089477539,-4.138442039489746,76.06257461471534
"A sense of well being , of transformation and enlightenment, penetrates to the marrow of his bones.",3.7,-86.99508666992188,-4.349754333496094,32.07066790535184
"- One respondent had control sample the three traits , and out quarter two of three.",1.27272727273,-125.87537336349487,-7.404433727264404,-5.607884752454368
wonder why - But I must thank mibbe ma,1.2,-83.78928565979004,-6.98244047164917,-4.627134995491531
"A slightly thicker book , The Bernese Alps important details of the region bordered by the previous book .",1.75,-123.11933326721191,-5.862825393676758,20.470931572958136
"Speakers boom boxes perched on the sidewalk , thundering from bars and shops , every corner has its own sound system .",1.64285714286,-119.79263305664062,-4.991359710693359,56.20044515397882
"A beautiful flower early, very fragrant honey , and golden yellow inside , but purple light gray with darker stripes on the outside .",2.07142857143,-135.62248611450195,-5.216249465942383,57.59619845197534
"Young people's knowledge about the harmful effects of snuff consumption is considerable, those who take up smoking are not doing it out of ignorance .",3.57142857143,-114.16121101379395,-4.077186107635498,80.88725683840173
"And then do not say where you have been , if they are wise .",2.07142857143,-69.57967042922974,-4.638644695281982,20.189299579517296
Gwyneth Dunwoody said we were secretly dismantling the health service and Roy Hattersley muttered about hiring older people as garbage collection .,3.53846153846,-168.48142623901367,-6.017193794250488,30.083044083039823
Could a man who abandoned his wife and son of another woman free download without scars ?,1.23076923077,-96.41539001464844,-5.6714935302734375,30.991326339495473
If the French should take and see them target those remarkable men who could take charge of sending them.,1.1875,-111.69802665710449,-5.584901332855225,31.946796361006136
"The Cats Protection League Bazaar , Parliament Room , Royal Baths Assembly Rooms , Crescent Road.",1.69230769231,-124.1421389579773,-6.533796787261963,21.671795608029413
"Their findings have worrying implications for the 600,000 people believed to have been affected by the release of radiation.",4.0,-72.85808944702148,-3.3117313385009766,72.73780185930329
"The consequences of this factor has been at times lead to the definition of community care as """" non-hospital care """" ( Parker , 1990 ) .",2.0,-139.2900276184082,-4.803104400634766,64.08901621682733
"Viol tried to make another , but the driver ignored him .",2.61538461538,-57.339311599731445,-4.778275966644287,25.112418080764655
"Graphically also be offered oriented programming tools , application programming interfaces and macro facilities between applications.",1.42857142857,-110.47754573822021,-6.137641429901123,43.78517319571358
"Was not there , as everyone knew , single-handedly raised and led an Arab army against the Turks ?",1.85714285714,-97.58393239974976,-4.646853923797607,39.245431513309825
The close cooperation between agents and each allocation unit manager is essential both plan development and programming of the holidays.,2.15384615385,-125.34973812103271,-5.9690351486206055,30.015845028031066
" There is no criticism robust no convincing body of evidence , no sign of learning from a decade of failures.",2.58823529412,-113.79138278961182,-5.418637275695801,35.102561106085545
The survival time was defined as the period between surgery and death.,4.0,-48.5080451965332,-3.7313880920410156,39.74122892190806
"Mr. Tadgell , 32, rented an apartment in Australia with Joanna as she progressed from a cleaner to a waitress at the casino.",4.0,-133.53283166885376,-4.604580402374268,52.87787541624556
"The Daurog moved to their business , looking Tallis trembling with the same caution as the night before.",1.54545454545,-143.1382532119751,-6.506284236907959,-8.370908531696841
"Mr. Jenks walked down the aisle , glaring at him, and the children fell back on both sides without a murmur .",3.5,-104.42700386047363,-4.016423225402832,61.76321969377804
"The detective thriller , of course , went about seeking information.",2.28571428571,-77.62613296508789,-6.468844413757324,4.089044805152525
In the seventeenth century the new Dutch Republic was the only major power to make extensive use of this method of representation.,3.78571428571,-82.95137786865234,-3.4563074111938477,71.47837781571351
So you are working on a political model of peer Photo and meaning ?,2.6,-92.00096416473389,-6.571497440338135,10.3812161270979
"Not like in the old days , when people lived in villages and knew great-great - grandfather was a horse thief or whatever .",3.625,-122.0954818725586,-4.695980072021484,48.03691845801686
The guidelines did not apply to parliamentary proceedings or choices and allowed speech.,2.8,-77.89841842651367,-5.564172744750977,31.650991089883163
"Crystal thought Berg was a newspaper reporter and she Rain said : """" I will not spoil the story by saying something dead MacQuillan MI . '",1.16666666667,-189.95502948760986,-6.331834316253662,28.40755782833378
"Another road also runs approximately from north to south , stretched between him and Ryknild street, the northern branch of the road Tiddington",2.75,-152.50088691711426,-5.446460247039795,28.008224939908246
I congratulate you on the ambiguity of their situation.,3.07692307692,-47.02077865600586,-4.702077865600586,20.305653474700634
"' If you want to use the bathroom facilities , please .",2.0,-56.94350051879883,-4.745291709899902,22.225325655717924
"The idea is to increase people's knowledge about the strength of the drinks and weekly limits , and the link between consumption and health and fitness.",4.0,-117.44672012329102,-4.194525718688965,63.17301840494463
"When the Indians went hunting for both the animals and rival Indians , their firepower was mortal .",3.0,-98.21288108825684,-5.456271171569824,35.52197719942413
"The facts speak for themselves , but only if executives are willing to listen , willing to be convinced.",4.0,-84.46455955505371,-4.2232279777526855,49.52135516419867
"In the past decade , London and other major metropolitan cities population recorded massive losses , the medium-sized cities either people lost or suffered only slow growth .",1.9375,-143.78286838531494,-4.792762279510498,72.55079400286951
And one in three women said they do not get enough respect from their male superiors .,4.0,-59.28094935417175,-3.487114667892456,57.197687183136466
 After the death of our great team of '86 we were building sand castles for a while - they were collapsing all the time.,3.57142857143,-115.19022369384766,-4.430393218994141,65.29331710534643
One in six trees in Switzerland is showing signs of ill health - double the level recorded eight years ago.,4.0,-76.67848563194275,-3.6513564586639404,88.47454185543404
LEFT : Kevin Painter and decorator Barton hooked on this early 2 lbs 14 oz plaice during a session at Lepestone Point in Hampshire.,2.5,-205.75095176696777,-6.858365058898926,17.25126146128372
It has been estimated that 65 percent of the deals are in cash and the rest are forward deals .,3.78571428571,-75.97791194915771,-3.7988955974578857,61.03130945684515
"As the crowds gathered , a military assistant Andrew asked about the episode roles in Reykjavik tube .",2.23529411765,-140.8118176460266,-6.705324649810791,-1.073450532729339
This was a necessity to qualify for a call to the bar later .,3.78571428571,-71.41682815551758,-5.101202011108398,14.472001707656986
" Here he comes, look out for this guy . '",4.0,-54.74457931518555,-4.976779937744141,16.73355194395009
I hope it is not gon na an attack.,1.1875,-58.09527397155762,-5.809527397155762,17.77730838849638
I could not go through it all again .,4.0,-38.93268013000488,-4.32585334777832,14.347552060699016
give children the skills necessary to perform simple math functions ( related to the four rules) without difficulty,3.2,-94.5514349937439,-4.976391315460205,52.410522976610736
The distinction between equity and equality in the distribution and use of social services is crucial to the debate on health inequalities .,4.0,-89.92436480522156,-3.909754991531372,72.05358470734319
Then I had my tea I go to bed .,1.2,-50.338101387023926,-5.033810138702393,12.800474628917854
"The wide range of barley included the purchase , consumption , laboratory, steeping, germination , malt ovens and office .",2.84615384615,-139.1875147819519,-5.567500591278076,24.661449108571958
"After all , had managed to beat the system and was the sole command of a small military unit.",2.125,-93.2080078125,-4.660400390625,32.30706940345138
Then he jumped up and ran along the road.,3.8,-30.96632719039917,-3.096632719039917,34.36305544268414
I think G. P. holding me and stroking me .,1.2,-70.42604970932007,-5.417388439178467,7.252802806522681
" I do not want to be a superstar , I just wanted to be able to play well .",4.0,-58.00911045074463,-3.0531110763549805,59.00721311664391
"This is not to deny , of course , that crime and violence in contemporary society is an important social reality.",4.0,-79.57650947570801,-3.6171140670776367,60.183266568296034
Network is strung between two palm trees and floated around in a spirited game of volleyball four -by-side .,1.8,-130.3608136177063,-5.667861461639404,29.124122431801027
"The administrative structure of associations, with its strong emphasis on coordination of different agencies , would in any case tend to inhibit unorthodox .",2.6,-128.00034284591675,-5.12001371383667,48.83153306244262
Gloucester solemnly walked around inside and outside the precincts of the Cathedral while he told me about his childhood.,4.0,-103.72459840774536,-4.509765148162842,43.83141724807987
"In comparison, employment companies suffering oblivion 20-50 bracket , they say.",2.38461538462,-118.25483703613281,-7.390927314758301,-8.283586772861028
A few days after writing my notes one day planning priced (by UK standards ) dawned .,1.64285714286,-118.93529319763184,-6.25975227355957,29.610857113191287
"If this has a direct pathogenic autoantibodies , such as Wegener 's granulomatosis , remains to be determined .",2.5,-129.6705937385559,-4.471399784088135,18.009202513490436
"The incident received widespread television and press advertising , and sparked a civil rights march on 24 August Coalisland to Dungannon .",2.875,-158.7637596130371,-6.106298446655273,20.87396947686571
"The seeds , of course, are much richer in nutrition than any fleshy .",1.5625,-76.19391632080078,-4.762119770050049,33.80311284742831
The fishermen are blaming the contamination by a drop in the number of fish in some sections of the rivers Severn and Avon.,2.07142857143,-104.1203203201294,-4.004627704620361,65.74720550986282
"Robin child refuses to grade and, where meetings gave way to GCSE level with all internal courses and marking, the rejected .",1.1875,-167.2185778617859,-6.6887431144714355,20.292669126737223
Are you aware of the rates of obstetric interventions change practice?,1.64285714286,-68.59392023086548,-5.276455402374268,20.766603236127168
"Eyes Synergie Ultra - soft makeup remover with rose extract , is a light oil -free lotion with soothing , £ 2.99 / 200ml.",2.07142857143,-186.02503108978271,-5.471324443817139,51.50460562144252
"Stewart and Tait were more aware of the degradation of energy , both moral and physical , and therefore of the impermanence of the world .",3.8125,-116.82232618331909,-3.8940775394439697,52.27234415638753
This rule is subject to a number of exceptions ( see Chapter 5 ) .,4.0,-58.13581824302673,-3.8757212162017822,42.909226118849034
We thank Ken Byron for creating much needed magazine in Drama and Dance .,2.5,-99.68556594848633,-7.120397567749023,12.28696106399029
Cycling was also definitely related to gastro -oesophageal reflux .,4.0,-83.01649475097656,-5.188530921936035,10.726407274368583
"True to this tone , the tape is Tom scientific analysis bogeyman instead of bedtime stories .",1.375,-123.37259292602539,-6.1686296463012695,5.104736435116422
"As suggested in the argument , that indeed would have to swallow the elephant and the tension in the mosquito.",1.23076923077,-110.72706699371338,-5.272717475891113,15.929869746154722
"In desperation , I took a typing course and moved fifty miles the road from here, for the first job that I have .",2.07142857143,-125.61312913894653,-5.024525165557861,34.47018453450107
At times Dr Banda waving his fly whisk .,1.23076923077,-87.68692016601562,-8.768692016601562,-3.1722514478999386
Both were former members of the Red Army Faction leftist extremists ( RAF ) .,3.72727272727,-90.50909757614136,-6.033939838409424,32.910309429693655
"But anyway """" - his tone changed again - """" I am grateful for your help. '",3.78571428571,-88.93509864807129,-4.940838813781738,61.8090484355734
"Stokesley , in effect, that have neither trade nor the manufacturers, no aspect of bustle and business , and is a well-suited place retirement. '",1.0,-199.02872371673584,-5.853785991668701,-7.369310027239692
"Although it is less harmful than removing bulbs and plants , seeds consistently can still effectively clean snatch a kind of a locality.",1.1875,-155.02499771118164,-6.459374904632568,37.49825688233494
"Tickets from Sergeant Gordon Parkin ( phone 091567-6155 , . Ext 6331 .",2.84615384615,-131.8932342529297,-6.594661712646484,-12.588298007996258
They expressed their anger with the godly in lewd ballads that echo through the story of Nelly .,2.92857142857,-112.2405595779419,-5.344788551330566,24.629424171586237
"' There is no Black Dog here ,' said the doctor.",4.0,-66.16742944717407,-5.089802265167236,21.36653947485759
Our telephone number is communal hallway wall by the front door.,1.42857142857,-70.10282707214355,-5.841902256011963,23.713514710224075
Mr Carpenter said : ' All the victims were elderly and infirm.,3.75,-63.60757064819336,-4.543397903442383,40.33588016887809
"- They say you're a homosexual known , we believe , ' said a third .",1.42857142857,-100.94448757171631,-5.937911033630371,7.93456112293309
"When the bishops moved into the house 10 years ago, he had been on the market for 18 months and had become very run down.",2.0,-91.81659150123596,-3.4006145000457764,90.299815236994
" I thought I could go to the U.S. and help the anti - student projects around Army camps ,"""" he said .",4.0,-131.65872192382812,-5.0637969970703125,28.85032608990545
Other people besides yourself and the candidate may need to take into account when setting a schedule are:,2.09090909091,-86.8725757598877,-4.572240829467773,51.034860982795976
His mouth had formed of words before realizing .,1.5,-63.647099018096924,-7.071899890899658,-1.3620279235320396
The first is a surface pain begins as a red mark.,2.0,-68.8209285736084,-5.735077381134033,9.559514958182191
"We're really struggling at this point in time, thinking, ' What are we doing , what we're about ? '",3.2,-85.81938171386719,-3.575807571411133,67.64692930002161
I do not think Chris and the band are known well enough at the time .,3.0,-66.76435852050781,-4.172772407531738,34.14915744585703
His description of his meeting follows the usual descriptions with immense sense of the general presence of concomitant dramatic side effects.,2.71428571429,-124.99394989013672,-5.208081245422363,37.945197380157055
"He likes , airless places wet and moist with a slightly alkaline pH normally found in the vagina ( usually slightly acidic) .",2.63636363636,-149.81370067596436,-5.762065410614014,39.448493549574835
"But did you know that the program had a section absurd """" Did you know """" in the currency of football trivia was far less fraudulent .",1.33333333333,-165.4915795326233,-6.129317760467529,36.453337410714795
"Now she was looking closely, he realized that most of the rooms of the house had two doors .",3.0625,-80.48065185546875,-4.0240325927734375,41.03439717847125
"If the sources of income are taxed at equal rates , it is clear that there is an incentive to convert income into tax- free form .",3.8125,-94.04273319244385,-3.3586690425872803,97.61224902893687
"Both drank , aware that he had been a long afternoon , and Shelley , at least , was thirsty.",1.42857142857,-111.83981609344482,-5.325705528259277,16.238690996839495
He's had to go through Mordecai precisely because it is a Copt .,2.38461538462,-84.84531688690186,-4.990900993347168,9.183633873613061
But now say the cost of free accounts is too high.,2.2,-56.06399345397949,-4.671999454498291,23.718023221124014
"What if Bruce Pallistar or injured , you must either cover ( decent ) .",1.0,-133.8621368408203,-8.36638355255127,-17.00578726259492
But with her mother stopped it was now up to him to take charge of the rebellion in Poitou .,1.92307692308,-91.51770973205566,-4.159895896911621,34.553363767740976
"But who knows , the illustrious Mr. drilling still can ride again sometime in the future.",2.6875,-101.4684648513794,-5.637136936187744,22.36559818390667
Take it like a duck takes to water.,4.0,-40.351465702056885,-4.483496189117432,21.43641465911731
Average household size has decreased from 3.09 in 1961 to 2.55 in 1987 and continue to decline (Table 2.6).,3.0,-84.30739545822144,-3.1224961280822754,85.09157341666457
The way the dialog is rendered is the one that best fits the mood and the theme of dialogue .,2.94117647059,-83.5894775390625,-4.179473876953125,45.0183812613343
She had come to England from Berlin in 1930 and began his studies at the Central School of Arts and Crafts.,1.75,-73.46137499809265,-3.1939728260040283,73.62528019317469
I'm tired of hearing the complaints of the cook.,4.0,-45.61106061935425,-4.146460056304932,21.285221669665304
Being one of the women elected prince has its drawbacks.,2.71428571429,-63.3843035697937,-5.762209415435791,13.521847253261
"British Intelligence in the Second World War , vol . 4: Security and Counter- Intelligence .",3.30769230769,-76.09481048583984,-4.227489471435547,47.065936876224725
' Second Act - Beginners please trembling voice said from outside the door .,1.81818181818,-105.45489549636841,-7.0303263664245605,4.9153548016367665
Coming and going - there was not much of that.,4.0,-37.07917261123657,-3.3708338737487793,32.884645926535725
"Sow seeds in spring, or divide plants in spring, and allow 60 cm (2 feet) between plants.",3.47058823529,-104.00916576385498,-4.522137641906738,68.81304246187483
"This has now been reduced from 6.7 % to 3% , but according to President Mike Tilbrook , the remaining ' continues to show useful benefit document.",2.3125,-166.41818237304688,-5.200568199157715,50.397376421831126
Dexter assumed he was beginning to share the same persistent feeling of depression that plagued him since the end of the interview with Parkin .,3.78571428571,-118.0001163482666,-4.37037467956543,62.167249884169934
We still belonged House and Lincolnshire are lovely in May. ',1.0,-92.17532682418823,-7.090409755706787,-0.6332905371426563
She was wearing denim overalls and carrying a bucket and brush.,4.0,-55.91811561584473,-4.301393508911133,36.63867109209569
Ministers have not detailed responsibility for the decisions made .,3.78571428571,-60.53204822540283,-5.502913475036621,9.75358219163246
In the next year he had custody of Rochester Castle .,3.8125,-60.826404094696045,-5.529673099517822,17.520222431086168
Booking is essential for a bike ride around the Wirral Country Park on Sunday when the manager will be Cheshire ranger Barry Jackson.,3.25,-138.02485466003418,-4.929459095001221,65.58906104239114
But it tends to gloss over them when it draws on mainstream psychology.,3.8125,-66.1993989944458,-4.7285284996032715,39.64354832496433
On appointment to office a new minister takes over responsibility for many departments policy.,2.33333333333,-76.85713291168213,-5.123808860778809,35.46888957939288
"When Rhun in his goodness lent an arm to raise him from his knees , he still hung heavy , clinging to his desperate humility.",3.0625,-145.06331777572632,-5.372715473175049,45.411941351116155
The figure shows how the A -measure per unit area varies with the radiometer reading.,3.7,-93.7184944152832,-4.932552337646484,27.844744953017056
In some pubs fake hand pumps serve gassy beer.,3.4375,-80.73836517333984,-7.339851379394531,12.76209350290641
"In fact, the complaints often made too many monitoring requirements are made of TECS .",1.64285714286,-112.4666805267334,-6.2481489181518555,4.098955743416795
"Of course this is only a tendency , and move away from the local police to larger , centralized police can reduce this effect .",2.0,-133.37291479110718,-5.334916591644287,29.207124236727623
Tod has a different kind of dream in which he is a woman .,4.0,-65.03982067108154,-4.3359880447387695,24.01107978635042
Valuable coaching can often come from drama school teachers who can give a fair assessment of the options you may have before auditioning .,3.72727272727,-128.6285219192505,-4.947250843048096,59.74282763923219
"Because simulated annealing is a stochastic algorithm , different runs of probeorder not necessarily produce the same effect probe sequence.",1.75,-145.14918994903564,-5.582661151885986,32.80982769352815
"Although the music was animated , moving only his arms .",1.5,-69.10353755950928,-6.282139778137207,4.628459056154497
"But the report also blasts authority bosses for failing to control the activities of 58 -year-old Mr Watney , who took early retirement last year .",4.0,-138.49634170532227,-4.616544723510742,75.04400422914838
Some will of course respond personally ( he had included postage ) .,3.8125,-86.5748405456543,-6.659603118896484,8.152819858570382
"Four of those areas large as , or larger than our moon .",1.64285714286,-76.8514461517334,-5.911649703979492,8.67517392102151
"Police are appealing for witnesses to the incident, which occurred at 11 on Monday in Windsor Street, Toxteth .",3.75,-80.66698741912842,-3.507260322570801,78.08163649135949
See how the word wrap back to the previous line .,2.07142857143,-58.77884769439697,-5.343531608581543,14.169405295730513
The cafe itself is so filled with smoke that I'm sitting outside on a bench .,3.76923076923,-75.36260652542114,-4.433094501495361,36.63152538119641
The surface need not be perfectly flat or smooth.,4.0,-37.80572175979614,-3.7805721759796143,32.329490435793886
"Given that this work is done, the draft plan then be examined in the next detail - and probably torn to shreds .",1.6,-123.00909757614136,-4.920363903045654,41.78492666537471
"There are 5733 empty municipal house , nearly 2,000 of which have been empty for more than a year .",1.92307692308,-96.37936735153198,-4.1904072761535645,45.504679597207684
Heath ( 3.3) summarizes an influential and well-established tradition in the study of class differences in education.,4.0,-103.75228500366211,-4.323011875152588,41.04579378285166
This phase is believed to have been controlled by reactions between salt solutions associated with Permian sediments and volcanics and the underlying Devonian rocks.,4.0,-135.96309185028076,-4.532103061676025,67.18280350524145
And his price - its price can be of immense use.,1.6,-61.95612144470215,-5.163010120391846,21.429937519808064
"There was a significant improvement in the presence of miners in Mansfield clinic , but since this was much closer to their homes .",1.64285714286,-116.75399541854858,-4.670159816741943,48.32243307346957
' So maybe most of the errors were on my side .,3.8125,-57.827402114868164,-4.818950176239014,18.228312344570355
Gere and Basinger star in the erotic thriller final analysis that Warner Home Video will release the video libraries for 18 October.,2.84615384615,-146.61616802215576,-5.639083385467529,59.67064099958972
"Recently, concern has grown that Michelangelo's ceiling in the Sistine Chapel in Rome has been irreparably changed by the Vatican conservation team.",3.6,-109.07188773155212,-3.7610995769500732,88.18678009871078
Disillusion me and get my sympathy at the same time .,3.30769230769,-62.07871055603027,-5.1732258796691895,11.569375931732523
The horse shot out like an arrow from a bow . ',3.75,-57.73420715332031,-4.811183929443359,25.66321073819836
The British Horse Society is anxious to find out why a third of them should have happened in this year alone .,2.92857142857,-102.41017246246338,-4.655007839202881,43.09881171515147
"Made with Pertex fabrics and Quallofil 7 filling, Compact Lite weighs just 1.2 kg , and in its stuff sack , reduces to 7l .",2.0,-201.3169755935669,-6.1005144119262695,23.43690243690037
"In exceptional cases , the Department does not apply withdrawal clause if there is a reasonable explanation for failure to notify.",3.72727272727,-93.84447383880615,-4.265657901763916,65.05169276261947
The strategy that had proved so successful in the sphere of science and technology encountered serious problems when applied to complex social systems.,3.83333333333,-90.66617774963379,-3.777757406234741,82.46446489219727
"' Goodness me , who on earth could it be? '",3.78571428571,-65.62381219863892,-5.047985553741455,17.03308887063325
Small samples are sometimes confused with Synodontis petri color .,3.53846153846,-88.84586524963379,-6.346133232116699,-1.746097985511895
"They called us out to the stadium early, and it was hot , very hot .",3.8125,-67.77679896354675,-3.986870527267456,38.97013498754906
"Often, I pick up an artist from their home and take them to Middlesbrough where they are interviewed by Radio Cleveland.",3.82352941176,-94.30310726165771,-3.7721242904663086,70.9695913975429
"Its muscles, but not so tight as those of a young man, bulged with the effort.",2.4,-74.17293548583984,-3.708646774291992,49.47708894968605
"The review copy is solid black, but the basic model is oil finished.",4.0,-86.07160091400146,-5.738106727600098,21.188117478777144
"In their bedroom which crashed to the floor, which instantly awakened one of the twins began to howl .",1.81818181818,-110.12730360031128,-5.244157314300537,28.476488636928593
Want a man who was such a louse .,1.75,-49.05654430389404,-4.905654430389404,7.377371241060118
This required movement can not take place except in a liquid medium.,4.0,-59.016732692718506,-4.539748668670654,32.088572856168454
Upper Stowe was once called Butter Stowe because London carrier together butter here .,1.375,-130.38965272903442,-7.669979572296143,-2.2989286175384507
Induction of adhesion of specific T- cell subsets of specific cytokines would make the process of lymphocyte recruitment more flexible and selective.,3.75,-124.25018548965454,-4.284489154815674,70.25343999384305
"If I had been in your shoes , I would have gone right out of him. '",2.5,-63.83797359466553,-3.5465540885925293,48.32997990634885
A friend to everyone she met ... much loved and much missed.,4.0,-67.03547143936157,-5.156574726104736,28.99441182687997
"' But it was lost - the walls were built over it, the paper had dissolved. '",2.84615384615,-85.48474311828613,-4.499197006225586,43.00772240343818
"He 's going to buy her a new typewriter , that old thing she practices in making sound like a trumpet Candyman .",1.9375,-130.16853523254395,-5.006482124328613,38.098841560736616
The previous maximum flue length for the 10.5kW and 18kW output boiler was three feet .,3.4,-110.58751153945923,-4.808152675628662,20.500949828910592
"Rising slowly like a machine , she made her way over to the counter and picked up the receiver .",3.8,-86.89078044891357,-4.137656211853027,41.093742697897625
Does he really offered you your job back? ,1.2,-55.515785217285156,-5.551578521728516,10.740821997335885
"They were gears that work together , fits into place when and where they were required.",1.85714285714,-90.15110492706299,-5.303006172180176,25.96249600338963
Shall we call it the Lowfield that sooner or continue to use ' The New East Stand ' ?,1.1875,-129.67745733261108,-6.175117015838623,7.225200875142548
"Agnes , now fully dressed , walked into the hall .",4.0,-69.27546501159668,-5.772955417633057,6.806676736627367
"You should get a certificate of posting, which is available free on the counter.",3.30769230769,-65.99982452392578,-4.124989032745361,37.23243649291534
"Secondly , they retained 25 percent of the capitation money outside the formula system for discretionary allocations .",3.4375,-107.29671144485474,-5.647195339202881,37.79048092373134
Modernization and industrialization of the nineteenth century Britain changed population map.,1.8,-70.93140983581543,-5.066529273986816,24.73565644542893
"Pallister 's rivals are: Steve Bruce (Manchester United) , Stuart Pearce (Nottingham Forest, Paul McGrath (Aston Villa) , Gary Lineker ( Spurs ) , Ray Houghton ( Liverpool) .",4.0,-159.89549922943115,-3.402031898498535,160.91998390799125
' This shows that the company does not learn from this lesson.,3.29411764706,-53.915250301361084,-4.147326946258545,33.73687034311034
"Here we have an uninterrupted view of the prospect , and what a glorious prospect there is , stretching far away for many miles on either hand .",3.6,-123.4207820892334,-4.4078850746154785,66.24627459993906
"Left Debenhams lambswool jumper, £ 24.99 , cotton chambray shirt, £ 15.99 , tie , £ 7.99; Mill washed cords, £ 29.99 , casual Gibson shoes, £ 34.99 .",2.3125,-223.38482332229614,-4.214807987213135,97.5416522645512
"Two years before , met two TA soldiers at an Army open day .",1.64285714286,-94.81646919250488,-6.772604942321777,8.649095166123388
Orthodox Judaism continues to teach an elaborate separation of menstruating women from contact with the men in her family .,3.1,-102.56066799163818,-4.661848545074463,52.179450739846345
A recent architectural survey revealed problems in the 60 -year-old church in greeting Salutation Road.,2.5,-111.16528511047363,-5.558264255523682,28.02718736420198
The fireplace in question was put into a big thick wall that partially divided main compartment.,2.61538461538,-99.03599691390991,-5.825646877288818,26.3151817996888
Ella Burrows was another example of dedicated service.,3.5,-63.02555227279663,-5.72959566116333,11.886975219442633
"It's a brave move to start over in a garden , and a sure test of one's design talents.",3.1,-98.72472095489502,-4.487487316131592,36.779882950929135
"Liverpool won early popularity as a result of Britain's military victories in the Peninsula , just as Mr Major 's reputation was enhanced by the Gulf War .",3.78571428571,-138.6917209625244,-4.6230573654174805,89.39978781276852
EEC has banned BST until further research is conducted .,4.0,-68.16880989074707,-6.197164535522461,22.540389591907967
This deliberate emphasis on young people's unreliable and hurtful past relationship poses a dilemma for housing workers.,3.57142857143,-105.0313663482666,-5.25156831741333,51.665860265315615
"Act of July 29, 1881 stated : ' publishing and the press is free. ",3.0,-92.30319786071777,-5.127955436706543,26.84776227448988
As far as I can see we can either go for Dersingham or the man himself .,4.0,-87.05253267288208,-4.581712245941162,23.361866066304785
The distinction between the existence of the license and its ceasing to have effect .,2.61538461538,-74.47933959960938,-4.654958724975586,20.34057970712186
Turn them into public gardens and creating a type rather than an eyesore.,1.70588235294,-76.91546201705933,-5.127697467803955,24.725502901026047
Mr Hawke last week reiterated his support for airlines to recruit new pilots abroad and re - hire their former pilots on individual contracts.,3.6,-120.84841537475586,-4.648015975952148,107.99279334990331
In February refused counselors to allow a variation of the hour .,1.21428571429,-88.67235374450684,-7.389362812042236,-3.9965287575156054
"Latin America has the lowest female participation of a region of the world , including the Middle East, despite its severe restrictions on women's activities.",3.30769230769,-103.8347396850586,-3.708383560180664,92.67032233634012
"She smiled and shrugged , staring off into the distance .",4.0,-48.85210132598877,-4.441100120544434,23.3826627496247
"Nine schools in three LEAs Midlands , will be identified for specialization , for a survey.",3.0,-117.35126209259033,-6.519514560699463,8.48842693197335
"It is when the requirement for neutrality is seen, as it must be, as a sham that the damage is done to the judicial system .",3.18181818182,-105.96767234802246,-3.784559726715088,73.87165491684965
"Some of the trees , the vegetation and the animals mechanical creations of Mirage Enterprises.",1.69230769231,-95.55294799804688,-5.97205924987793,16.41496453926031
"I tell him because that's what I think , although it may be they or even she .",1.8,-88.7943902015686,-4.673388957977295,21.286086294301754
"Julie 's husband Tim stood weeping beside the grave of St Botolph 's Church in Brampton, Northants .",3.35714285714,-129.08679246902466,-5.163471698760986,46.17642768943534
"Sequel arising from Hook Barrie - esque willingness to rob another man's family , and from modern man fears for the child itself .",1.69230769231,-178.89822006225586,-6.389222145080566,16.845121654234248
Invite the person closest to you to give you some honest feedback on the degree of diplomacy viewing .,2.38461538462,-95.99464416503906,-4.799732208251953,43.81420235367125
We have seen her golden smile on the face of Tatler and her figure in dozens of fashion glossies .,3.25,-115.45758724212646,-5.248072147369385,27.53323347251731
There is little room and apparently no regard to a contract by the appraiser as principal .,2.6,-104.60563659667969,-5.811424255371094,7.67353312608688
The program indexes specified files on your PC hard disk so that almost instantaneous keyword search .,1.5625,-114.07842302322388,-6.710495471954346,34.976562873036244
"And the program ended as it dropped onto the fire to a chorus from the rest of Alf -family 'unclean , unclean' .",1.6,-177.6441593170166,-6.3444342613220215,-11.50545347519568
John Taylor was an itinerant craftsman who came from Oxford in 1839 to redefine the church bells at Loughborough .,4.0,-114.14592266082764,-4.390227794647217,54.1115372886438
"Be flexible , if necessary suggest that more time should be devoted to an item in a meeting .",3.8,-92.66973781585693,-4.877354621887207,31.608899578953938
It was originally published by the American company Houghton Mifflin ) .,3.75,-64.25333404541016,-4.015833377838135,27.353335320808668
For the truth is that no single agent affects our planet as much as we do.,4.0,-61.94184422492981,-3.6436378955841064,55.354622061497665
"Those days are gone , thanks to our efforts.",4.0,-46.627535820007324,-4.662753582000732,21.110671985608917
"Lay participation in the operation of the service was reduced , appropriate community health advice was created to represent the public.",2.8,-112.30206966400146,-5.104639530181885,38.60831784480578
The result - The Romance of British Wool - will be performed in one of the world 's largest and most prestigious stores in October ( 8-18 ) .,3.4375,-151.00038146972656,-4.718761920928955,67.01552990874393
"Why not give in to the folly of it, instead of feeling distress?",4.0,-62.82990217208862,-4.188660144805908,33.33794937322348
"TV presenter Keith Chegwin opened his heart in front of the cameras yesterday and admitted """"I'm an alcoholic .",3.8125,-113.14162063598633,-4.919200897216797,50.06272750463873
"They established themselves in the south -west , and their king, Athaulf , held in Narbonne .",2.8,-129.12757873535156,-5.6142425537109375,-4.295652849873051
"Borrowers , Mr and Mrs Clothier , had a £ 225,000 advance at their home in Silverdale Avenue, Walton -on - Thames .",3.25,-160.1661376953125,-5.005191802978516,54.08767828054161
Rachel sat in tense silence by despicable Damian Flint .,2.84615384615,-86.37153625488281,-8.637153625488281,6.596501316909794
"Fat couple in holiday plaid , bouncing around like toddlers in low- g and cooing over the moon dirt souvenir jewelry.",2.07142857143,-154.44131565093994,-5.9400506019592285,38.67457273819838
The Presidential Council initially seemed designed to replace the CPSU Central Committee Politburo as the main center of political decision making in the Soviet Union.,4.0,-117.28561496734619,-4.0443315505981445,84.44492267251249
The hon . Gentleman said that the proposal was half-baked .,2.875,-62.41800403594971,-4.458428859710693,13.129141805784514
The addition of an associative procedure for this model was thus seen to provide the opportunity for a truly automated kinematic assembly process .,3.76923076923,-123.66889429092407,-4.580329418182373,55.26544537591053
At the end of January the known death toll from the revolution had again reduced drastically to stand at 689 .,3.78571428571,-105.9341869354248,-4.815190315246582,44.287933849311514
"OLD sailor Harry Ward is not looking forward to bonfire night ... because his last drinking companion , Johnny papier mache Guy, will be burned alive .",3.35714285714,-170.06047344207764,-5.485821723937988,70.07369186587687
The conveyors are designed to withstand accidents and until recently Govenrment precluded any possibility of a radioactive leak .,2.75,-132.55288696289062,-5.523036956787109,29.282760768273505
I knew there had to be a wound she had been drowned or suffocated or poisoned.,1.6,-80.57860565185547,-4.476589202880859,35.194515444807635
"Now, only half of its revenue from mainframe computers : the new strategy means selling less machines, based on industry standard 'open ' operating software.",2.5,-156.1227321624756,-5.2040910720825195,71.25503774419747
We are firmly committed to equal treatment of men and women in pensions.,3.8125,-49.03541135787964,-3.5025293827056885,47.175049836111356
"The venom is rarely dangerous, but anyone who has accidentally stepped on a sea - urchin while swimming knows how painful swelling can be.",4.0,-131.37603759765625,-4.6920013427734375,82.30272900948714
Luckily for us simple folk game plot is very straight forward .,2.71428571429,-70.45792007446289,-5.871493339538574,28.62856363085004
"They will report to a board of directors chaired by Sir Robert Telford , director of Marconi, a subsidiary of the ubiquitous GEC group.",3.8125,-114.20984649658203,-3.9382705688476562,83.60532403340667
Let us take the motion of the A and B to be non- relativistic so .,1.69230769231,-83.61573886871338,-4.4008283615112305,20.9762458923216
A training allowance and travel expenses for the 16 weeks of the program .,2.875,-68.45344924926758,-4.889532089233398,25.290878182430802
"Evaluating the different cell types, such as muscle, skin , gut , and nerve .",3.30769230769,-86.53790283203125,-4.55462646484375,32.67413445912507
Bridget reported that the figures for Easter Course was much lower than in the previous courses held at Avery Hill .,3.14285714286,-124.01635551452637,-5.39201545715332,36.03713686314197
"Single £ 4.00 per night , extra night £ 16.00 per night",3.0,-66.05431365966797,-4.128394603729248,51.570808416089505
"( 13) , which likewise was unable to discover a P3A + α subunit transcripts in muscle of chicken , veal or mouse , mouse thymus or torpedo electric organ.",1.42857142857,-216.21619701385498,-5.689899921417236,56.30223232177099
' Because around Cullbridge is horrible rich in rare species.,1.5,-101.37504959106445,-8.447920799255371,-10.71054744831676
"In a cold , late spring it can prove difficult to pasture of rye in time to work up a good tilth for mangolds .",1.42857142857,-160.13501071929932,-5.930926322937012,15.992674281322877
"We like dogs today and try to pass on all the right things to do to our current Scallywag , Monty , but he is not impressed.",2.15384615385,-147.25892639160156,-4.601841449737549,38.35651236765963
"In the 1880s several Neanderthal -like remains were found, and many paleoanthropologists began to claim that they made a separate species intermediate between apes and humans.",3.35714285714,-124.48763513565063,-3.6614010334014893,96.41517231926704
 The idea is to make it easier and try to get a good picture of how they feel about their own health .,4.0,-76.06647086143494,-3.3072378635406494,69.53309067170099
"In almost all studies of all sizes , one investigator be occupied full time questioning during the first days after the accident.",1.42857142857,-128.64156484603882,-5.593111515045166,31.958890304475773
But I think she had a good time.,4.0,-25.86715078353882,-2.8741278648376465,28.81201017632965
"Thinking now Mike was wrong , it was disgusting, but she could not help herself .",2.75,-91.48649311065674,-5.082582950592041,16.800554019320074
"Right now, Kendall did not return the aristocratic Everton he did seven years ago.",2.125,-95.48952054977417,-5.617030620574951,30.62033965604111
"Australia would be happy if the accord led to the reopening of the Panguna copper mine , one of the world's largest.",4.0,-95.15214371681213,-3.524153470993042,69.69274398260964
It is expected to fall to 15 % in April.,4.0,-42.37308311462402,-3.8520984649658203,33.7476633813083
"Despite net assets up 35 % to £ 458 million in Stanhope, the city is impressed with the sector .",3.1,-125.16569089889526,-5.441986560821533,45.15138575465292
Because a source less abundant and less generous than this river had dried up ?,3.30769230769,-86.32450819015503,-5.754967212677002,25.95653173023308
"C - and Ku -band , 4GHz to 6GHz and 11GHz to 14GHz , respectively , are now widely used .",3.07692307692,-117.58051300048828,-4.522327423095703,49.79787822391353
I will come back again next weekend and we can schedule it . ',3.76923076923,-63.505245208740234,-4.536088943481445,33.607329650464294
"These aspects of political elections is still important, but less than before.",3.14285714286,-63.03347873687744,-4.502391338348389,34.499717285450004
She did look a bit of a fool in front of anyone else who was watching .,3.8,-61.868263959884644,-3.6393096446990967,47.40373455529512
A group of North - Eastern businessmen and women last night showed that a Tory vote operations were secured yesterday.,2.2,-128.2308554649353,-6.106231212615967,35.908151648652165
"In that case , they had not spent much on a decent script.",3.8,-67.01766204833984,-4.786975860595703,19.398506179991188
"Carlsbro Sherwood 90 , acoustic combo , £ 150, Marshall practice amp, £ 45 .",1.54545454545,-147.81707763671875,-7.3908538818359375,13.87808439458584
"Pam and Errol has two children , ages 13 and 16.",1.85714285714,-64.0767936706543,-4.576913833618164,27.231249392545635
How to learn to change things for the better rather than just learning to adapt to the way things are now?,2.94117647059,-68.69140577316284,-3.1223366260528564,77.83002735650712
"' It was thought - everyone thought - she would marry in her turn , and it would be the end of it .",2.84615384615,-94.62784194946289,-3.942826747894287,52.42436191810938
"We offer services that are global , integrated and fully comprehensive.",4.0,-60.27856636047363,-5.023213863372803,31.071519535054264
The Human Resource studied in college and joined the company as a line manager .,1.6,-87.51990795135498,-5.834660530090332,13.676838853135607
"The remedy for the static quality of the regime of primary rules consists in the introduction of what we shall call """"rules of change"""" .",2.6,-130.56693935394287,-4.835812568664551,48.00918559697541
"Sometimes I wonder how he passed his 0 - levels , """" said Dad when we crawled over cobbles and out of the village.",3.625,-146.94576263427734,-5.651760101318359,39.23951820898637
"The Houses of Parliament , the cry goes up : """" Burn it down. '",1.85714285714,-89.52243041992188,-5.595151901245117,27.67768238548929
This is more representative of the nature of R & D projects than are single date often given as a result of a PERT plan.,2.0,-130.8521375656128,-4.846375465393066,53.135861850683966
"' This session , """" commented one of the community cards participants ' indicates that a dialogue is the best way to overcome differences.",3.57142857143,-146.33140563964844,-5.8532562255859375,40.776313533054804
"When women were given artificial moonlight for three consecutive nights once a month , their cycles synchronized to the lunar rhythm.",3.6,-102.78633880615234,-4.468971252441406,71.5323489098532
Certainly he was not driven by the same reverent mercenary ambitions of some of his colleagues and sought artistic satisfaction wherever possible .,3.8,-121.24816131591797,-5.052006721496582,53.158628052294944
"With snow in plentiful supply , we have a special section in this issue for those of you who want to get off piste .",2.5,-103.04271268844604,-3.963181257247925,65.65067301956975
"In other words generalist administrator urge the economists, statisticians , etc. for information, but it is the generalist who is """"on top"""".",2.4,-161.5572590827942,-5.211524486541748,25.24055762196656
" Long enough to know my own worth , ' Gina said , annoyed by sardonic glint in his eyes.",3.0,-114.40934753417969,-4.9743194580078125,36.238313601071724
"You are afraid , both of them, that I can detect my mom is not dead at all , are not you? '",1.0,-115.44476747512817,-4.617790699005127,48.54831322847406
The slush recommend the same to local governments and gives examples of accounting policies that will be commented .,1.8,-120.54933547973633,-6.027466773986816,18.827151504660634
"Having decided he must again race the tide , he began a desperate cumbersome ran along the bottom edge of the pier .",1.85714285714,-131.33163499832153,-5.710071086883545,36.047900087790026
The birds can pose a serious health risk to humans who eat them in North Africa and Southern Europe .,3.8,-78.44585418701172,-3.922292709350586,74.65777915497733
"After a month, the pain began to ease somewhat and Lisa was able to get up to his own room with Janet help.",2.25,-104.04773950576782,-4.161909580230713,67.56267958395088
"These problems , combined with the conservative government's free market philosophy, led to a movement back towards more market -related official rates in 1980.",4.0,-139.05422401428223,-4.966222286224365,59.758038244646315
"He also claims to be considered a true all - rounder , having played many attacking innings in the lower middle order.",2.84615384615,-118.51395034790039,-4.93808126449585,55.10345431849754
"It was a natural sheltered pool , a trick of the rolling meadows along Comer .",2.76470588235,-110.2437686920166,-6.1246538162231445,7.47123896192457
"Then , slowly at first , he began to prepare the boy for this possible fate.",3.64705882353,-78.15949964523315,-4.5976176261901855,26.534694247368748
"My German worked like a dream , like a brilliant robot turning on and stand back and admire as it does all the hard work .",1.75,-133.56613063812256,-5.1371588706970215,46.54154144447867
Jess - her blunt nose comes in contact with Samson hand as she coiled around - bit him .,1.25,-126.63978576660156,-6.331989288330078,29.018116869671275
A good deal gives me the feeling that I have been for a nice seven-day trip to the Bahamas. ',3.35714285714,-91.44506239891052,-3.975872278213501,48.93651093902662
"It is excellent for skiing since lateral hopping motion can be used , the calves are well stretched and can also develop posture , balance and coordination.",2.28571428571,-148.56612396240234,-5.305932998657227,63.74078754454166
The biggest area where Renault score is comfort and equipment.,1.4,-75.22086715698242,-6.838260650634766,12.060256823987473
"Any previous wheel- pit at this site , however, could have been either demolished and rebuilt or enlarged to take the new wheel.",3.4,-127.7245512008667,-4.912482738494873,62.66182524288985
Along the flanks are arrays of proprioceptors which partially acts as external arteries.,2.92857142857,-89.23776340484619,-4.957653522491455,27.2030312587746
North Harbour coach Brad Meurant said : ' Everybody helped his comrades .,3.8125,-110.50195455551147,-7.366796970367432,11.64357619896991
"Powerful explosive eruption of gas -charged magma originating in the upper mantle produce small , shallow craters called maars .",3.0625,-149.2020606994629,-5.968082427978516,38.2565825870613
Risk of change in the expected long-term rate of economic growth.,2.8,-51.55738949775696,-3.437159299850464,31.03968464201502
She stood outside the elevators in the hospital's main entrance with other visitors.,4.0,-68.39044952392578,-4.274403095245361,35.563672862080125
A similar picture emerges in relation to the distribution of gross earnings among female manual workers .,4.0,-76.07625484466553,-4.47507381439209,55.63031655735455
Solicitors and qualified members of the Institute of Legal Executives .,3.4,-68.50196599960327,-4.566797733306885,13.964535887866944
"They are also fundamental to improve the quality and quantity of provision of health and social services , and to combat poverty.",3.78571428571,-80.38346743583679,-3.4949333667755127,72.10885029758398
"Such orders may be added before Parliament and it was discussed on December 6, 1977 .",3.82352941176,-86.13407802581787,-5.066710472106934,38.165177697336134
"' Yes , well, I always thought Augustine was a bit simple in its ideas , William , waspishly , as if he were talking about a rival academic.",2.4,-167.26385307312012,-5.068601608276367,45.89947066183805
The origins of Brazil's export success in military trainers and small civilian aircraft was quite different.,3.75,-96.35589981079102,-5.353105545043945,42.0378502834825
"To my officers , it says why should we bother.",3.07692307692,-61.88728427886963,-5.626116752624512,10.194040751027131
Her Royal Highness traveled in an aircraft of the Queen's plane and was accompanied by Mrs Harry Cotterell .,2.75,-100.88970565795898,-4.203737735748291,54.43885127237775
"In the last two years of the war , I was in court visit each station and squadron in my endless quest for Pathfinders .",1.85714285714,-131.35977029800415,-4.865176677703857,34.50586900080833
EU does not concern itself with national health and education policies.,4.0,-40.5664701461792,-3.3805391788482666,53.69603932016578
"The manager makes all the decisions and issues instructions, expecting them to be obeyed without question.",4.0,-77.08705282211304,-4.057213306427002,49.96563456545084
"Now I understand why they paid Macaulay Culkin $ 3,000,000 - he deserved it .",4.0,-84.96583557128906,-3.8620834350585938,46.37909597302104
This time there were windows to the child ( invisible competitor ) so your child can see how chocolate was on each trial.,1.2,-140.43850708007812,-5.851604461669922,32.844506668952704
It is of such character string comparisons formats that we now turn .,1.52941176471,-90.1107268333435,-6.931594371795654,5.278578587235501
"He has been with me too , Brother, ' Tundrish replied simply .",3.75,-104.74317932128906,-6.546448707580566,-8.095011385134114
"He had noted with approval the hot tears of Antiochus III , when the rebellious Achaeus was brought to him """" bound hand and foot """" ( 8.20.9 ) .",3.0625,-189.337984085083,-5.259388446807861,47.92278442201862
Of the 18 patients who were alive at short term follow up (mean (range ) 19.4 ( 10-33 ) months) was 14 still alive in 1992 ( 69 ( 61-83 ) months ) .,2.07142857143,-180.9592628479004,-4.208354949951172,108.51837934474759
"He took the gun and went to the door , checking the horse and cart was still securely bound .",3.4375,-98.02133560180664,-4.901066780090332,34.802390675840826
"Front sash window , original fireplace , built in single wardrobes , radiator , power points , stripped wood flooring.",2.71428571429,-139.90015983581543,-5.596006393432617,27.98775529022356
The result has been to destroy much of the progress in health care in the years prior to every dispute .,3.8125,-93.82581567764282,-4.467895984649658,39.83063115210348
Laughter shone in his eyes when he met her belligerent stare.,3.78571428571,-63.512742042541504,-4.536624431610107,27.4907917296311
"They were just minutes from the train station , the service was frequent .",3.25,-64.1829309463501,-4.5844950675964355,23.74004670806758
"Perhaps most significant of all, three of boxing 's all-time greats - Ali , Robinson and Armstrong - was born into comfortable circumstances.",2.07142857143,-118.86624240875244,-4.0988359451293945,96.18209612352425
"Halifax Building Society, where the bombers had placed his unit , is now a pile of rubble .",2.63636363636,-104.87790107727051,-5.243895053863525,31.134074647357295
Michael Ryan has set for a rapprochement between deconstruction and Marxism.,2.71428571429,-68.95476531982422,-4.309672832489014,30.04512519583041
There is no other catalog quite like OXFAM Christmas catalog.,3.75,-73.74391078948975,-5.267422199249268,15.748398675412872
"Unless there are more resources pumped in, this is going to happen , she says.",4.0,-67.83174705505371,-3.990102767944336,49.57436372234484
It was a way of thinking and behaving .,4.0,-40.045260429382324,-4.4494733810424805,12.362221375733768
"Yes,"""" she said briefly , and for a while they studied each other .",3.8,-79.30276489257812,-4.956422805786133,12.040290406057835
The parts of the law are arranged in three groups .,3.78571428571,-49.05446672439575,-4.459496974945068,17.96650370255557
"Oddly , his only international appearance for the English against the Scottish League in 1914.",2.75,-99.95563888549805,-5.553091049194336,13.192528571836363
Through discussions information from other sites are confidential.,2.5,-55.591373920440674,-6.176819324493408,13.668898726579314
"A prime minister can not safely delegate its investigation because , once adopted , these rules affect the lives of 56 million Britons .",3.57142857143,-133.3425636291504,-5.5559401512146,56.06806589708407
"Somewhere in the silence between them a phone began urgency , persistent ring .",1.75,-103.90814971923828,-6.494259357452393,-2.013198804104505
In a number of cases reminders were necessary ( both in writing and by telephone ) .,4.0,-78.53532075881958,-4.619724750518799,32.95078801982736
"However , things may look quite different from the angle of them just above the lower limit.",2.4,-78.30755996704102,-4.350419998168945,40.938299649172166
"Repeat what they hear , women on the right claim that something called """" Salvadorean democracy """" is in danger.",2.5,-124.9521803855896,-5.432703495025635,37.960553734039365
Thomson Holidays include an airline (backward integration) and a chain of travel agencies (forward integration) .,3.6,-110.11175203323364,-4.7874674797058105,43.804064743945304
Some of London's historic houses can still be seen as they were intended.,3.8125,-53.500986099243164,-3.566732406616211,49.131067246182056
Table I summarizes the clinical features of these patients .,3.76923076923,-41.97127342224121,-4.197127342224121,31.90669736798003
"Further information from SS Langer, RSC , Burlington House , Piccadilly , London W1V 0BN .",2.61538461538,-124.96641874313354,-4.998656749725342,21.32224571284246
"The Jarisch - Herxheimer reaction , usually abbreviated as """" Herxheimer ' reaction following the first dose for the treatment of syphilis in a percentage of cases.",2.28571428571,-180.45927047729492,-5.155979156494141,41.73582912202099
"Ideally, this would not be necessary if those submitting them has a vision for and support the work financially.",2.5,-102.84612274169922,-4.674823760986328,35.24315799653942
"Looking around the room , on the old , worn furniture , I realized that Herbert must be very bad .",2.2,-108.97290802001953,-5.189186096191406,26.896540475112886
They will be joined by John Tierney and John Kerr.,3.75,-44.298980712890625,-3.6915817260742188,36.61404998487029
Nevertheless trophy sitting in Jim office at Peel Park and will stay there .,1.64285714286,-103.81539344787598,-7.4153852462768555,9.428681040347655
Homology search in Leeds and Swiss protein databases failed to detect any significant similarity with other proteins.,3.76923076923,-101.90563249588013,-5.363454341888428,58.1861226360063
' It may have something to do with Angy murder.,2.0,-54.82759666442871,-4.568966388702393,21.525506773324437
"Farmers , who see themselves as guardians of the west , saying that grazing generate economic stability and feeds the nation.",2.23529411765,-113.37852430343628,-4.929501056671143,52.94196013925276
"A water softener works on the principle of """" ion exchange """" .",4.0,-78.48796463012695,-5.606283187866211,28.07639252328937
"Steve Jones (he speaks specifically about Jones ' zealous Christianity) : """" Many people are simply uncomfortable with some people """" over - religious """"or whatever you call it .",2.38461538462,-204.26350116729736,-6.007750034332275,71.5099826935778
"Lorne plateau is formed of Devonian andesitic lava and tuffs that are concurrent with Lagalochan intrusion and mineralization, and unconformably lie over Dalradian schists .",2.63636363636,-259.53894567489624,-6.654844760894775,-21.138566656550324
Many of them also offer a mail order service,4.0,-40.085763931274414,-4.453973770141602,24.929911552219977
"He looked up at Athelstan , his face beaming with pride.",3.75,-54.04828190803528,-3.6032187938690186,31.143908470672685
"She was used to drive the luxurious Saab at this time, although the first charge had paralyzed her considerably.",1.9375,-106.17194175720215,-4.825997352600098,43.90148970178808
We want to give children positive memories that they can draw on in difficult times at home to build a better country .,3.8,-94.2932858467102,-4.099708080291748,65.51360073260497
'The PLO was trying to sabotage the departure of Muslims.,3.75,-59.9432053565979,-4.611015796661377,28.101748811517623
"MOTOROLA get GLOVES OFF IN BATTLE WITH HIS old rival, Prices PowerPC PRICED TO BEAT PENTIUM",1.9,-179.76516723632812,-5.9921722412109375,-30.009720347154968
"Like many popular assumptions about the subject, this is wrong .",3.8,-54.757633209228516,-4.563136100769043,24.949423372824555
"Mutalibov told Izvestiya , from his hiding place in Russia , that the charges were political persecution .",3.78571428571,-101.57449007034302,-4.4162821769714355,32.3784871786811
For Commercial Union market model explained 25 percent of the variation between the returns .,1.6,-101.1450719833374,-6.74300479888916,11.542556763550692
"My suggestion , I assure you, will be of mutual benefit. '",3.8125,-63.365482330322266,-4.526105880737305,34.42587226456669
Only in John's Gospel he makes a curious and deeply interesting statement .,3.14285714286,-71.41849040985107,-5.101320743560791,26.443495206078538
They were returning from a day repair and construction work on a military base in Omagh .,2.8,-83.30706882476807,-4.628170490264893,35.996078640946976
In one area ... four halls had their roofs burned off.,3.0,-69.1453914642334,-5.762115955352783,31.715292352991753
"The buildings were transformed either pour into a gallery of Bohemian art of František Josef CuBr and Pilar, in 1960.",1.52941176471,-182.6211428642273,-6.297280788421631,-6.071266911076123
But the other part cried out against the very thought that she is someone else's wife .,3.5,-79.95932006835938,-4.4421844482421875,33.716589248015936
These problems or investigation is expected to be diverse.,1.75,-56.13872051239014,-5.613872051239014,11.196364913910628
Between August 1975 and December 1978 in COS -B satellite observed 2CG342 - 02 on five occasions and cataloged it as the tenth strongest γ - ray source.,2.6,-214.2302703857422,-6.1208648681640625,58.57319046284181
"' We sent our rescue team as soon as we could, but it was too late, he says .",3.57142857143,-66.10130596160889,-3.14768123626709,77.61195499433194
"Not like a Saturday night at all though , not really. '",3.57142857143,-67.8422622680664,-5.218635559082031,16.697782803657987
Hopeful for what he did not want to miss when it fails,1.75,-66.63457727432251,-5.125736713409424,16.30860256638414
And what would you have done if Schemichal got hold of you and threw you off that last night ?,3.76923076923,-102.16067886352539,-4.441768646240234,32.536172168102155
I should add that the argument he also invited my attention to paragraph 5 ( 7 ) and I will refer to that:,1.75,-114.45882797241211,-4.769117832183838,53.99118323828847
"Once I was happy with the bottom group I copied it, like a mirror , on top of the image .",3.25,-95.79828262329102,-4.354467391967773,45.56906454951502
"From then on , the path to the double helix clear.",1.4,-67.33699131011963,-5.1797685623168945,10.727690783210164
Sun is also preparing its Scorpion eight-way Sparc desktop computer for launch at Sunworld show at 11 May.,2.8,-128.57353496551514,-5.590153694152832,48.56318215690439
"Therefore, political and economic accounting of the costs and benefits of soil conservation programs for others outside the directly affected areas are potentially relevant.",3.57142857143,-119.38058185577393,-4.5915608406066895,76.82013878029127
Does he further agree that there is a need to reopen the neighborhood police stations and putting more emphasis on community policing ?,2.71428571429,-96.32902765274048,-4.188218593597412,75.01423091927373
Fourteen days later Edward sealed text and issued it to all women .,2.38461538462,-88.70914649963379,-6.336367607116699,9.218103466610344
Since then it has been so intensely followed as many full-length TV shows .,2.3125,-82.668212890625,-5.1667633056640625,25.83263086144359
Questionnaire sent by mail will not be returned and refused interviews .,2.07142857143,-77.39107751846313,-5.953159809112549,12.115679181887842
"Twice I ran dangerously close to the edge , my eyes dazzled and eyelid drooping.",3.30769230769,-88.07880401611328,-4.403940200805664,35.2800633082511
"The operation will eventually involve more than 35,000 troops from at least nine countries.",4.0,-52.45269751548767,-3.0854527950286865,66.75355189761898
UI will no longer be just a claim body or a marketing arm for USL .,2.875,-93.165283203125,-5.8228302001953125,28.13365349109769
Before explaining how to tackle a course race is worth looking at what makes a sailor go faster than another .,1.6,-110.5691328048706,-5.265196800231934,50.761185232882355
Only there was anything else she could go .,1.5,-44.30372858047485,-4.92263650894165,12.612870752520081
"Although his features looked as if they had been carved out of the rock, in the depths of his eyes touched something .",2.0,-91.11214256286621,-3.796339273452759,61.255017796814315
"In both subjects , however, the status quo changed radically in comparison to 1979.",4.0,-79.20667266845703,-4.9504170417785645,34.64807208856001
"These percentages were not uniform across the country , local specialties dictated what was available .",4.0,-90.15741157531738,-5.303377151489258,29.311540354245523
We may never know the exact number of deaths.,4.0,-29.574551582336426,-2.9574551582336426,36.830641689796806
This was rejected on 17 April and 18 respectively .,3.14285714286,-62.007670402526855,-6.2007670402526855,12.566945020213836
"Women , Art and Society is a synthesis of the work has been progressing for twenty years about women and the visual arts .",1.8,-103.68549728393555,-4.3202290534973145,54.890261522266115
At his own expense he established no less than ten p.m. charitable schools in Pembrokeshire alone.,2.4,-100.08734464645386,-4.003493785858154,35.58791237188228
Ground deformation during an earthquake could bend pipes as if they were drawn copper wire.,3.33333333333,-85.70268058776855,-5.04133415222168,50.20810076969417
"Within a few days of his election he already knew that the way to achieve this """" new Pentecost """" was an Ecumenical Council.",3.53846153846,-122.59169101715088,-4.227299690246582,64.55976828267535
To follow Jesus as his disciples means that we also encounter resistance to live like him .,3.78571428571,-94.86100387573242,-5.580059051513672,27.44463594439935
His wheel ran into the wet grass and the machine crumpled and fell to his knees like an animal shot in the chest.,2.94117647059,-97.5583004951477,-3.75224232673645,67.88186586891192
"Jenna stopped and faced him angry, but before she could speak he tilted her face with a strong brown hand .",2.6875,-112.69708490371704,-4.89987325668335,44.16166639681148
" I look at you, """" said Grainne softly , """"and I do not see travesties .",4.0,-109.01076936721802,-5.190989017486572,24.815520676345187
Next day one of 252 Squadron newcomers Beaufighter ( T3237 ) was mistaken for a Ju88 while on a local flight.,2.84615384615,-155.9269895553589,-5.997191905975342,24.850393345185523
"Carrington saw the ocean for the first two hours , mesmerized by the Scandinavian night, then went to sleep .",3.29411764706,-106.26466941833496,-4.620203018188477,42.170696569838896
"It was originally recorded as a crib and there was no deathbed , but there will now be a deathbed .",3.25,-95.19037437438965,-4.138711929321289,45.343899804557765
" Political in the sense that if I threw this glass of water over yourself in an interview , it would be a political act .",3.0,-104.08252477645874,-4.16330099105835,52.735087212102115
"' So you're going solo now, said the victim, fumbling for her smoking again .",1.1875,-98.77771806716919,-5.198827266693115,26.810278752350456
Here are ten assorted uses for this book ;,4.0,-52.59269857406616,-5.84363317489624,16.723768264798736
" Still in deep , old Michael , I should think .",1.8,-67.9072208404541,-6.173383712768555,2.5877517219302035
"A sports injury to increase the athlete, or Gilmore groin that occurs when tendons in the groin tear due to excessive stretching and twisting .",1.75,-148.75805854797363,-5.509557723999023,56.12384787983797
"Ideal for a small flat , the washer / dryer as advanced as the one in the main house laundry .",2.4,-119.88710403442383,-4.995296001434326,29.16907440491724
"The deputy chairman of the Council of Ministers , Boris Shcherbina , forbade the evacuation of surrounding Chernobyl until a government commission had come from Moscow.",3.4,-140.9814453125,-4.405670166015625,65.45718424866621
The weekend was associated with an increase in fluctuations in accordance with expectations.,3.76923076923,-65.33745670318604,-4.666961193084717,34.513118923105296
"There is a tradition in our family that Santarém Madonna will always be reunited with their owners , do you know?",2.5,-114.0934944152832,-4.563739776611328,45.457139856432434
"As it is a beta version , it is difficult to give ClarisWorks one star rating.",3.4,-90.52729654312134,-4.764594554901123,30.010871089609466
All she had to do was get a good night's sleep.,3.75,-29.127999782562256,-2.2406153678894043,46.925985176261406
A TOWN farm is plowing ahead with fundraising schemes to help disabled people and plans to the ceiling in a riding area for the disabled.,2.125,-146.57707977294922,-5.234895706176758,44.17884662245399
"'All credit to Gavin gave me the ball in the end, with a little persuasion .",1.8,-89.44416046142578,-4.969120025634766,28.376906257975136
The first drafts of The Prelude was written in Germany in winter 1798-9 .,3.57142857143,-83.24316883087158,-4.8966569900512695,17.219871677148888
Soldiers will no longer be given free cigarettes.,4.0,-43.114261627197266,-4.311426162719727,24.060377022591695
 A criminal trial is not a court order to reveal the truth .,3.8,-54.261823654174805,-4.173986434936523,30.529974359433453
They came to the kind of unspoken understanding real twins enjoy.,4.0,-71.18460702896118,-5.475739002227783,16.04091959263127
"' Harbury 's husband crime , """"said a voice, """" what is his opinion? '",1.8,-126.98728561401367,-6.349364280700684,13.855302585852257
"Dustin is neat Beatle cut is slightly disheveled , and there is a close up of a mole on the right shoulder .",1.1875,-124.93171119689941,-4.461846828460693,39.312717485447735
"In the late 1940s there was a wider range of predefined grocery lines available, and improvements had been made in the quality of packaging.",4.0,-103.139723777771,-3.6835615634918213,79.89449154909872
"After clearly factual ' Headpiece filled with straw """" comes the most absurd poetic words of all, indicating the speaker's weakness.",2.63636363636,-170.3919529914856,-6.815678119659424,25.16397554069937
"I thought it was some weirdo and when I asked who was calling voice shouted, """" That's me ! '",2.0,-114.03510093688965,-4.958047866821289,38.0525150973333
" Well, it's not a bad idea, is it?",4.0,-24.440096855163574,-2.036674737930298,47.838200370296505
"The beauty of glass , he wrote , is this, that the surface does not need to be covered .",3.35714285714,-82.22525811195374,-3.9154884815216064,40.904835721938454
"The Cougar mold was last used about 8 years ago and is past his best, he suggests Mirage similar to the Cougar .",1.64285714286,-139.35423851013184,-5.35977840423584,37.71548408514914
"I should probably have a word said Brigadier , pull the head and open the door.",1.64285714286,-100.79520034790039,-5.599733352661133,9.29804630170051
"Some slogans and ideas from the """" Democracy Wall Movement"""" of 1978-1979 was another brief consultation during these days.",2.38461538462,-132.28075218200684,-5.751337051391602,33.718947276552484
"The Metropolitan Police decided in the Supreme Court damages claim by cameraman Mr Anthony Walsh , whose spine was injured during the Wapping dispute.",2.75,-151.17001247406006,-5.598889350891113,65.04280790471418
"' If I get another few shillings out of it, I have not earned them ?",3.07692307692,-78.83847761154175,-4.149393558502197,40.14208023321781
"Fill the gaps, identify queries and note points of immediate attention.",3.75,-78.19694471359253,-6.0151495933532715,20.930407962868898
And he blows the smoke back into my mouth .,4.0,-47.57284164428711,-4.757284164428711,18.228442933475847
"The genetic spray was described as a very exciting development by another team of researchers, Dr Julia Dorin .",2.61538461538,-103.78952836990356,-4.942358493804932,53.58322825228353
The old Highways Yard in Rigby Road with its railway connection seemed to offer an ideal site .,4.0,-113.8166618347168,-5.69083309173584,30.44261061287412
"Jodami and Jag wild jumped the last together, and Jodami found the vital additional equipment to benefit from it.",1.4,-149.52799081802368,-5.981119632720947,15.610723953196981
Is it possible to view private wealth co - existing with corporate poverty ?,3.5,-91.20965766906738,-6.514975547790527,23.31781891027731
The Ardakkeans was said to be superhuman strong and invulnerable to most life - threats.,2.6875,-121.75045013427734,-6.087522506713867,-4.548369888349427
Villagers fight to block the sale of the old common,2.6,-51.868332386016846,-4.71530294418335,20.666025994107173
There are various ways that a recovery may be obtained from: -,2.5,-54.00157594680786,-4.153967380523682,39.30270362155599
"By the way , it seems a long way , but I just need to walk a mile across the fields outside the farm.",3.8125,-98.2048511505127,-3.928194046020508,54.62049154554785
And Notes from Underground is just such a fable of disembodied consciousness.,3.4,-79.03691053390503,-5.269127368927002,18.36604881154537
We got our film crew and Robin sat down in front of our reeds.,3.30769230769,-75.59891510009766,-4.7249321937561035,35.37835373385933
"Conservative candidate Robert Goodwill, has written to Labour's Marjorie Mowlam ask her to clarify her personal position on the nuclear defense of the country.",3.30769230769,-141.36752319335938,-4.4177350997924805,64.83177092926024
"The Arab masses, indignant at the Western humiliation of Saddam Hussein , were expected to rise up against their pro - Western leaders .",4.0,-114.8801679611206,-4.418467998504639,81.41781200655603
Some of America's most powerful men are worried sick after the theft of an address belonging to New York's most notorious madam .,3.4375,-106.11067008972168,-4.081179618835449,76.34395780018608
"Neil Cosson , director of the Science Museum , is convinced the old numbers can be restored.",4.0,-97.68145561218262,-4.884072780609131,31.82649321026645
It would be a good exercise to compare this electrical system with clear acoustic string telephone in Part 1 ( November 1991 edition ) .,3.30769230769,-137.48522996902466,-5.499409198760986,55.95924869206411
The role of the state was even more pronounced in Berlin in the cultural sphere.,3.72727272727,-62.35568618774414,-3.897230386734009,39.18980010465033
AID TRIP gives students a lesson in third world poverty and FEAR,3.4375,-92.61518955230713,-6.174345970153809,3.73596517838277
"She noticed his fingers trembled , and her anger faded , replaced instead by a wildly optimistic and hopeful.",2.25,-112.16926288604736,-5.34139347076416,34.145204228609884
"In the jargon of quantum mechanics , this choice of behavior known statistic followed by the particle.",2.38461538462,-113.60371398925781,-6.311317443847656,17.68758592884126
"You can format the spreadsheet manually , or design your own speed format routine.",3.76923076923,-83.53281497955322,-5.568854331970215,38.08455958390532
"He came to an arrangement with two actors, camera crews gave some private pocket and turned the film over to his assistants .",2.125,-130.01689910888672,-5.417370796203613,41.60584830710795
CELIA ALMOST WELCOMED thought of going to work.,2.4,-75.34379577636719,-4.708987236022949,-5.163167253209508
"I can only assume that my name had respectable associations, and he thought it could dampen criticism that can be called Athenaeum circles.",2.2,-140.79622650146484,-5.028436660766602,39.850210624843925
" Earth to earth , ashes to ashes , dust to dust ... '",3.8,-61.18130826950073,-4.706254482269287,39.25587228614822
"' It so happened that No 5 Air School was not far away from the mine where Churchill hid under the Boer War, """" Clifford recalls.",3.72727272727,-164.1499104499817,-5.660341739654541,53.23279345782345
"I like to work things out with numbers, such as how much wallpaper or carpet I need to buy",4.0,-85.29029846191406,-4.264514923095703,53.4927236910155
"Not only will the sample be easier in the future , but it should also be cheaper too.",4.0,-62.78111696243286,-3.304269313812256,59.83811168005391
I then turned the picture round and completed the other two sides .,3.57142857143,-65.55889749526978,-5.042992115020752,18.805962920358766
"If so, they share their knowledge with us ?",2.61538461538,-45.78190803527832,-4.578190803527832,22.52822203538274
Tip the mixture into the prepared tin and tilt the tin to level the mixture.,3.76923076923,-65.23497009277344,-4.07718563079834,48.85364813302316
U2 last night unveiled its stunning new video interference on a spectacular bash at London Planetarium ...,2.8,-124.28204202651978,-6.5411601066589355,46.327513370041174
But Mr. Leggatt hoped that the shortage of space for burials would lead to restrictions in the future .,3.7,-96.58161449432373,-4.199200630187988,39.28174708709088
"My social worker who gave me advice asked me to adoption or fostering , and I said fetuses (it was a white family).",1.21428571429,-137.73371410369873,-5.297450542449951,43.722706099997936
"For this reason it was really only suitable for the production of plywood, which was very successful.",3.78571428571,-69.96169090270996,-3.498084545135498,49.230223734891325
But I guess they 've got something to show if they have built good roads and railways and so on . ,3.78571428571,-99.22272682189941,-4.314031600952148,49.0077355268665
"Tom - Frode , Odd -Knut and Tony waiting for us to arrive.",2.36363636364,-104.12680768966675,-6.125106334686279,9.003370020950939
The white lines show the body's electric power energy -giving crystals can set,1.9,-101.18506908416748,-6.745671272277832,10.706562844942951
Gift to create a pleasant environment with minimal resources .,1.75,-62.61147975921631,-5.691952705383301,15.369273615050872
"Guinness provides financial support to organizations engaged in medical research, health , youth , environment and conservation , employment and enterprise foundations , education and the arts.",3.30769230769,-138.25275421142578,-4.608425140380859,76.78077813329557
"The second workshop , developed by and for Napier Polytechnic , was designed to prepare college staff for a validation event.",3.8,-119.88892555236816,-4.795557022094727,41.07704787887704
Questions may be asked by the Speaker (see below) or player who has just thrown (or would have just thrown ),3.25,-110.53150177001953,-4.6054792404174805,60.80739865885815
And they said : Who shall we do ? x .,1.5,-60.0930871963501,-5.463007926940918,9.479843548617794
"The other limiting factor was less immediate , but the greater the potential effect.",2.25,-80.49110412597656,-5.3660736083984375,19.277969228275566
It seems to me that she makes all the rules and I just waited to carry them out and still be responsible .,2.8,-99.15406084060669,-4.311046123504639,43.738824276668936
"When the nest is finished, put the male in search of a woman.",2.5,-57.53198862075806,-3.835465908050537,36.80702281578472
of them showed that they had been raped in marriage.,1.0,-46.11066150665283,-4.191878318786621,25.101415693495568
The government plans to reverse the process of reforestation and investments in projects with sustainable development . ,4.0,-87.90371990203857,-4.626511573791504,35.82303597171705
He deign not to compare the British and the French railways .,2.4,-62.72972106933594,-4.8253631591796875,21.045164085334974
"Adding child on her back , turn upside down and remove any debris in the mouth with your finger.",1.46153846154,-92.28193283081055,-4.614096641540527,50.64064466828856
"Strache may be 37, but who cares really?",4.0,-56.280476093292236,-5.1164069175720215,20.686006794263974
"In return, cut the Church for a somewhat uncertain numbers.",1.2,-77.63061904907227,-6.4692182540893555,3.4781236491495093
But it is almost certain that the offer will be rejected.,4.0,-32.78042507171631,-2.7317020893096924,41.520202542371834
"Mr Stolpe said the East Germans had recently discovered his power , and Mr Krenz had not succeeded in restoring management's credibility.",3.8,-141.67366981506348,-5.059773921966553,50.78584798299997
"Smiling, Harry put the letter back in its envelope .",4.0,-52.79146385192871,-4.399288654327393,22.414171281783084
Leicestershire is the only county to account for their distributions TCCB in cash as opposed to when they are earned .,3.14285714286,-126.77784538269043,-4.876070976257324,26.80593914162111
"It will look good on the beach, an evening peak under a pretty blouse or under a jacket for work.",1.9375,-106.72947263717651,-4.640411853790283,48.205185203134675
"They also read representative works of traditional and modern Chinese history , literature , philosophy and religion.",4.0,-84.85127449035645,-4.713959693908691,43.89388888493542
"If you prefer an elegant brass finish , the Brass dream fire by Valor a good choice, and costs about £ 399 .",2.61538461538,-150.38352012634277,-6.015340805053711,41.3763761501441
"' If you did, then it is just about the greatest miracle someone has ever done since the time of Jesus . '",3.6,-96.18977737426758,-4.007907390594482,66.685010457249
"She kicked something in the dark , and stopped briefly to pick it up .",3.8125,-66.05488300323486,-4.403658866882324,28.40737109981538
"' I'm just back from India , he announced importantly .",3.625,-69.21196746826172,-5.767663955688477,9.660527034849167
It's the kind of place where you can find another subject of interest each time you return .,4.0,-72.80543637275696,-3.831865072250366,44.98548884192445
"McLaren keeps his own counsel , is as reluctant as Ferguson is gregarious .",1.92307692308,-90.69899654388428,-5.038833141326904,19.52714048822105
She had made a final attempt Archdeacon before departure .,1.85714285714,-69.84360122680664,-5.820300102233887,5.706907631429161
Air show: The famous Red Arrows are to provide a grand finish to Southport Air Show.,3.6,-96.94162845611572,-5.102190971374512,41.32436198086069
"Add the orange zest and juice , eggs , sugar , cornflour and ginger.",3.8,-75.99357318878174,-4.221865177154541,37.02397341524099
"A path led up from where they stood , its flag stone worn and broken, progress hidden here and there with moss and weeds .",3.8,-143.02069187164307,-5.500795841217041,46.03692348335673
"' I have to peel potatoes for Matey , and you need to take evening surgery and be ready for your guests. '",2.92857142857,-133.18771123886108,-5.327508449554443,39.1805908511123
R4 this morning SAYS DON HOWE is another likely candidate to take U.S. INTO THE NEW YEAR .,2.6,-121.07036590576172,-5.044598579406738,19.872334983751017
It is one of the ways in which the Spirit awakens prayer in the people of the Messiah.,3.76923076923,-68.56532096862793,-3.4282660484313965,43.84828476224915
Such conditions should be the same for everyone.,3.8125,-30.495611429214478,-3.3884012699127197,26.300581701919725
Or if you walked into her kitchen and disturbed .,1.0,-55.60941696166992,-5.560941696166992,10.12537111391056
"But after 1976 , the municipalities of East London able to publish the advantages of its industrial areas .",1.6,-111.88415861129761,-5.8886399269104,25.17172464861119
"Japanese banks operating in London accounted for 28.5 % of total loans from London in 1991 , U.S. banks 15% and other banks 40.7 % .",4.0,-125.55187797546387,-3.692702293395996,103.98975748473194
" I'm dying for a cup of tea, Charlie announced.",4.0,-53.201425552368164,-4.433452129364014,24.8417188293802
Katherine's mother had come home just days before they were ready to leave.,4.0,-61.21116638183594,-3.825697898864746,41.91137050128637
And hoping for a Twickenham meeting with either Kidderminster Carolians or Hitchin in the final.,2.75,-116.59405612945557,-5.299729824066162,9.721718385453869
"This is an appeal from Swansea City Council against a decision by Judge Michael Evans QC, Given Swansea City Court on 6 February 1991.",3.33333333333,-115.24333572387695,-4.432435989379883,100.48310874870529
"She stared into his eyes , and then suppressed hunger there, and her heart seemed to contract when the swell inside her.",2.07142857143,-119.91345977783203,-4.996394157409668,49.77714961906065
"A sense of well being , of transformation and enlightenment, penetrates the marrow of his bones .",3.78571428571,-86.56406784057617,-4.556003570556641,29.059847051725896
"- A control sample of respondents had all three traits, and a quarter two out of three .",2.6,-102.23904609680176,-5.381002426147461,22.411079869966102
wonder why you - But mibbe I should thank ma,1.23076923077,-93.492440700531,-7.191726207733154,-8.297195723770301
"Blossoming out of the speaker boxes located at the curb , thundering from bars and shops , each corner of its own sound system .",1.69230769231,-143.90773963928223,-5.139562129974365,37.87478057067548
"A lovely flower early, strongly scented of honey , and a yellow golden interior, but plain gray purple, with darker stripes on the outside.",2.8,-154.4457230567932,-5.325714588165283,57.6473691732414
"Young people's knowledge about the harmful effects of smoking are substantial , and those who take up smoking do so purely out of ignorance.",3.53846153846,-97.93140506744385,-3.766592502593994,85.63084335779425
Tandem annual revenue grew 24 percent to $ 1.6 billion.,3.8125,-63.162607192993164,-4.511614799499512,45.373610454309954
Gwyneth Dunwoody stated that we were secretly dismantling health and Roy Hattersley muttered about contracting out old people who brightened .,1.6,-190.6091823577881,-6.807470798492432,0.7434920192063714
Can a man who deserted his wife and children for another woman is free without any scars?,1.6,-72.43760776519775,-4.024311542510986,50.11064440281601
"If the French should take them and see them directed against such noted men , they can take care of sending them to them.",1.25,-125.16462802886963,-5.006585121154785,42.95817395196582
"The Cats Protection League Bazaar , Parliament Room, Royal Baths Assembly Rooms , Crescent Road.",1.85714285714,-122.796462059021,-6.4629716873168945,25.67192185494497
"Their findings are disturbing consequences for 600,000 people are believed to have been affected by the release of radiation.",2.5,-82.75115633010864,-3.76141619682312,64.69750658135311
"Viol tried to flag down another , but the driver ignored him .",4.0,-61.6977744102478,-4.745982646942139,31.500671645262003
"Graphic oriented programming tools , application programming interfaces and cross- application macro facilities will also be offered .",4.0,-117.70787239074707,-5.8853936195373535,46.89182031306697
"Thirdly, the uncertainty surrounding the future of the industry now .",3.2,-54.24625205993652,-4.172788619995117,20.76794111903203
The closest cooperation between the grant officers and each unit managers is important in the design of the plan and in planning your holiday .,2.5,-131.8297266960144,-5.273189067840576,39.83051577470681
"There is no robust criticism , no convincing evidence , no sign of learning from a decade of failure.",4.0,-87.47345924377441,-4.373672962188721,52.58550898517714
Survival time was defined as the period between surgery and death.,3.76923076923,-48.9145028591156,-3.7626540660858154,36.45978839719379
"Mr Tadgell , 32, rented an apartment in Australia with Joanna as she has gone from a cleaner to a waitress at the casino.",2.6875,-131.47924947738647,-4.533767223358154,64.77227236664629
"The Daurog moved about their business , eyeing Tallis with the same trembling caution as the night before .",3.66666666667,-134.5702886581421,-6.116831302642822,3.3439197583100793
"Mr Jenks marched along the corridor , glaring wrath fully about him , and the children fell back on both sides without a murmur .",2.90909090909,-151.4321780204773,-5.6085991859436035,42.00553077481874
"Your detective of the detective story , of course , went about seeking information.",3.5,-81.68531656265259,-5.445687770843506,16.042824058120488
In the seventeenth century the new Dutch Republic was the only major power to make extensive use of this method of representation.,4.0,-82.95137786865234,-3.4563074111938477,71.47837781571351
As you work on a peer - group policy model of photography and opinion?,2.3125,-95.10822772979736,-6.340548515319824,13.32987969764784
It's not like the old days when people lived in villages and knew that great- grandad was a horse thief or whatever.,4.0,-107.13284111022949,-4.1204938888549805,62.51727252431573
Directives had no application to the parliamentary proceedings or election law and reported speech.,2.28571428571,-95.38050079345703,-5.9612812995910645,18.62287165488779
"Crystal thought Berg was a newspaper reporter and she assured Rain: """"I did not ruin your story by telling him MI which killed MacQuillan . '",1.85714285714,-183.61259651184082,-5.92298698425293,39.905785774276126
"Another street also runs roughly north -south , lying between it and Ryknild Street , branch north of Tiddington road",2.71428571429,-157.57237672805786,-6.3028950691223145,9.851020057605382
' If you want to use the bathroom often .,2.4,-49.215664863586426,-4.921566486358643,15.967651080456179
"When the Indians went hunting , either for animals or rival Indians , their firepower fatal.",1.2,-104.12221145629883,-6.124835968017578,26.571416648433257
"Facts speak for themselves , but only if leaders are willing to listen , prepared to be convinced.",3.6,-86.00225448608398,-4.300112724304199,42.00820977721858
"In the preceding decade, London and other major metropolitan cities recorded massive population loss ; between major cities either lost people or experienced only slow growth .",2.71428571429,-138.2849407196045,-4.938747882843018,81.76446656264105
"' After the demise of our great team in '86 , we were building sand castles for a while - they fell together all the time .",2.84615384615,-131.92183113098145,-4.711493968963623,60.066694619079925
Amiss were struck by the courtesy and strangely uplifted to find that not everyone in this establishment was that Colonel Fagg .,1.23076923077,-152.90132761001587,-6.116053104400635,14.284353550169271
One in six trees in Switzerland is showing signs of ill health - twice as high as eight years ago .,4.0,-83.52403450012207,-3.977334976196289,75.368700454204
LEFT : Painter and decorator Kevin Barton locked into this early 2 pounds 14oz plaice during a session at Lepestone Point in Hampshire .,2.71428571429,-204.8874807357788,-6.829582691192627,6.361923930241119
It has been estimated that 65 percent of the deals are spot and the rest is up appointments.,1.92307692308,-85.53932905197144,-4.50206995010376,42.4626238370584
This was necessary in order to qualify for a subsequent call to the Bar .,4.0,-67.04522609710693,-4.469681739807129,27.701542321005164
"' Here he comes , watch out for this guy . '",4.0,-56.9666862487793,-4.747223854064941,23.236604911536574
I hope you're not gon na have a place .,1.8,-63.66227340698242,-5.787479400634766,12.419418642713424
to give children the skills necessary to perform simple math functions (related to the four rules) without problems,4.0,-91.08212471008301,-4.55410623550415,56.65841395872562
The distinction between equity and equality in the distribution and use of social services is crucial to the debate on health inequalities.,4.0,-83.3518590927124,-3.6239938735961914,75.45611623568081
After I had my tea I would go to bed .,4.0,-46.05705547332764,-4.187005043029785,23.480897312223533
"The extensive tour included building purchase, consumption , laboratory, steeping , germination and malt kilns and dispatch.",2.92857142857,-150.71264934539795,-6.5527238845825195,11.715260895266766
"After all , he had managed to defeat the system and was in sole command of a small military unit .",4.0,-84.4155535697937,-4.0197882652282715,47.35391231627423
Then she jumped up and ran along the trail.,4.0,-33.51516246795654,-3.3515162467956543,32.94892320470633
I think G.P. hold me and caress me.,1.23076923077,-65.76851272583008,-5.059116363525391,7.1704785784475575
"I did not want to be a superstar , I would only be able to play well .",2.6875,-63.943506717681885,-3.552417039871216,46.308874589560645
"This is not to deny , of course , is that crime and violence in today's society is an important social reality.",2.28571428571,-91.54229164123535,-3.8142621517181396,53.758281918159355
They strung a net between two trees and flipped around in a spirited game of four - a-side volleyball.,3.35714285714,-108.7175178527832,-4.726848602294922,50.00666387460271
"The administrative structure of the partnership, with its heavy emphasis on coordinating different agencies , would in any case tend to inhibit the unorthodox .",4.0,-127.83325481414795,-4.916663646697998,54.393901560299525
We walked solemnly around Gloucester in and out of the cathedral precincts while he told me about his childhood.,4.0,-95.59280681610107,-4.345127582550049,48.21646128665827
"By comparison, companies in the 20-50 bracket workplaces suffer from neglect , they say.",3.6,-101.49057483673096,-5.638365268707275,24.615615672464614
Within a few days of writing my planning notes a reasonable ( by UK standards) day dawned .,2.6875,-108.32293510437012,-5.416146755218506,34.57109437968157
"Whether this autoantibody has direct pathogenic significance, as in Wegener's granulomatosis , remains to be determined .",3.57142857143,-122.94976997375488,-4.391063213348389,17.109576414362607
"The event received widespread television and press coverage , and requested a civil rights march on 24 August from Coalisland to Dungannon .",2.5,-140.4997730255127,-5.203695297241211,44.143475638273856
"Robin Child refuses absolutely to grade , and when O - levels paved the way for GCSE with all its internal courses and labeling, he rejected it .",3.07692307692,-188.11461925506592,-6.270487308502197,33.97312726485981
"Synergie Ultra - Gentle Eye Make -up Remover with extracts of rose , a light oil-free moisturizer with soothing properties , £ 2.99 / 200ml .",3.47058823529,-188.7798614501953,-5.243885040283203,62.863738384618415
"Stewart and Tait was more aware of the degradation of energy, moral as well as physical and thus of impermanence of the world.",1.75,-119.38286685943604,-4.116650581359863,52.816055184561094
This rule is subject to a number of exceptions ( see Chapter 5).,4.0,-52.94790077209473,-3.7819929122924805,43.104569725603795
We are grateful to Ken Byron to set up a much needed journal in Drama and Dance Education.,3.25,-98.12485218048096,-5.16446590423584,40.63379358417515
Cycling was also definitely related to gastroesophageal reflux .,4.0,-59.37403678894043,-3.9582691192626953,20.820101432000115
"True to this tone , the tape Toms scientific analysis as opposed to bedtime bogeyman stories.",1.27272727273,-132.8059802055359,-6.324094295501709,2.4334659188222645
"As was suggested in argument , it would actually be to swallow the elephant and the load on the mosquitoes.",1.27272727273,-107.1269645690918,-5.101284027099609,22.85137817726698
The relevant moment Dr Banda waves his fly whisk .,1.64285714286,-96.60288715362549,-8.78208065032959,-4.231312743946731
Both were former members of the left-wing extremist Red Army Faction ( RAF ) .,4.0,-70.73301601409912,-4.160765647888184,52.686390991735905
"Yet ' - her tone changed again - """"I am grateful to you for your help. '",4.0,-81.50075817108154,-4.28951358795166,61.573175024708235
"Stokesley , yes , possessing either trade or manufacturers , has no appearance of bustle and business, and is a place that is well adapted to retirement . '",2.28571428571,-186.16647863388062,-5.641408443450928,24.42779013491264
"Although it is less harmful than removing bulbs and plants, can consistently seed snapper still effectively eradicate a species from an area .",1.0,-139.29251432418823,-5.571700572967529,59.92882531915939
"Tickets from Sgt Gordon Parkin ( phone 091567-6155 , ext. 6331 .",3.0,-123.87799263000488,-6.193899631500244,-4.747298295688992
"Religion : Christianity ( Bulgarian Orthodox Church ) , the Islam practiced by large Turkish and less Pomak minorities.",1.8,-128.02714252471924,-5.81941556930542,41.47427937322544
"' There is no Black Dog here ,' said the doctor.",4.0,-66.16742944717407,-5.089802265167236,21.36653947485759
"Learning a manipulative skills, such as writing , takes hours .",1.9375,-68.73712348937988,-5.72809362411499,18.64137564968628
Our common phone in the hallway wall by the front door.,2.15384615385,-58.994882583618164,-4.916240215301514,24.088097696548886
"Mr Carpenter said : """" All the victims were elderly and infirm .",3.6,-68.73360252380371,-4.909543037414551,43.67312730216376
"They say you're a known homosexual, we mean it, """" added a third .",3.0,-93.77586317062378,-5.5162272453308105,21.34883643381093
A balanced intake of calcium today means a healthier you MORNING,1.64285714286,-84.86845207214355,-7.072371006011963,7.737650481741497
"When the bishops moved into the house 10 years ago , it had been on the market for 18 months and had become very run down.",3.8,-95.77562856674194,-3.547245502471924,84.80435825930323
"I thought I could go to America and help anti - draft students around the army camps , he said.",4.0,-109.71722745895386,-5.224629878997803,41.28145621999289
Other people apart from yourself and the candidate that may be taken into account when fixing a timetable is :,1.6,-108.05569648742676,-5.402784824371338,37.14983857857021
Her mouth had formed the words before she realized .,3.35714285714,-56.65853023529053,-5.665853023529053,9.656733988122767
Water Temperature: The normal temperature range of 72 ° -76 ° F .,3.75,-78.25613021850586,-5.217075347900391,42.56587298212803
The first is a surface wound that starts as a red mark .,3.64705882353,-64.1128716468811,-4.931759357452393,20.844914670928915
"We are really struggling at this point in time , thinking , """" What are we , what are we about? '",3.53846153846,-93.64118385314941,-4.071355819702148,56.7423832716529
I do not think Chris and the band know each other well enough at the time.,2.5,-56.77616024017334,-3.3397741317749023,54.86915202597656
"' Donna , I said that we should call the police .",3.78571428571,-60.27187728881836,-5.022656440734863,16.68261994682136
"It loves damp , humid, airless places with a slightly more alkaline pH than normally found in the vagina (usually slightly acid ) .",3.78571428571,-142.61909866333008,-5.093539237976074,61.12210405507665
"Bong Water is Ann Magnuson carrying glowing incense stick it itself, Kim Gordon is a carcinogen Zippo on full flame .",1.0,-206.04535675048828,-7.358762741088867,-3.9878507370839884
"Now that she was looking closely, she realized that most of the rooms in the house had two doors .",3.6,-70.6651554107666,-3.3650074005126953,57.25620187821657
"Both drank , aware that it had been a long afternoon , and Shelley least was thirsty .",1.92307692308,-102.10294246673584,-5.6723856925964355,16.47768057334278
He had to go through Mordecai because he is a Copt .,3.47058823529,-67.55164861679077,-4.503443241119385,11.740389053614521
But now they claim the cost of free accounts is too high .,3.8,-58.3174614906311,-4.485958576202393,26.557885641439597
"What if Bruce and Pallister is injured , they have a ( decent) cover.",1.8,-107.07172870635986,-6.298336982727051,4.529662680350498
But with his mother arrested was now up to him to take charge of rebellion in Poitou .,1.6,-95.0760555267334,-4.75380277633667,25.776562965088047
' Can it be said Barry by any chance ? ',1.75,-66.84493494033813,-6.076812267303467,13.015427484413024
He takes it like a duck takes to water.,3.29411764706,-43.21193218231201,-4.321193218231201,25.602716480654422
Average household size has decreased from 3.09 in 1961 to 2.55 in 1987 and will continue to decline ( Table 2.6) .,4.0,-97.65179085731506,-3.3673031330108643,82.66228105354634
The form in which the dialogue is represented is the one that best suits your mood and subject of dialogue.,3.76923076923,-82.40773057937622,-3.924177646636963,53.62366846014834
She had come to England from Berlin in 1930 and had begun his studies at the Central School of Arts and Crafts .,1.92307692308,-79.44995498657227,-3.3104147911071777,78.069251322376
Being one of the Prince's Chosen Women have their drawbacks.,2.38461538462,-64.98187065124512,-5.41515588760376,11.061826235220067
"At least Ferdinando now know much English, what she had said to Pen to make him feel important .",1.69230769231,-123.51310539245605,-5.614232063293457,13.967773029625022
"As if he remembered his manners , he saw an invitation Nicandra .",1.64285714286,-94.93892192840576,-6.781351566314697,-3.745649099205707
"' Act Two - Beginners can , said a shaking voice from outside the door.",1.75,-100.55198383331299,-5.914822578430176,15.147926013699973
Coming and going - there had been too much of it.,3.45454545455,-39.76502323150635,-3.3137519359588623,38.69216497195495
"Sow seed outdoors in spring, or divide plants in spring and leave 60cm ( 2 feet) between plants.",3.64705882353,-122.1336727142334,-5.310159683227539,47.631482500294254
"In 1925, Whittaker had become an expert in their field and Chapman were immediately impressed by his knowledge of football injuries.",2.38461538462,-107.16439485549927,-4.286575794219971,64.26048694041961
"This has now been cut from 3% to 6.7% , but according to Chairman Mike Tilbrook , 'continues to show a useful paper profit ' remaining inventory .",1.75,-184.46532011032104,-5.270437717437744,35.30556113400806
"We've still got the Dower House , and Lincolnshire is lovely in May . ’",3.6,-111.45806217193604,-5.866213798522949,1.5206753473585053
My first real friend was probably a boy called Adam .,3.57142857143,-48.585707664489746,-4.416882514953613,29.44235955693304
She was wearing denim overalls and carrying a bucket and brush .,3.61111111111,-63.250197887420654,-4.8653998374938965,29.218466466669824
In the next year he had custody of Rochester Castle .,3.46153846154,-60.826404094696045,-5.529673099517822,17.520222431086168
BOOKING is essential for a cycle ride around Wirral Country Park on Sunday when the leader will be Cheshire ranger Barry Jackson .,2.875,-149.61018991470337,-5.541118144989014,49.06918255273146
This expression is called the fundamental theorem of Riemannian geometry .,3.93333333333,-54.48544263839722,-3.891817331314087,28.782876806151194
"Greg Hocking was one of those rare people who drift into teaching and find themselves , to their own surprise , absolutely cut out for the job .",3.0,-131.50098752975464,-4.53451681137085,65.11693936293827
On appointment to office a new minister will take over responsibility for many departmental policies .,3.14285714286,-76.54015827178955,-4.502362251281738,42.04021459589474
"When Rhun in his kindness lent an arm to raise him from his knees , he hung heavily still , clinging to his desperate humility .",3.61111111111,-146.03108882904053,-5.4085588455200195,47.39100093065926
Figure shows how the A-measure per unit area varies with radiometer reading .,3.0,-88.47128295898438,-5.204193115234375,22.07106982171446
In some pubs fake hand pumps serve gassy beer .,3.35294117647,-86.58383560180664,-7.871257781982422,6.951103042682007
Preliminary work began last September following the appointment of two countryside officers who are employed full time on the project .,3.72222222222,-105.92880821228027,-4.605600357055664,51.52728778253859
"This is , of course , only a tendency , and the move away from local policemen to larger , centralised policing may reduce this effect .",3.4,-135.56780242919922,-4.841707229614258,42.29017530360957
Tod features another kind of dream in which he is a woman .,3.25,-76.10604763031006,-5.436146259307861,11.428642133019679
Valuable coaching can often come from drama school tutors who can give a fair assessment of the possibilities you may have prior to auditioning .,3.42857142857,-134.13879776000977,-4.790671348571777,61.057037917062985
"Because simulated annealing is a stochastic algorithm , different runs of probeorder will not necessarily produce the same output probe order .",3.15384615385,-132.59944009780884,-4.91109037399292,51.165538830087
"Although the music was animated , only the arms moved .",3.28571428571,-60.89542579650879,-5.535947799682617,9.896217453692827
"But the report also blasts authority bosses for failing to control the activities of 58-year-old Mr Watney , who took early retirement last year .",3.73333333333,-124.94782447814941,-4.1649274826049805,75.04375765191662
Some would of course reply personally ( he had included postage ) .,3.66666666667,-85.9587893486023,-6.6122145652771,7.602342765048476
"Police are appealing for witnesses to the incident , which happened at 11am on Monday in Windsor Street , Toxteth .",3.4,-83.45194816589355,-3.4771645069122314,75.310528030201
The surface need not be perfectly flat or smooth .,3.75,-43.57057571411133,-4.357057571411133,26.690088227926807
"There are 5,733 empty council houses , almost 2,000 of which have been empty for more than a year .",4.0,-80.85331535339355,-3.3688881397247314,60.82680087479079
Heath ( 3.3 ) sums up one influential and long-established tradition in the study of class differences in education .,3.75,-114.88032341003418,-4.595212936401367,38.19855671445049
And his price — his price can be of enormous use .,3.0,-70.70724105834961,-5.892270088195801,11.879013364269852
"There was a significant improvement in the attendance of miners at the Mansfield clinic , however , since this was much closer to their homes .",3.2,-116.32949495315552,-4.308499813079834,60.45504739179384
‘ Then maybe most of the faults were on my side .,3.5,-71.3206787109375,-5.4862060546875,12.593398573198968
Gere and Basinger star in the erotic thriller Final Analysis which Warner Home Video will released into video libraries by October 18 .,3.15384615385,-154.646746635437,-5.947951793670654,57.49175833773555
"Recently , concern has grown that Michelangelo's ceiling of the Sistine chapel in Rome has been irreparably altered by the Vatican conservation team .",3.93333333333,-119.96762323379517,-4.136814594268799,76.94601378756511
Disillusion me and get my sympathy at the same time .,2.76470588235,-62.07871055603027,-5.1732258796691895,11.569375931732523
The horse shot out like an arrow from a bow . ’,3.88888888889,-70.8839054107666,-5.452608108520508,17.806817305476557
The British Horse Society is anxious to find out why a third of them should have happened in this year alone .,2.93333333333,-102.41017246246338,-4.655007839202881,43.09881171515147
"Made with Pertex fabrics and Quallofil 7 filling , the Kompakt Lite weights only 1.2kg and , in its stuff sack , reduces to 7l .",2.75,-217.07175254821777,-5.866804122924805,-3.7926802226640746
"In exceptional circumstances , your Head of Department will not apply the withdrawal clause if there is a reasonable explanation for failure to notify .",3.53333333333,-115.14699459075928,-4.605879783630371,62.64185426947509
"‘ Goodness me , who on earth can that be ? ’",3.66666666667,-82.70427703857422,-5.513618469238281,7.641587852912053
Small specimens are sometimes confused with Synodontis petricolor .,3.53846153846,-70.57329082489014,-5.04094934463501,8.114099134228965
"They called us out into the stadium too early and it was hot , very hot .",3.58823529412,-75.04581499099731,-4.414459705352783,36.3274904547841
"The review copy is a solid black , but the basic model comes oil-finished .",3.41176470588,-101.56241750717163,-5.974259853363037,5.042182129938055
"In their bedroom something crashed to the floor , which immediately woke one of the twins who began to howl .",3.6,-110.81042671203613,-5.036837577819824,31.37073782251676
Wanting a man who was such a louse .,2.6,-53.712149143218994,-4.882922649383545,5.883013113766722
This essential motion can not take place except in a liquid medium .,3.93333333333,-67.75260162353516,-5.211738586425781,25.09399803190702
Upper Stowe was once called Butter Stowe because the London carrier collected butter here .,3.69230769231,-116.27094554901123,-6.459496974945068,16.578328443097774
The induction of adhesion of particular T-cell subsets by specific cytokines would make the process of lymphocyte recruitment more flexible and selective .,3.5,-118.46650838851929,-4.085052013397217,71.56067682601264
‘ If I'd been in your shoes I'd have walked right out on him . ’,3.8,-81.34160041809082,-4.067080020904541,40.200649527326135
"‘ But it was lost — walls were built over it , the paper had disintegrated . ’",3.15789473684,-113.28382444381714,-5.394467830657959,24.804767255174767
"You can visit the village — it has a pub , beach and a shop — then retrace your steps through the woods to reach the Saints' Way .",3.8125,-130.52334928512573,-4.21043062210083,88.17465747381544
He's amongst the qualifiers for the Lancome trophy at Paris .,3.70588235294,-78.75248861312866,-6.0578837394714355,13.73481894144949
"‘ Steal for you ? ’ he answered Laura's astonished protest , ‘ I'd do time .",3.0,-146.06275081634521,-6.63921594619751,2.061740658675973
The previous maximum flue length for the 10.5kW and 18kW output boilers was three metres .,3.64285714286,-111.87678909301758,-4.661532878875732,24.364963869850044
"Rising slowly like an automaton , she made her way over to the counter and picked up the receiver .",3.6875,-90.49195671081543,-4.1132707595825195,43.47117305704569
Has he really offered you the job back ? ,3.6,-52.33370304107666,-5.233370304107666,6.75295426125362
"They were like cogs working together , fitting into place when and where they were needed .",3.84615384615,-78.75820541381836,-4.375455856323242,39.75280442763065
"Agnes , now fully dressed , went into the hall .",3.88235294118,-71.41979026794434,-5.951649188995361,3.5432781197402647
"Supplement per person per night £135 for the first night , £105 each additional night ( minimum 2 persons ) .",3.3125,-108.13643980026245,-4.701584339141846,57.036939359878886
"You should obtain a Certificate of Posting , which is available free of charge at the counter .",3.88888888889,-71.09664297103882,-3.7419285774230957,51.26516873366569
The modernization and industrialization of nineteenth century Britain changed the population map .,3.625,-73.90592384338379,-5.278994560241699,26.014340014935925
Pallister's rivals are : Steve Bruce ( Manchester United ) ; Stuart Pearce ( Nottingham Forest ; Paul McGrath ( Aston Villa ) ; Gary Lineker ( Spurs ) ; Ray Houghton ( Liverpool ) .,3.38888888889,-153.08762502670288,-3.5601773262023926,188.91952651404688
‘ This shows the company didn't learn anything from this lesson .,3.3125,-69.59788131713867,-4.971277236938477,21.14251656369423
"Here we have an uninterrupted view of the prospect , and what a glorious prospect it is , stretching far away for many miles on every hand .",3.15384615385,-114.21135902404785,-4.078977108001709,73.83689714241495
"Two years before , two TA soldiers met at an Army open day .",2.93333333333,-91.54659461975098,-6.5390424728393555,11.918969738877294
Orthodox Judaism continues to teach an elaborate separation of the menstruating woman from contact with the men of her family .,3.35294117647,-103.24065732955933,-4.488724231719971,53.50457632602496
A recent architectural survey revealed problems at the 60-year-old Salutation Church in Salutation Road .,3.77777777778,-93.16918516159058,-4.4366278648376465,35.36978149000208
The fireplace in question was set into a huge thick wall that partly divided the main room .,3.875,-89.37468910217285,-4.9652605056762695,38.10749242937567
"It is a brave move to start afresh in a garden , and a sure test of one's design talents .",3.35714285714,-102.08416032791138,-4.438441753387451,41.69162846681459
"Liverpool won early popularity as a result of Britain's military victories in the Peninsula , just as Mr Major's reputation was enhanced by the Gulf War .",3.9375,-132.5572190284729,-4.570938587188721,86.96913256412375
The EEC has banned BST until further research has been completed .,3.72222222222,-72.91853380203247,-5.6091179847717285,28.23134252755746
This deliberate emphasis on the young people's unreliable and hurtful past relationships poses a dilemma for residential workers .,3.5,-118.37278604507446,-5.636799335479736,40.81744514232287
‘ As far as I can see we can either go for Dersingham or for the man himself .,3.6,-103.12524127960205,-4.687510967254639,25.75723519463213
Distinction is drawn between existence of licence and its ceasing to have effect .,3.46666666667,-82.75492858886719,-5.172183036804199,20.964901432670956
Turn them into public gardens and you create an attraction instead of an eyesore .,3.85714285714,-74.9452133178711,-4.684075832366943,37.55395485500422
Mr Hawke last week repeated his support for the airlines recruiting new pilots overseas and re-hiring their former pilots on individual contracts .,3.6,-122.86226177215576,-4.550454139709473,82.77836948510037
"In February , councillors refused to allow a variation of the hours .",3.29411764706,-78.1237359046936,-6.009518146514893,9.478131610275739
"Nine schools in three Midlands LEAs , will be identified for in-depth study , following a questionnaire survey .",3.3125,-115.76282691955566,-5.261946678161621,33.34154765498653
"It is when the claim to neutrality is seen , as it must be , as a sham that damage is done to the judicial system .",2.46666666667,-113.3659029006958,-4.198737144470215,53.52061608777058
"Some of the trees , the vegetation and the animals were mechanical creations of Mirage Enterprises .",3.4,-89.0594630241394,-5.2387919425964355,29.81012967720619
"I say he because that is what I think of , though it could be they or even she .",2.53333333333,-93.84716987609863,-4.692358493804932,18.278966489079664
"They are scripted for NCR System 3000 , Sun , HP DECstation and IBM hosts .",3.75,-145.3029613494873,-8.072386741638184,-6.769836418030025
"The sequel arises from Hook's Barrie-esque determination to usurp another man's family , and from the modern man's fear of the child within himself .",3.5625,-155.76560974121094,-4.867675304412842,33.282891323851175
He looked from one tired face to another .,3.8,-45.036864280700684,-5.004096031188965,11.340780084611659
Invite the person closest to you to give you some honest feedback on the degree of diplomacy you exhibit .,3.75,-91.71403169631958,-4.367334842681885,53.030057591752126
There is little scope and seemingly no consideration for a contract by the valuer as principal .,2.70588235294,-102.82593727111816,-5.712552070617676,15.37680101929007
"‘ Oh , it's not so bad , ’ Charles offered feebly .",3.8125,-100.76915073394775,-5.598286151885986,5.667673527252106
"And the programme ended as it dropped onto the fire to a chorus from the rest of Alf's family of ‘ unclean , unclean ’ .",2.35294117647,-181.2580828666687,-5.847034931182861,12.777521663398517
John Taylor was an itinerant craftsman who came from Oxford in 1839 to recast the church bells at Loughborough .,3.86666666667,-109.46494770050049,-4.210190296173096,58.79251224897095
‘ What are you going to do next about Tweed ? ’,3.61111111111,-70.09253740310669,-4.672835826873779,25.25998875307178
"Be flexible , if necessary suggest that more time should be devoted to an item at a separate meeting .",3.53333333333,-99.21235084533691,-4.960617542266846,36.12082666940333
It was originally published by the American company Houghton Mifflin ) .,3.75,-64.25333404541016,-4.015833377838135,27.353335320808668
For the truth is that no single agent affects our planet as much as we do .,3.46666666667,-69.37913751602173,-4.081125736236572,44.33620148564053
Glass exploded and shattered all around it as the storm wind and rain blasted down the corridor at them .,3.0,-94.84328269958496,-4.742164134979248,50.52696985144922
Lay participation in the running of the service was reduced ; in its place community health councils were created to represent the public .,3.14285714286,-110.4338607788086,-4.601410865783691,52.721768236676894
"The borrowers , Mr and Mrs Clothier , had a £225,000 advance on their home in Silverdale Avenue , Walton-on-Thames .",3.35714285714,-129.97634887695312,-4.061760902404785,37.242181379830015
Rachel sat in tense silence beside the detestable Damian Flint .,3.9375,-78.04959726333618,-6.003815174102783,20.888875079910036
"Fat couples in vacation plaids , bouncing about like toddlers in the low g and cooing over the moondirt souvenir jewellery .",2.5,-176.97353601455688,-6.102535724639893,12.370658404860393
The Presidential Council initially appeared designed to supplant the CPSU central committee politburo as the main centre of political decision making in the Soviet Union .,3.33333333333,-134.41100120544434,-4.4803667068481445,72.85201528686119
The hon. Gentleman said that the proposal was half-baked .,3.07692307692,-49.437546730041504,-3.5312533378601074,22.246477746961247
The transporters are designed to withstand accidents and until recently the Govenrment ruled out any possibility of a radioactive leak .,3.77777777778,-125.01368045806885,-4.808218479156494,43.30281338473878
I knew that there had to be a wound : she had not been drowned or strangled or poisoned .,3.3125,-88.57522487640381,-4.217867851257324,44.59293747990213
We are firmly committed to equal treatment for men and women in pensions .,3.41176470588,-55.10511636734009,-3.936079740524292,44.98425085891762
The poison is seldom dangerous but anyone who has accidentally trodden on a sea-urchin while bathing knows how painful the swelling can be .,3.5,-133.7543430328369,-4.776940822601318,59.570616223093936
Luckily for us simple folk the game plot is very straight forward .,3.5,-63.243738651275635,-4.864902973175049,38.71772791616917
"They will report to a board headed by Sir Robert Telford , chairman of Marconi , a subsidiary of the ubiquitous GEC group .",3.61111111111,-114.81875038146973,-4.252546310424805,66.63536316547825
"Let us take the motion of A and B to be non-relativistic , so that .",2.31578947368,-75.13376569747925,-3.577798366546631,20.785073011043423
The cessation of hostilities was agreed in principle .,3.33333333333,-40.54568338394165,-4.505075931549072,22.07987555465705
A training allowance and travelling expenses for the 16 weeks of the programme .,2.73333333333,-69.810302734375,-4.9864501953125,31.70298074186171
"Consider the different cell types , such as muscle , skin , gut , and nerve .",3.33333333333,-73.09677696228027,-4.299810409545898,41.9306851510777
Bridget reported that the numbers for the Easter Course were much lower than at the previous courses held at Avery Hill .,3.625,-120.10055923461914,-5.004189968109131,45.462372282169724
"Single room £4.00 per night , extra night £16.00 per night",3.1875,-65.34053587913513,-3.8435609340667725,33.04884703587793
"( 13 ) , who similarly were unable to detect a P3A + α subunit transcript in muscle of chicken , calf or mouse , mouse thymus or torpedo electric organ .",1.92857142857,-200.18544960021973,-5.410417556762695,77.02335408368953
‘ Because the area round Cullbridge is awfully rich in rare species .,3.3125,-101.95655822753906,-6.7971038818359375,7.376067545931662
"In a cold , late spring it may prove difficult to graze off the rye in time to work up a good tilth for mangolds .",3.21428571429,-159.77594327926636,-5.509515285491943,25.516395768167627
"We thoroughly enjoy Dogs Today and try to pass on all the right things to do to our present scallywag , Monty , but he's not impressed .",2.64285714286,-156.9516363143921,-4.756110191345215,41.37896960370202
You'll receive a distinctive personalised Club card with which you can claim you Air Miles at participating Shell Stations .,2.92857142857,-120.30377531051636,-5.2305989265441895,45.0674796192653
‘ The idea is to make it easier and try to get a good picture of how they feel about their own health .,3.875,-90.69827198982239,-3.6279308795928955,68.45005334771815
"In almost all investigations of any size , one investigator can be occupied full time taking statements during the first few days after the accident .",3.46666666667,-120.68402099609375,-4.641693115234375,62.15691843860091
"Right now , Kendall is not back at the aristocratic Everton he knew seven years ago .",2.86666666667,-101.76221179962158,-5.653456211090088,21.523359326287107
"Australia would be happy if the accord led to the reopening of the Panguna copper mine , one of the world's biggest .",3.6,-101.15788221359253,-3.7465882301330566,65.24754175756667
It is forecast to fall to 15% in April .,3.46666666667,-45.42517042160034,-4.129560947418213,22.047950236277103
"Despite net assets up 35% to £458 million at Stanhope , the city is unimpressed with the sector .",3.69230769231,-119.93429660797119,-4.797371864318848,31.544903373291078
Because a source less abundant and less generous than this river had dried up ?,2.875,-86.32450819015503,-5.754967212677002,25.95653173023308
"The C and Ku bands , 4GHz to 6GHz and 11GHz to 14GHz respectively , are now heavily used .",3.64705882353,-114.22604370117188,-4.759418487548828,41.493733415941904
These aspects of political choice are still important but less so now than in the past .,3.5,-63.65961956977844,-3.7446835041046143,47.42996729714032
She made you look a bit of a fool in front of anyone else who was watching .,3.6875,-64.99231910705566,-3.610684394836426,50.14777824020602
"If so , they hadn't expended much on a decent script .",3.33333333333,-72.41415548324585,-5.570319652557373,11.499078024696175
What was that odd note in Nick's voice ?,3.88235294118,-49.33621883392334,-4.933621883392334,15.14732230948934
"Pam and Errol have two children , aged 13 and 16 .",3.88235294118,-63.94343280792236,-4.56738805770874,28.131834285221473
What about learning how to change things for the better rather than merely learning to adapt to the way things are now ?,3.77777777778,-75.61220717430115,-3.287487268447876,80.87288627623309
"‘ It was thought — everyone assumed — she would marry in her turn , and that would be the end of it .",3.375,-100.36190748214722,-4.014476299285889,62.51973926593726
The personnel manager studied resource management at college and joined the company as a line manager .,3.5,-86.20483732223511,-5.070872783660889,36.85975480440702
Much now depends on how active a role the US is prepared to play to chivvy Israel along to respond to the Egyptian proposals .,2.71428571429,-138.96241664886475,-5.146756172180176,44.324345511816944
"‘ Sometimes I wonder how he passed his 0-levels , ’ Daddy said as we crawled over the cobbles and out of the village .",3.46666666667,-160.10586261749268,-5.336862087249756,26.13088299612963
"At the Houses of Parliament , the cry goes up : ‘ Burn it down . ’",2.70588235294,-99.05614709854126,-5.213481426239014,25.532644474267954
This is more representative of the nature of R&D projects than is the single date often given as the result of a PERT plan .,3.06666666667,-124.01604270935059,-4.429144382476807,43.89689004921695
"These involve much more open and distance learning and the creation by photocopying and electrocopying , of ‘ customised ’ packs of materials for students .",2.6,-198.25153064727783,-5.83092737197876,7.078253010277621
It seemed impossible that anyone could survive in the middle of that storm of blades .,3.66666666667,-70.49602508544922,-4.406001567840576,37.313528105983224
"When women were given artificial moonlight for three consecutive nights once a month , their cycles became synchronised to the lunar rhythm .",3.6,-109.90406274795532,-4.396162509918213,73.60503118991912
"Admittedly , he was not driven by the same devoutly mercenary ambitions of some of his colleagues and sought artistic satisfaction wherever possible .",3.72222222222,-136.7604398727417,-5.260016918182373,44.3924475705561
With snow in plentiful supply we have a special section in this issue for those of you who want to get off the piste .,3.125,-105.44047164916992,-4.055402755737305,63.09537091259716
"In other words the generalist administrator calls upon the economists , the statisticians , etc. for information but it is the generalist who is ‘ on top ’ .",3.41176470588,-170.00676155090332,-4.857336044311523,43.32619704389313
"‘ Long enough to know my own worth , ’ Gina retorted , irritated by the sardonic gleam in his eyes .",3.6875,-142.24031829833984,-5.080011367797852,33.73335631249088
"You're afraid , both of you , that I might discover Mom isn't dead at all , aren't you ? ’",3.82352941176,-111.51976585388184,-4.460790634155273,38.70041458851159
The SORP recommends the same for local authorities and gives examples of accounting policies to be commented on .,3.41176470588,-106.14252948760986,-5.05440616607666,35.14948697115781
"Having decided he must again race the tide , he began a desperate cumbersome run along the edge of the trough towards the breakwater .",3.5,-137.17598819732666,-5.275999546051025,46.505655033264816
The birds could pose a serious health risk for people who eat them in north Africa and southern Europe .,3.875,-77.93200969696045,-3.8966004848480225,71.71662345303301
"After a month , the pain began to ease slightly and Lisa was able to get up to her own room with Janet's help .",3.5625,-102.33654832839966,-3.936021089553833,67.30898399489965
"These problems , coupled with the Conservative government's free market philosophy , led to a move back towards more market related official rates in the early 1980s .",3.625,-130.79907417297363,-4.359969139099121,77.15490193311518
"The goodwill figure in such cases can be derived from the average net profit margin per gallon , multiplied by the daily throughput .",3.25,-118.99016189575195,-4.957923412322998,70.87931918573406
"He also had claims to be considered a genuine all-rounder , having played many attacking innings in the lower middle order .",3.06666666667,-109.16317749023438,-4.548465728759766,54.196371033542334
"It was a naturally sheltered basin , a trick of the undulating meadows along the Comer .",3.0,-114.34957504272461,-5.7174787521362305,12.517128578757493
"The course offers basic all round training in communication theory , particularly geared to the African context .",3.76470588235,-105.70622634887695,-5.872568130493164,28.658641611394927
"Then , slowly at first , he began to prepare the little boy for this possible destiny .",3.06666666667,-86.96770477294922,-4.831539154052734,25.264624554516615
"My German worked like a dream , like a brilliant robot you switch on and stand back and admire as it does all the hard work .",3.5,-128.749032497406,-4.768482685089111,57.611183844189554
Jess — her blunt nose coming in contact with Samson's hand as she coiled round — bit him .,2.88888888889,-114.1272382736206,-5.434630393981934,51.88413878707087
A good deal gives me the feeling that I have been for a nice seven-day trip to the Bahamas . ’,2.875,-107.93161010742188,-4.497150421142578,40.91324223941132
"It is excellent for skiing since lateral jumping movements can be used , the calves get well stretched and you also develop posture , balance and co-ordination .",3.46153846154,-158.3768925666809,-5.108932018280029,57.089738431290925
The biggest area where the Renault scores is comfort and equipment .,3.41176470588,-78.79404258728027,-6.5661702156066895,10.756147608889478
"Any earlier wheel-pit on this site could however , either have been demolished and rebuilt , or enlarged to take the new wheel .",2.64705882353,-138.39091968536377,-5.322727680206299,36.800416866656406
Along their flanks are arrays of proprioceptors which in part act like external arteries .,3.28571428571,-101.39720869064331,-5.336695194244385,19.57923611291868
North Harbour coach Brad Meurant said : ‘ Everybody helped their mates .,3.5,-120.00794219970703,-7.5004963874816895,9.535863170037345
"This year Marks and Spencer has leapt to the top slot , Shell is now second and Glaxo third .",3.375,-124.19286346435547,-5.645130157470703,23.895227621965915
"Highly explosive eruptions of gas-charged magma originating in the upper mantle produce small , shallow craters called maars .",3.5,-125.92618083953857,-4.8433146476745605,51.652739754475334
Risk of change in the expected rate of long-term growth of the economy .,3.14285714286,-61.73493671417236,-3.631466865539551,26.96928409325318
She stood outside the lifts in the hospital's main entrance with other visitors .,3.5625,-78.85240316390991,-5.256826877593994,25.275961132713547
A similar picture emerges in relation to the distribution of gross earnings among female manual workers .,3.6875,-76.07625484466553,-4.47507381439209,55.63031655735455
Solicitors and suitably qualified Fellows of the Institute of Legal Executives .,3.13333333333,-84.85581493377686,-4.714211940765381,12.745541306535074
Such an Order had to be laid before Parliament and was there debated on 6 December 1977 .,2.85714285714,-88.51310348510742,-4.917394638061523,42.634157682336394
"‘ Yes , well , I always thought Augustine was a bit simplistic in his ideas , ’ said William , waspishly , as if he was talking about a rival academic .",3.76470588235,-185.95803117752075,-5.025892734527588,50.476969592128626
The origins of Brazil's export success in military trainers and small civilian aircraft were quite different .,3.33333333333,-101.12497043609619,-5.618053913116455,36.2318511064972
"To my officers , it says why should we bother .",2.77777777778,-65.02272319793701,-5.91115665435791,7.232843742577302
Her Royal Highness travelled in an aircraft of The Queen's Flight and was attended by Mrs Harry Cotterell .,3.55555555556,-105.39812850952148,-4.3915886878967285,53.553168072424654
In the last two years of the war I was in orbit visiting every station and squadron in my endless quest for Pathfinders .,3.625,-112.81613826751709,-4.33908224105835,54.07759801674899
The EC does not concern itself with national health or education policies .,3.875,-57.64714527130127,-4.434395790100098,40.753350650443494
"The leader makes all the decisions and issues instructions , expecting them to be obeyed without question .",3.6875,-94.55186080932617,-4.976413726806641,31.418183147447934
"Our investigative researchers ventured into the centre of London to find out if High Street shops are dog-friendly and if they're not , why not ?",3.5,-125.79719638824463,-4.337834358215332,73.7160358035737
Now I understand why they paid Macaulay Culkin $3 million — he earned it .,3.82352941176,-75.3219883441925,-3.964315176010132,55.84705253365394
It is to such character string formats that we now turn .,3.13333333333,-74.2401294708252,-6.1866774559021,9.714161857493082
"‘ He has been with me too , Brother , ’ Tundrish replied simply .",3.15384615385,-127.48675727844238,-6.709829330444336,-12.748184338696063
"He had registered with warm approval the tears of Antiochus III , when the rebel Achaeus was brought to him """" bound hand and foot """" ( 8.20.9 ) .",2.73333333333,-197.9612216949463,-5.498922824859619,39.25302679652043
"Of 18 patients who were alive at short term follow up ( mean ( range ) 19.4 ( 10–33 ) months ) , 14 were still alive in 1992 ( 69 ( 61–83 ) months ) .",2.5,-168.67624044418335,-3.922703266143799,126.530301673248
The second approach can be a very productive strategy in a foreign language too .,3.76470588235,-77.72390127182007,-5.181593418121338,24.55996370604585
"He took the gun and went to the door , checking that the horse and cart were still safely tethered .",3.82352941176,-94.60756778717041,-4.300343990325928,45.57374200901012
"I did not know how many species of trees there were , maybe more than 1,000 .",3.26666666667,-63.1930890083313,-3.3259520530700684,50.68541040010835
"Front sash window , original fireplace , built in single wardrobes , radiator , power points , stripped wooden floors .",3.30769230769,-139.2949333190918,-5.803955554962158,29.88418514490104
"The global level of HIV infection was expected to rise to 15-20,000,000 by 2000 , of which at least three-quarters would be in the developing world .",3.6875,-99.29960250854492,-2.8371315002441406,94.251117086861
The result has been to destroy much of the progress in health care over the years preceding each dispute .,3.25,-96.10742568969727,-4.805371284484863,36.38633126998329
"Woil's escape was over , and it had all taken less than a minute and a half .",3.58823529412,-79.10475730895996,-3.955237865447998,34.690580788857716
Laughter gleamed in his eyes as he met her belligerent stare .,3.8,-66.92331075668335,-4.461554050445557,23.58530488134545
"They were only minutes from the railway station , the service was frequent .",3.05882352941,-66.11360263824463,-4.722400188446045,22.9707111822798
"Perhaps most significantly of all , three of boxing's all-time greats — Ali , Robinson and Armstrong — were born into comfortable circumstances .",3.66666666667,-117.27881240844727,-4.188529014587402,90.05546096395639
"The Halifax Building Society , where the bombers had placed their device , is now a heap of rubble .",3.78571428571,-98.81830215454102,-4.940915107727051,40.2148598998846
There's no other catalogue quite like the OXFAM Christmas catalogue .,3.8125,-76.15200519561768,-5.076800346374512,15.502046229517433
"‘ Unless there are more resources pumped in , this is going to happen , ’ she said .",3.84210526316,-108.57931423187256,-5.170443534851074,25.429916346671234
It was a way of thinking and behaving .,3.83333333333,-40.045260429382324,-4.4494733810424805,12.362221375733768
"‘ Yes , ’ she said briefly , and for a few moments they studied each other .",3.6875,-102.89238929748535,-5.144619464874268,23.99278121466601
"On a slow surface , both sets of bowlers bowled straight , and the batsmen were loath to take risks to break up their line .",2.6875,-136.04644775390625,-4.534881591796875,55.764875889167456
The parts of the statute are arranged in three groups .,3.77777777778,-51.076300621032715,-4.6433000564575195,18.768030853531812
"Strangely , his only international appearance was for the English against the Scottish League in 1914 .",3.4375,-90.55968475341797,-5.031093597412109,29.161207217708665
It's Saturday night and they may not come .,3.92857142857,-48.98578643798828,-4.898578643798828,10.587797945107035
Throughout the discussions information provided by the other sites is kept confidential .,3.25,-63.638328552246094,-4.895256042480469,31.745455176246907
In a number of instances reminders were required ( both written and by telephone ) .,3.5,-80.61180114746094,-5.038237571716309,28.175881686689138
"As Montagu ( 1976 ) has stated again and again , the social activity of war need have no relationship with the inner state of aggression .",3.38461538462,-134.30127143859863,-4.796473979949951,54.20052368410214
"That , then , is the theory — but how does it work out in practice ?",3.4,-61.22462511062622,-3.6014485359191895,45.0501780060891
"However , things can look rather different from the angle of those just above the exemption limit .",3.29411764706,-92.28539657592773,-5.12696647644043,29.845463339983496
"Repeating what they hear , women on the right claim that something called """" Salvadorean democracy """" is in danger .",3.5,-127.76464462280273,-5.323526859283447,35.40029294891349
Table I summarises the clinical features of these patients .,3.85714285714,-44.044002056121826,-4.004000186920166,29.833968734099415
"Further information from S. S. Langer , RSC , Burlington House , Piccadilly , London W1V 0BN .",2.47058823529,-123.19048309326172,-4.399660110473633,31.223302685921
"The Jarisch-Herxheimer reaction , usually shortened to the ‘ Herxheimer ’ reaction , follows the initial dose of treatment of syphilis in a proportion of cases .",3.66666666667,-198.14302825927734,-5.355216979980469,8.2762639355673
Ideally this will not be necessary if those who send them have a vision for and support the work financially .,3.26666666667,-104.57539463043213,-4.753427028656006,37.593082766255264
"Looking around the room , at the old , worn furniture , I realized that Herbert must be very poor .",3.88235294118,-105.50879001617432,-5.024228096008301,30.788309020014623
They will be joined by John Tierney and John Kerr .,3.94117647059,-49.258615493774414,-4.104884624481201,34.82438938815804
Yet the trophy sits in Jim's office at Peel Park and will stay there .,3.82352941176,-83.38365173339844,-5.211478233337402,35.408089904233535
Homology searches of the Leeds and Swiss protein data bases failed to detect any significant similarity with any other protein .,3.3125,-121.33980560302734,-5.515445709228516,58.67342036423136
‘ It could have something to do with Angy's murder .,3.73333333333,-64.38351631164551,-4.598822593688965,16.01449426185893
"Ranchers , who see themselves as the guardians of the west , say that grazing generates economic stability and feeds the nation .",3.9375,-111.78450584411621,-4.471380233764648,55.59637222737081
This man was buried here in the fourth century .,3.875,-47.93023109436035,-4.793023109436035,16.374556195417938
"They start to question , and they start to dream . ’",3.5,-65.85532808303833,-5.065794467926025,14.477679603969008
A water softener works on the principle of ‘ ion exchange ’ .,3.875,-94.77506256103516,-5.923441410064697,11.789294592381168
"Steve Jones ( he speaks specifically about Jones' zealous christianity ) : """" A lot of people are simply uncomfortable with some people's """" over-religiosity """" or whatever you call it .",3.0,-185.56801462173462,-4.5260491371154785,94.04268424521808
"He looked up at Athelstan , his face beaming with pride .",3.85714285714,-57.163474559783936,-3.8108983039855957,27.79749262143342
We want to give the children positive memories which they can draw on during the difficult times at home to build a better country .,3.66666666667,-99.98615384101868,-3.999446153640747,70.2820712075443
‘ The PLO tried to sabotage the departure of the Muslims .,3.85714285714,-76.67555332183838,-5.47682523727417,15.546933374780224
"MOTOROLA GETS THE GLOVES OFF IN BATTLE WITH ITS OLD RIVAL , PRICES POWERPC PRICED TO BEAT PENTIUM",2.61538461538,-171.37190437316895,-4.760330677032471,-12.01553616782138
"Mutalibov told Izvestiya , from his hiding place in Russia , that the charges were political persecution .",3.46153846154,-101.57449007034302,-4.4162821769714355,32.3784871786811
"My proposition , I assure you , would be to our mutual benefit . ’",3.71428571429,-78.22285461425781,-4.888928413391113,26.80291967064072
Only in John's Gospel does he make one curious and profoundly interesting statement .,3.28571428571,-78.70992422103882,-5.247328281402588,29.04115268817715
They were returning from a day's repair and construction work at an army base in Omagh .,3.61111111111,-82.68554925918579,-4.351871013641357,42.701999000020024
"Inside the top hotels all is First World ordered calm : state-of-the-art swimming pools , satellite television and chocolates on the pillow at night .",2.625,-168.81225442886353,-5.115522861480713,30.551707285291258
It seems strange to extend the hand of friendship and economic co-operation to the same countries that we are threatening with mass extermination .,3.94117647059,-109.59366130828857,-4.2151408195495605,58.21534824204747
"The buildings were transformed rather successfully into a gallery for Bohemian art by František Cubr and Josef Pilar , in the 1960s .",3.5625,-154.94131565093994,-4.998106956481934,32.22072992419152
But the other part cried out against the mere idea of her being someone else's wife .,3.71428571429,-75.92841911315918,-4.218245506286621,42.781547721198564
These problems or investigations are expected to be diverse .,3.57142857143,-55.79886436462402,-5.579886436462402,14.175754947046784
Between August 1975 and December 1978 the COS-B satellite observed 2CG342–02 on five occasions and catalogued it as the tenth-strongest γ -ray source .,3.82352941176,-194.12642860412598,-5.246660232543945,23.071789981772383
"Not like a Saturday night at all though , not really . ’",3.21428571429,-82.77212810516357,-5.912294864654541,5.089532418954178
Hopeful for what he will not miss when it fails,2.06666666667,-64.00669479370117,-5.818790435791016,6.700617764152412
And what would you have done if Schemichal got hold of you and threw you off the pitch like last night ?,3.46666666667,-106.4776062965393,-4.259104251861572,44.19027565755255
I should add that in argument he also invited my attention to paragraph 5(7) and I will refer to that :,2.66666666667,-111.44622802734375,-4.643592834472656,38.100656743461116
"Once I was pleased with the bottom group I copied it , as a mirror image , at the top of the picture .",3.29411764706,-104.13827133178711,-4.339094638824463,42.73655942040625
"From then , the path to the double helix was clear .",3.41176470588,-61.62581157684326,-4.740447044372559,14.028522600888437
Sun is also preparing its Scorpion eight-way Sparc desktop machine for launch at the SunWorld show on May 11 .,3.35294117647,-130.09951400756836,-5.420813083648682,44.49774842149827
Therefore political and economic accounting of the costs and benefits of soil conservation programmes for others outside the directly affected areas is potentially relevant .,3.23529411765,-124.60365295410156,-4.9841461181640625,70.51486573651778
Does he further agree that there is a need to reopen neighbourhood police stations and to put more emphasis on community policing ?,3.47058823529,-88.61871862411499,-3.852987766265869,85.04490571415727
A fortnight later Edward sealed the text and issued it to all sheriffs .,3.35714285714,-88.37018251419067,-5.891345500946045,15.334968755732604
"Since then , it has been as keenly followed as many full-length TV programmes .",3.06666666667,-84.95951557159424,-4.719973087310791,31.115501885833268
Questionnaires sent by post are not returned and interviews are refused .,3.76470588235,-73.26272058486938,-5.635593891143799,17.17121355584017
"The operation will eventually involve more than 35,000 troops from at least nine countries .",4.0,-59.8183114528656,-3.518724203109741,58.12709534556927
UI will no longer be just a requirements body or a marketing arm for USL .,3.0625,-97.7127456665039,-6.107046604156494,23.73044063656333
Before explaining how to tackle a course race it is worth looking at what makes one sailor go faster than another .,3.33333333333,-107.08816432952881,-4.8676438331604,61.04896832011477
Only there was nowhere else she could go .,3.55555555556,-37.95565223693848,-4.217294692993164,21.268067344215893
"Though his features looked as if they'd been carved from stone , in the depths of his gaze something stirred .",3.625,-93.38640975952148,-4.244836807250977,55.17299889686623
"On both topics , however , the status quo has changed radically compared to 1979 .",3.875,-76.86454010009766,-4.8040337562561035,42.68589918571297
These percentages were not uniform across the country : local specialities dictated what was available .,3.72222222222,-93.31321620941162,-5.489012718200684,29.807125738204462
"‘ I can't hear anything , ’ said the chaplain angrily .",3.66666666667,-85.29964447021484,-5.331227779388428,11.82862021953126
‘ We may never know the exact number of deaths .,3.625,-52.28557777404785,-4.357131481170654,29.739741197993425
These were rejected on April 17 and 18 respectively .,3.92307692308,-49.8795223236084,-4.98795223236084,26.96353991091027
"Women , Art and Society is a synthesis of work that has been progressing for twenty years about women and the visual arts .",3.4375,-97.23075485229492,-4.051281452178955,63.188095697418476
At his own expense he established no less than twenty-two charity schools in Pembrokeshire alone .,3.8,-86.16905069351196,-3.7464804649353027,39.37791977380114
Soil deformation during a quake could bend pipelines as though they were strands of copper wire .,3.86666666667,-104.41869640350342,-5.495720863342285,39.90144570010253
Within a few days of his election he already knew that the way to realize this ‘ new Pentecost ’ was an Ecumenical Council .,3.42857142857,-142.37279844284058,-4.592670917510986,44.48289913835745
To follow Jesus as his disciples means that we too face opposition to living like him .,3.26666666667,-95.20617532730103,-5.600363254547119,24.75839295591865
His wheels ran into the wet turf and the whole machine crumpled and fell to its knees like an animal shot in the chest .,3.42857142857,-112.98314094543457,-4.184560775756836,66.0857613009745
"Jenna stopped and faced him angrily , but before she could speak he tilted her face with a strong brown hand .",3.13333333333,-112.97282361984253,-4.911861896514893,45.1266942198385
Next day one of 252 Squadron's newly-arrived Beaufighters ( T3237 ) was mistaken for a Ju88 while on a local flight .,2.69230769231,-162.87643432617188,-5.4292144775390625,19.23834129479576
"Carrington watched the sea for the first two hours , enchanted by the Scandinavian night , then went to sleep .",3.75,-107.52004432678223,-4.887274742126465,37.01585079196329
It was originally recorded as a cot death and there was no inquest but there will now be an inquest .,3.33333333333,-91.63927268981934,-4.165421485900879,56.39517707070138
"The pictorial composition of your shots is one of those areas where rules have grown up which , though seemingly arbitrary , actually work well in practice .",3.33333333333,-136.32626819610596,-4.700905799865723,62.53563982020731
It was a far cry from the golden court of the City of the Horizon . ’,3.47058823529,-84.8118782043457,-4.711771011352539,23.402471526293965
"‘ Political in the sense that if I threw this glass of water over you in an interview , that would be a political act .",3.13333333333,-117.01031684875488,-4.333715438842773,49.29066847354062
"‘ So you're going solo now , ’ said the victim , fumbling for her smokes again .",3.86666666667,-126.80166244506836,-5.763711929321289,16.205721258905072
Here are ten assorted uses for this book ;,3.5625,-52.59269857406616,-5.84363317489624,16.723768264798736
"‘ Still in deep , old Michael , I should imagine .",2.2,-89.63361740112305,-6.894893646240234,-3.6502014350294587
"One sports injury on the increase is sportsman's , or Gilmore's groin which occurs when tendons in the groin tear due to excessive stretching and twisting .",2.94117647059,-158.3613419532776,-5.1084303855896,58.86843324702568
"The main difference between sections 18 and 20 lies in the fault element , and it is a considerable difference .",3.44444444444,-97.06608009338379,-4.622194290161133,44.709609892148734
"Ideal for a small flat , the washer/dryer is as sophisticated as the one in the main house's utility room .",3.375,-119.0407190322876,-4.4089155197143555,23.101813820086733
Robbie saw now that he was a clergyman .,3.5,-58.73691749572754,-5.339719772338867,1.7950578848762007
"The deputy chairman of the council of ministers , Boris Shcherbina , forbade evacuation of the countryside around Chernobyl until a government commission had arrived from Moscow .",3.58823529412,-142.26115465164185,-4.310944080352783,76.97728151383942
"The weekend was associated with an increase in volatility , in accordance with expectations .",3.70588235294,-71.30960941314697,-4.753973960876465,31.74773413214247
All she had to do was get a good night's sleep .,3.88888888889,-35.880985498428345,-2.760075807571411,39.353989598002585
A TOWN farm is ploughing ahead with fundraising schemes to help handicapped people and plans to roof in a riding area for the disabled .,3.11764705882,-147.3902039527893,-5.082420825958252,43.016356748263036
"‘ All credit to Gavin gave me the ball in the end , with a little persuasion .",1.91666666667,-98.5272569656372,-5.18564510345459,22.779080164484157
The first drafts of The Prelude were written in Germany during the winter of 1798–9 .,3.6875,-73.69019961357117,-3.878431558609009,37.914857291680875
Soldiers will no longer be given free cigarettes .,3.75,-49.422125816345215,-4.9422125816345215,18.43758036782728
They came to the kind of unspoken understanding real twins enjoy .,3.58823529412,-78.59622716903687,-6.045863628387451,8.754751199003707
"‘ Harbury's the crime man , ’ said a voice , ‘ what's his opinion ? ’",3.15384615385,-133.0876007080078,-5.545316696166992,9.050204537881115
Dustin's neat Beatle cut is slightly tousled and there is a close-up of a mole on his right shoulder .,3.75,-112.49192333221436,-4.166367530822754,44.54645724531204
"By the late 1940s there was a wider range of prepackaged grocery lines available , and improvements had been made in the quality of packaging .",3.52941176471,-108.74758005142212,-3.7499165534973145,75.49169366973283
"After the starkly factual ‘ Headpiece filled with straw ’ comes that most absurdly poetic word of all , indicating the speaker's weakness .",2.53333333333,-204.80004787445068,-6.8266682624816895,2.84700568368595
‘ I thought it was some weirdo and when I asked who was calling the voice yelled : ‘ It's me ! ’,3.625,-134.4155731201172,-4.800556182861328,42.756230391950965
"‘ I shouldn't , ’ the attendant said , but then smiled broadly .",3.76470588235,-102.06935691833496,-6.004079818725586,3.937481608413762
"‘ Well , it's not a bad idea , is it ?",3.83333333333,-53.01011514663696,-3.7864367961883545,24.35698774384197
"The beauty of glass , he wrote , is this , that the surface does not have to be covered .",3.33333333333,-83.58243370056152,-3.9801158905029297,32.006851613395796
The Cougar mould was last used about 8 years ago and is past its best ; he suggests the Mirage is similar to the Cougar .,3.0,-140.0711898803711,-5.002542495727539,48.56534159101193
"‘ I'd better have a word , ’ said the Brigadier , withdrawing his head and opening the door .",3.4,-120.3380126953125,-5.0140838623046875,23.142724249993563
Some slogans and ideas from the ‘ Democracy Wall Movement ’ of 1978–79 received another brief hearing during these days .,3.4375,-153.53741645812988,-6.141496658325195,21.809178825143988
"The Metropolitan Police settled in the High Court the damages claim of cameraman Mr Anthony Walsh , whose spine was injured during the Wapping dispute .",3.2,-150.9074192047119,-5.389550685882568,64.63191851143117
"‘ If I get another couple of shillings out of it , haven't I earned them ?",3.41176470588,-87.62289333343506,-4.172518730163574,34.65785445276573
‘ We have a tail already locked on to Tweed .,2.78571428571,-81.04824495315552,-6.234480381011963,3.0540108075693695
"He turned , stiff and cold , to see an anxious young man , blond cropped hair , worried eyes and pock-marked face .",3.25,-125.75385904312134,-4.65755033493042,43.09571392235881
A durable well constructed store is therefore indicated .,3.3125,-69.48192501068115,-7.720213890075684,-0.9680267551898112
"Fill gaps , identify queries and note points for immediate follow up .",3.29411764706,-84.10220527648926,-6.469400405883789,22.139218013603994
And he blows the smoke back into my mouth .,3.41176470588,-47.57284164428711,-4.757284164428711,18.228442933475847
"The genetic spray was described as a very exciting development by another of the team's scientists , Dr Julia Dorin .",3.53333333333,-114.18580198287964,-4.964600086212158,49.57138758191019
"The old Highways Yard in Rigby Road with its railway connection , seemed to offer an ideal site .",3.41176470588,-119.90008735656738,-5.709527969360352,27.39171109940409
"Jodami and Rushing Wild jumped the last together , and Jodami found the vital extra gear to edge away .",2.82352941176,-154.6647071838379,-6.186588287353516,1.3419795418737976
Is it possible to see private affluence co-existing with corporate poverty ?,3.82352941176,-68.84910106658936,-4.589940071105957,28.204753320978796
"One of Jay's drawled phrases , as she pubbed and clubbed and waded through hung-over mornings of coffee and endless cigarettes , was ‘ I'm a night-owl , honey . ’",2.92857142857,-234.2069969177246,-5.446674346923828,21.244037422750438
Villagers fight to block sale of ancient common,3.07692307692,-57.838090896606445,-6.426454544067383,11.397760474974262
There are various ways in which a recovery can be obtained : —,3.66666666667,-50.385101079940796,-3.875777006149292,45.36702371455257
"‘ By the road , it seems a long way , but I need only to walk a kilometre across the fields beyond the farm .",3.5,-126.91629600524902,-4.532724857330322,43.18406972476069
And Notes from Underground is precisely such a fable of disembodied consciousness .,2.64705882353,-88.6181116104126,-5.90787410736084,12.207870953302447
We got our film crew and sat Robin down in front of our rushes .,3.13333333333,-87.32201099395752,-5.821467399597168,26.825232024171
"Conservative candidate Robert Goodwill , has written to Labour's Marjorie Mowlam asking her to clarify her personal position on the nuclear defence capability of the country .",3.5625,-137.36820888519287,-4.162672996520996,86.62392598151683
"The Arab masses , indignant at the western humiliation of Saddam Hussein , were expected to rise up against their pro-western leaders .",3.64705882353,-105.62886810302734,-4.062648773193359,74.29302360108542
SOME of America's most powerful men are worried sick after the theft of an address book belonging to New York's most notorious madam .,3.57142857143,-124.71325492858887,-4.454044818878174,66.56274894701119
"Neil Cossons , the director of the Science Museum , is confident the old numbers can be restored .",3.8,-99.5155520439148,-4.73883581161499,35.383427357431
"However , students taking resit examinations for exceptional reasons , such as an examination missed through illness , are usually allowed to count the full marks earned .",3.06666666667,-158.63459873199463,-5.470158576965332,58.196505453183136
"It would be a good exercise to compare this electrical system with the purely acoustic string telephone in Part 1 ( November , 1991 issue ) .",3.58823529412,-133.55988550186157,-4.946662425994873,67.24843038685489
AID TRIP GIVES PUPILS A LESSON IN THIRD WORLD POVERTY AND FEAR,3.35294117647,-104.07083463668823,-4.5248188972473145,-5.623709062367297
"She noticed his fingers were trembling , and her anger faded , replaced instead by a wild and optimistic hope .",3.29411764706,-102.46494197845459,-4.8792829513549805,46.22941672319203
"In the jargon of quantum mechanics , this choice of behaviour is called the statistics obeyed by the particle .",3.61538461538,-92.75322103500366,-4.416820049285889,50.09393110376317
"You can format your spreadsheet manually , or design your own speedformat routine .",3.75,-88.27113389968872,-5.884742259979248,29.745451286482762
"He came to an arrangement with two more actors , gave the camera crews some private pocket money and turned the film over to his assistants .",3.66666666667,-124.4332594871521,-4.608639240264893,66.00409042720449
CELIA ALMOST WELCOMED the idea of going to work .,3.52941176471,-71.96489572525024,-4.233229160308838,-0.6060112211459909
"I can only suppose that my name had respectable associations , and he thought it might allay criticism in what might be called Athenaeum circles .",2.73333333333,-148.08259963989258,-5.106296539306641,38.997994725975474
"‘ Earth to earth , ashes to ashes , dust to dust … ’",3.70588235294,-87.84586334228516,-5.490366458892822,31.433385842492896
"‘ It so happened that No 5 Air School was not far away from the mine where Churchill hid during the Boer War , ’ Clifford recalls .",3.55555555556,-178.07443475723267,-5.7443366050720215,44.0411177945351
"I enjoy working things out with numbers , e.g. how much wallpaper or carpet I need to buy",3.70588235294,-99.26475191116333,-4.726892948150635,38.41534974514542
"Not only will the test be easier in the future , but it should also be cheaper too .",3.86666666667,-60.03132224082947,-3.15954327583313,59.0282954925182
I then turned the picture round and completed the other two sides .,3.35294117647,-65.55889749526978,-5.042992115020752,18.805962920358766
"If so , could they share the knowledge with us ?",3.83333333333,-53.72104501724243,-4.883731365203857,13.675205174411715
U2 LAST night unveiled their stunning new video Interference at a spectacular bash at London's Planetarium …,3.625,-137.5918607711792,-6.551993370056152,36.542726580966274
But Mr. Leggatt hoped that the lack of space for burials would not lead to restrictions in the future .,3.8125,-93.8990478515625,-3.9124603271484375,44.85638304473298
"My social worker who gave me advice asked if I wanted adoption or fostering , and I said fostering ( it was a white family ) .",3.46666666667,-122.1467170715332,-4.523952484130859,70.52742985994837
The results clearly show a high prevalence of oesophagitis in the adult asthmatic population .,3.76470588235,-74.57749128341675,-3.551309108734131,40.62682379376186
"For this reason it was really only suited to the manufacture of plywood , for which it was immensely successful .",3.625,-91.1046495437622,-4.141120433807373,45.83936237045961
But I guess they have got something to point to if they've built good roads and railways and so on . ,3.625,-95.71693420410156,-4.1616058349609375,47.66889464940783
‘ Can you name the disciples ? ’ asked one journalist .,3.85714285714,-88.690354347229,-6.335025310516357,8.418588597945089
"Tom-Frode , Odd-Knut and Tony wait for us to arrive .",3.125,-102.62027835845947,-5.701126575469971,-17.330234771447905
The white lines show the body's electric force which energy-giving crystals can tune into,3.33333333333,-102.20661973953247,-6.0121541023254395,16.40716541771721
One of the American networks wants to do a television interview .,3.82352941176,-58.33618354797363,-4.861348628997803,22.471879027626557
"Guinness provides financial support to organisations engaged in medical research , health , youth , environment and conservation , employment and enterprise trusts , education and the arts .",3.38888888889,-135.81313133239746,-4.527104377746582,81.17440596282663
"A gang of Muslim extremists believed her story , and the results were dire .",3.6875,-79.81080293655396,-5.320720195770264,31.192853789568304
"The rain which would turn their campground to mud , and fill the cisterns of Famagusta .",3.125,-111.13946056365967,-4.832150459289551,9.469148447992268
Questions can be asked by The Speaker ( see below ) or the player who has just thrown ( or would have just thrown ),3.29411764706,-118.42440366744995,-4.736976146697998,55.444406872758606
"The second limiting factor was less immediate , but of greater potential impact .",3.78571428571,-76.40935897827148,-5.45781135559082,21.941361628915487
"Once the nest is completed , the male sets off in search of a female .",3.86666666667,-63.31676483154297,-3.9572978019714355,41.29145763981292
of them revealed that they had been the victims of marital rape .,2.13333333333,-51.88245987892151,-3.9909584522247314,37.215706587829175
 The government has plans to reverse the process by reforestation and investment in projects of sustained development . ,3.58823529412,-100.04803657531738,-5.002401828765869,25.735739969350732
He does not deign to compare the British and the French railways .,3.64705882353,-62.45260429382324,-4.46090030670166,29.33371039823372
"Lay the child on his back , turn his head and remove any debris in his mouth with your finger .",3.64285714286,-82.56090331077576,-3.931471586227417,56.16575732472771
"Strach may be 37 , but who gives a shit really ?",3.5,-71.29665803909302,-5.484358310699463,21.957927069694364
"In return , the Church cut a somewhat uncertain figure .",3.5625,-70.89614534378052,-6.445104122161865,1.486810555968546
However it is almost certain that the offer will be rejected .,3.8,-39.759684562683105,-3.313307046890259,37.03660698202667
"Mr Stolpe said East Germans had recently discovered their power , and Mr Krenz had not succeeded in restoring the leadership's credibility .",3.46666666667,-140.47090530395508,-5.016818046569824,56.282727215806716
"Smiling , Harry put the letter back in its envelope .",3.94117647059,-57.63274383544922,-4.802728652954102,17.171430102157984
Leicestershire is the only county to account for its distributions from the TCCB on a cash as opposed to an accruals basis .,3.42857142857,-126.7496109008789,-4.224987030029297,39.769149836230866
"It'll look great on the beach , as an evening top under a pretty blouse or under a jacket for work .",3.73333333333,-111.69387817382812,-4.653911590576172,41.84807534111073
"They also read representative works in traditional and modern Chinese history , literature , philosophy and religion .",3.75,-87.3257646560669,-4.851431369781494,40.57855532174864
"If you'd prefer a sleek , brass finish , the Brass Dream fire by Valor is a good choice and costs about £399 .",3.76470588235,-141.4843454360962,-5.240160942077637,45.019585439125336
"‘ If you did that , then it is just about the greatest miracle a person has ever performed since the time of Jesus . ’",3.61538461538,-118.94759559631348,-4.248128414154053,61.69901840366791
"She kicked something in the gloom , and stopped briefly to pick it up .",3.25,-72.008535861969,-4.8005690574646,24.91264940446598
"‘ I'm just back from India , ’ he announced importantly .",3.78571428571,-93.23042392730713,-6.215361595153809,4.484139204932859
It is the sort of place where you find a different object of interest every time you go back .,4.0,-73.04876327514648,-3.652438163757324,51.83052740252181
"McLaren keeps his own counsel , being as reticent as Ferguson is gregarious .",3.625,-91.72314071655273,-4.827533721923828,23.412783145893087
She'd made one final attempt on the Archdeacon before departing .,3.125,-69.31198692321777,-4.9508562088012695,15.247541535682473
Air show : The famous Red Arrows are to provide a grand finish to the Southport Air Show .,3.66666666667,-106.1353874206543,-5.306769371032715,34.77262585522078
"Add the grated orange rind and juice , eggs , sugar , cornflour and ginger .",3.53333333333,-84.30666923522949,-4.215333461761475,46.122762537929304
"A path led up from where they stood , its stone flags worn and broken , its progress hidden here and there by moss and weed .",3.6,-144.1376724243164,-5.338432312011719,53.66451896726096
If there's a younger referee than me it'll prove that someone has got real guts .,3.5625,-85.38697814941406,-4.743721008300781,43.38538842598109
"The mannikin ran in front of Cranston , jumping up and down .",3.4,-83.8110122680664,-5.23818826675415,3.76763392833071
R4 THIS MORNING SAYS DON HOWE IS ANOTHER LIKELY CANDIDATE TO TAKE US INTO THE NEW YEAR .,2.86666666667,-116.757568359375,-4.026123046875,21.835924121059378
It is one of the ways in which the Spirit evokes prayer in the people of the Messiah .,3.46666666667,-71.54082298278809,-3.5770411491394043,41.9633153905807
Such fundamentals should be the same for all .,3.5625,-38.92645311355591,-4.325161457061768,18.340353040748496
Sega owners are bigger in the trouser department .,3.5,-77.71570873260498,-7.065064430236816,-5.056743487726621
"I'm just sick of reporters tramping in and out , wanting to know her business .",3.5,-91.04140949249268,-5.05785608291626,18.026709331262268
Or if you went into her kitchen and interfered .,2.88235294118,-57.842702865600586,-5.784270286560059,8.787914869982714
"However , by 1976 , local councils in east London were able to publicize the advantages of their areas to industrialists .",3.625,-106.32781219482422,-4.430325508117676,54.74268658594687
"It may be the detailed description and prices of merchandise , details of a complaint , ideas for a new product , or whatever .",3.22222222222,-116.73833131790161,-4.6695332527160645,44.17699954552964
"Japanese banks operating in London accounted for 28.5% of total lending from London in 1991 , American banks 15% , and other banks 40.7% .",3.88235294118,-123.2643051147461,-3.8520095348358154,82.08850339490868
"‘ I'm dying for a cup of tea , ’ Charlie announced .",3.93333333333,-86.45460510253906,-5.403412818908691,18.569598966824174
And are hoping for a Twickenham meeting with either Kidderminster Carolians or Hitchin in the finals .,2.8,-129.27232456207275,-5.620535850524902,5.989014260930304
"This is an appeal by Swansea City Council against a decision of Judge Michael Evans Q.C. , given in Swansea County Court on 6 February 1991 .",3.4375,-128.99023532867432,-4.2996745109558105,96.10663475850563
Who was Elsie and what had happened to her ?,3.57142857143,-39.97810769081116,-3.634373426437378,22.815504629147938
"She stared into his eyes , and saw the suppressed hunger there , and her heart seemed to contract then swell inside her .",3.73333333333,-115.33422088623047,-4.8055925369262695,46.93327876402748
"A sense of well-being , of transformation and enlightenment , penetrates to the very marrow of his bones .",3.76470588235,-95.32595157623291,-4.332997798919678,31.113228673664423
"— one of the control sample respondents possessed all three traits , and one-quarter two out of three .",2.64285714286,-114.72524929046631,-5.463107109069824,25.259248603905462
wonder why you — But mibbe I should thank ma,1.13333333333,-94.6615252494812,-7.281655788421631,-5.109571446030898
"A somewhat thicker book , The Bernese Alps details the important region skirted by the previous book .",3.33333333333,-126.5971565246582,-6.32985782623291,13.797457037651697
"Booming out of speaker boxes perched on the kerb , thundering from bars and shops , every corner has its own sound system .",2.61538461538,-129.056902885437,-4.779885292053223,58.73695035345651
Young people's knowledge about the harmful effects of smoking is considerable ; those who take up smoking are not doing so purely out of ignorance .,3.75,-102.9041998386383,-3.8112666606903076,92.54658216903849
Tandem's annual revenues grew by 24 per cent to $1.6 billion .,3.66666666667,-66.15461230278015,-3.8914477825164795,43.060776226431514
Gwyneth Dunwoody stated that we were secretly dismantling the health service and Roy Hattersley muttered about contracting out old people like refuse collection .,2.85714285714,-178.04826736450195,-5.934942245483398,33.01676800915655
Could a man who deserted his wife and child for another woman get off free without scars ?,3.4375,-83.85668563842773,-4.65870475769043,45.41373589941412
"If the French should take them and see them directed to such noted men , they might take care to send them to them .",2.07142857143,-117.76679754257202,-4.710671901702881,42.90498679368338
"The Cats Protection League Bazaar , Parliament Room , Royal Baths Assembly Rooms , Crescent Road .",2.33333333333,-123.35891914367676,-6.492574691772461,20.662144976241564
"Their discoveries have worrying implications for the 600,000 people thought to have been affected by the release of radiation .",3.9375,-81.96838760375977,-3.7258358001708984,61.36847386324774
"It brings the twittering children , and the birds ,",3.0,-68.01269149780273,-6.182971954345703,-4.994576549949635
"The consequences of this latter factor have been to at times lead to the definition of community care as ‘ non-hospital care ’ ( Parker , 1990 ) .",2.52941176471,-158.8435778617859,-4.813441753387451,56.80695654631316
"Viol tried to flag down another , but the driver ignored him .",3.82352941176,-61.6977744102478,-4.745982646942139,31.500671645262003
"Graphically oriented programming tools , application programming interfaces and cross-application macro facilities will also be offered .",3.83333333333,-102.87386894226074,-5.143693447113037,53.793831054815286
"Thirdly , uncertainty now surrounds the future of the industry .",3.76470588235,-61.99468803405762,-5.166224002838135,16.221570728883037
"Had he not , as everyone knew , single-handedly raised and led an Arab army against the Turks ?",3.33333333333,-91.37679433822632,-4.35127592086792,44.66919769689153
The closest cooperation between the allocation officers and each unit manager is essential both in devising the plan and in the scheduling of holidays .,3.3125,-129.20207977294922,-4.969310760498047,52.738595311107844
"‘ There is no robust critique , no convincing body of evidence , no sign of learning from a decade of failure .",3.75,-113.63671875,-4.73486328125,54.14982752361655
Survival time was defined as the period between surgery and death .,3.88235294118,-55.17839050292969,-4.2444915771484375,28.322449820632002
"Mr Tadgell , 32 , rented a flat in Australia with Joanna as she progressed from a cleaner to a waitress at the casino .",3.64285714286,-142.50232696533203,-5.08936882019043,53.42498738625747
"The Daurog moved about their business , eyeing Tallis with the same shivering caution as the evening before .",3.38461538462,-142.43686866760254,-6.192907333374023,-2.4778731443822153
"Mr Jenks marched along the corridor , glaring wrathfully about him , and the children fell back on both sides without a murmur .",3.76470588235,-140.9329390525818,-5.219738483428955,44.00586194555919
"Your detective of the detective story , of course , went about seeking information .",2.70588235294,-83.87417078018188,-5.591611385345459,11.696067855973155
So you're working on a peer-group political model of photography and meaning ?,3.0,-95.05422973632812,-5.940889358520508,3.919774701143254
The directives had no application to parliamentary proceedings or elections and allowed reported speech .,3.07142857143,-98.1175446510315,-6.5411696434021,15.862049846382362
Crystal thought Berg was a newspaper reporter and she assured Rain : ‘ I didn't spoil your story by telling him MI something killed MacQuillan . ’,2.44444444444,-211.1799087524414,-6.399391174316406,24.39342884512476
"Another street , also running approximately north-south , lay between it and Ryknild Street ; the branch north of the Tiddington road",2.88235294118,-150.75061988830566,-5.383950710296631,13.111831644457283
I congratulate you on the unambiguity of your situation .,3.4375,-53.94259071350098,-4.495215892791748,15.073828423000506
"‘ If you wish to avail yourself of the bathroom facilities , feel free .",3.42857142857,-69.09992218017578,-4.318745136260986,41.71946975431139
"The idea is to increase people's knowledge about the strength of drinks and weekly limits , and the link between drinking and health and fitness .",3.5,-112.8717885017395,-4.180436611175537,64.85734031255245
"When the Indians went hunting , whether for animals or for rival Indians , their firepower was deadly .",3.6875,-95.84219074249268,-5.044325828552246,45.23331752700912
"Facts speak for themselves , but only if executives are prepared to listen , are prepared to be convinced .",3.13333333333,-92.54193449020386,-4.406758785247803,42.71008536052179
In the preceding decade London and other large metropolitan cities recorded massive population losses ; medium-sized cities either lost people or experienced only slow growth .,3.5,-127.77223014831543,-4.563293933868408,86.40807454731944
‘ After the demise of our great team in ‘ 86 we were building sand castles for a while — they were collapsing all the time .,3.2,-152.19356679916382,-5.248054027557373,60.876803110811466
Amiss was stunned by the courtesy and curiously uplifted to find that not everyone in this establishment was like Colonel Fagg .,3.41176470588,-139.96704816818237,-5.598681926727295,28.885831236467027
One in every six trees in Switzerland is showing signs of ill-health — double the level recorded eight years ago .,3.75,-92.978355884552,-4.042537212371826,75.5167067736273
LEFT : Painter and decorator Kevin Barton latched into this early 2 lb 14 oz plaice during a session at Lepestone Point in Hampshire .,3.0,-202.8925929069519,-6.544922351837158,22.952894557753183
It has been estimated that 65 per cent of the deals are spot and the remainder are forward deals .,3.13333333333,-81.31854057312012,-4.065927028656006,61.574208471820356
"As the mobs gathered , an assistant military attache asked Andrew about the pipe-playing episode in Reykjavik .",3.13333333333,-131.7256851196289,-5.488570213317871,16.521315699786783
This was a necessity to qualify for a later call to the Bar .,3.27777777778,-74.00742149353027,-5.2862443923950195,11.881408369644305
"‘ Here he comes , look out for this guy . ’",3.8125,-73.7771692276001,-5.2697978019714355,15.385901927018764
‘ I hope you ain't gon na have a fit .,2.8,-72.49521207809448,-5.576554775238037,20.65950510903805
He could not go through it all again .,3.93333333333,-40.387887954711914,-4.487543106079102,12.344566163717055
‘ Will you help us find out what happened ? ’,3.93333333333,-60.670297145843506,-4.666945934295654,29.474353951384643
The distinction between equity and equality in the distribution and use of social services is crucial to the debate on health inequalities .,3.6875,-89.92436480522156,-3.909754991531372,72.05358470734319
After I had my tea I would go to bed .,3.1875,-46.05705547332764,-4.187005043029785,23.480897312223533
"The comprehensive tour included barley purchase , intake , laboratory , steeping , germination , kilns and malt dispatch .",3.29411764706,-137.6002984046936,-5.982621669769287,31.680064944018824
"After all , he had managed to defeat the system and was in sole command of a small military unit .",3.78947368421,-84.4155535697937,-4.0197882652282715,47.35391231627423
I think about G.P. holding me and caressing me .,3.875,-68.16069889068604,-4.868621349334717,6.976676623880323
"‘ I didn't want to be a superstar , I just wanted to be able to play well .",3.8125,-64.75883531570435,-3.083754062652588,61.15692996739564
"LLOYD'S Register , the largest ship registration organisation , is being sued in America over a ship fire that killed 159 people two years ago .",3.875,-141.86475276947021,-4.728825092315674,64.11357105024925
"This is not to deny , of course , that crime and violence in contemporary society is an important social reality .",3.73333333333,-81.2229437828064,-3.6919519901275635,57.85665884365912
"The administrative structure of Partnerships , with its heavy emphasis on co-ordinating different agencies , would in any case tend to inhibit the unorthodox .",3.33333333333,-141.45600605010986,-4.877793312072754,40.928693470586296
We walked solemnly around Gloucester in and out of the Cathedral precincts while he told me about his childhood .,3.72222222222,-105.08902645111084,-4.776773929595947,38.42447993302031
"By comparison , companies in the 20-50 jobs bracket suffer from neglect , they say .",3.4375,-100.50553894042969,-5.583641052246094,18.9520303387189
Within a few days of writing my planning notes a reasonable ( by UK standards ) day dawned .,2.71428571429,-108.5677433013916,-5.42838716506958,36.71469362084915
"Whether this autoantibody has direct pathogenic importance , as in Wegener's granulomatosis , remains to be determined .",3.47058823529,-127.54388046264648,-4.55513858795166,11.117175135008239
"The incident received widespread television and press publicity , and prompted a civil rights march on 24 August from Coalisland to Dungannon .",3.75,-137.81196784973145,-5.104146957397461,47.09364507852257
"It contains a general index to magazine features , a recipe index and an index to recipes in our popular , step-by-step cookery series , Secrets of Success .",3.33333333333,-153.53904819488525,-4.515854358673096,62.550091873936765
Anglers are blaming pollution for a fall in the numbers of fish in some sections of the Rivers Severn and Avon .,3.66666666667,-120.33478021621704,-4.813391208648682,47.06510885297905
"Robin Child absolutely refuses to grade , and when O-levels gave way to GCSE with all its internal coursework and marking , he rejected it .",3.0,-172.13171482086182,-5.7377238273620605,29.687304728202122
Does awareness of rates of obstetric interventions change practice ?,3.30769230769,-64.71500253677368,-5.883182048797607,20.56929715131396
"Synergie Ultra-Gentle Eye Make-up Remover with extract of rose , is a light oil-free lotion with soothing properties , £2,99/200ml .",3.23529411765,-181.981276512146,-4.788980960845947,1.5808265986578078
"Stewart and Tait were more aware of the degradation of energy , moral as well as physical , and thus of the impermanence of the world .",3.46666666667,-117.74559354782104,-3.7982449531555176,57.2908764668546
This rule is subject to a number of exceptions ( see Chapter 5 ) .,3.93333333333,-58.13581824302673,-3.8757212162017822,42.909226118849034
Malcolm is collecting old 10p pieces on behalf of his daughter for the Kidney Transplant Association .,3.75,-110.09824419021606,-5.242773532867432,32.07064950412877
We are grateful to Ken Byron for setting up a much needed journal in Drama and Dance Education .,3.88235294118,-100.9733772277832,-5.314388275146484,39.111511814820034
Cycling was also definitely related to gastro-oesophageal reflux .,3.64285714286,-66.0447769165039,-4.127798557281494,14.149361304436638
"True to this tone , Tom's tape is scientific analysis as opposed to bedtime bogeyman stories .",3.1875,-122.46434497833252,-5.831635475158691,13.527934027780077
"As was suggested in argument , that would indeed be to swallow the elephant and strain at the gnat .",1.46666666667,-114.02100419998169,-5.429571628570557,16.242880697503864
"In desperation I took a typing course and moved fifty miles down the road to here , to the first job which would have me .",3.23076923077,-129.7685832977295,-4.9910993576049805,36.771062863281344
At relevant moments Dr Banda waves his fly whisk .,3.23529411765,-91.47776222229004,-8.316160202026367,5.168285352040343
Both were former members of the left-wing extremist Red Army Faction ( RAF ) .,3.73333333333,-70.73301601409912,-4.160765647888184,52.686390991735905
But anyway ’ — her tone changed again — ‘ I'm grateful to you for your help . ’,3.53846153846,-107.26176834106445,-4.663555145263672,60.25517181461598
"Stokesley , indeed , possessing neither trade nor manufacturers , has no appearance of bustle or business , and is a place well adapted to retirement . ’",3.38461538462,-187.4197540283203,-5.85686731338501,22.12647843440783
"Although it is less damaging than the removal of bulbs and plants , consistent seed snatching can still effectively wipe out a species from a locality .",3.75,-139.43566131591797,-4.97984504699707,69.97458970961065
"Tickets from Sgt Gordon Parkin ( telephone 091567–6155 , ext. 6331 .",3.2,-132.22944259643555,-6.611472129821777,-13.180426293133934
"You think I'm joking about the Porsche , don't you ?",3.9375,-53.47965478897095,-4.113819599151611,25.09127753428207
They expressed their fury with the godly in lewd ballads that echo through Underdown's story .,2.53333333333,-125.94364166259766,-6.297182083129883,5.6327366114791175
Religion : Christianity ( Bulgarian Orthodox Church ) ; Islam practised by large Turkish and smaller Pomak minorities .,2.21428571429,-124.09635162353516,-5.640743255615234,49.52665821578415
"‘ There's no Black Dog here , ’ said the doctor .",3.66666666667,-89.93633508682251,-5.995755672454834,3.0129991890785845
"Learning a manipulative skill , such as typing , takes hours .",3.66666666667,-75.02917098999023,-6.2524309158325195,14.753245498034133
Our communal phone is on the hallway wall by the front door .,3.8,-66.66941499710083,-5.128416538238525,24.994980898285306
"‘ They say you are a known homosexual ; we believe it , ’ added a third .",3.41666666667,-113.76106262207031,-5.688053131103516,17.59891295429918
A BALANCED CALCIUM INTAKE TODAY MEANS A HEALTHIER YOU TOMORROW,3.625,-92.96803092956543,-4.2258195877075195,-2.3446884037073374
"‘ I thought I might go to America and help the anti-draft students around the Army camps , ’ he said .",3.5625,-139.7266674041748,-5.374102592468262,18.091173957011193
Other people apart from yourself and the candidate who may need to be taken into account when fixing a schedule are :,2.875,-102.83801364898682,-4.674455165863037,54.3331446738525
Her mouth had formed the words before she realised .,3.5,-57.63020992279053,-5.763020992279053,12.745497311169188
Water temperature : The usual temperature range of 72°–76°F .,3.06666666667,-67.22604274749756,-4.481736183166504,6.543988578590287
The first is a surface sore which starts off as a red mark .,3.76470588235,-70.60746383666992,-5.043390274047852,24.061617980399106
"We are really struggling at this point in time , thinking , ‘ What are we doing , what are we about ? ’",3.26666666667,-107.46113395690918,-4.133120536804199,55.36590874610002
I don't think Chris and the band know each other well enough at the time .,3.05882352941,-60.44601345062256,-3.555647850036621,42.7399748309022
"‘ Donna , I said we should call the police .",3.6875,-68.64424896240234,-5.720354080200195,8.885478492318256
His description of their encounter conforms to the usual descriptions with the general's immense sense of presence and concomitant dramatic side-effects .,2.92857142857,-131.09269332885742,-4.681881904602051,40.32753362556275
"It likes damp , moist , airless places with a slightly more alkaline pH than is normally found in the vagina ( normally slightly acid ) .",3.5,-146.22182512283325,-5.0421319007873535,66.92621185320456
Bongwater's Ann Magnuson carries the incandescent incense stick for the even ; Kim Gordon's a carcinogenic Zippo on full flame .,1.92307692308,-195.41957092285156,-6.106861591339111,-0.9270217415767945
But did you know that the preposterous programme had a ‘ Did you know ’ section that in the currency of football trivia proved rather less fraudulent .,2.41176470588,-195.72462463378906,-6.116394519805908,23.232972885885744
"Now that she was looking closely , she realised that most of the rooms in the house had two doors .",3.73333333333,-76.2113721370697,-3.629112958908081,54.95280656913039
"If sources of income are not all taxed at equal rates , there is obviously an incentive to convert income into the untaxed form .",3.53846153846,-98.61856627464294,-3.6525394916534424,82.23117350330511
"They both drank , conscious that it had been a long afternoon , and Shelley at least was thirsty .",3.33333333333,-102.88602828979492,-5.144301414489746,27.593623237122927
"What happens if Bruce or Pallistar gets injured , have they any ( decent ) cover .",2.77777777778,-131.7559175491333,-7.319773197174072,2.7721831622948514
But with his mother arrested it was now up to him to take charge of the rebellion in Poitou .,3.8125,-81.72568130493164,-3.714803695678711,46.875974224135064
"But who knows , the illustrious Mr Punch may yet ride again at some time in the future .",3.53333333333,-89.57966661453247,-4.714719295501709,46.492967685011365
‘ Could that be pronounced Barry by any chance ? ’,3.70588235294,-90.65682983398438,-6.973602294921875,4.291643462638362
He takes to it as a duck takes to water .,3.6,-55.98555374145508,-5.089595794677734,12.667401056505128
Average household size has decreased from 3.09 in 1961 to 2.55 in 1987 and will continue to decline ( Table 2.6 ) .,3.52941176471,-94.50322341918945,-3.2587318420410156,90.92928503768198
The form by which the dialogue is represented is the one that best fits the mood and subject of the dialogue .,3.38461538462,-88.36165714263916,-4.016438961029053,49.563226326566564
She had come to England from Berlin in the 1930s and had begun her studies at Central School of Arts and Crafts .,3.66666666667,-80.71460723876953,-3.2285842895507812,79.15112094238043
‘ I'm tired of hearing complaints from the cook .,4.0,-61.18590545654297,-5.098825454711914,18.27130829374765
Being one of Prince's chosen women has its drawbacks .,3.38461538462,-62.530158042907715,-5.6845598220825195,15.038708882311965
"At least Ferdinando now knew a great deal of English , whatever she had said to Pen to make him feel important .",2.58333333333,-125.4530668258667,-5.018122673034668,30.505415649235914
"As though he remembered his manners , he looked an invitation at Nicandra .",2.0,-96.16144895553589,-6.410763263702393,1.8279736395689667
"‘ Act Two — Beginners please , ’ said a tremulous voice from outside the door .",3.5625,-126.85705232620239,-6.040812015533447,15.567559204381581
Coming and going — there had been too much of that .,3.4375,-47.39250469207764,-3.9493753910064697,29.76067732348379
"Sow seed outdoors In spring , or divide the plants In spring , and allow 60cm ( 2ft ) between plants .",3.0,-147.32719659805298,-5.893087863922119,26.626397973859156
"This has now been cut from to 3% 6.7% , but according to chairman Mike Tilbrook , the remaining holding ‘ continues to show a useful paper profit ’ .",2.61111111111,-206.73900318145752,-5.587540626525879,30.56651597336267
Dexter guessed she was starting to share the same nagging sense of depression that had afflicted him since the end of the interview with Parkin .,3.625,-122.73527002334595,-4.232250690460205,65.7488925327649
"We also have a dowry floor , Lincolnshire, was lovely in May . ",1.78571428571,-99.4590368270874,-5.850531578063965,-8.0598837335926
My first real friend could be a boy called Adam .,3.30769230769,-53.18569278717041,-4.8350629806518555,23.536001355270088
"She was wearing denim overalls , carrying buckets and brushes.",3.84615384615,-68.58119773864746,-5.715099811553955,19.49721184690081
"In the coming year , he has custody of Rochester Castle.",3.33333333333,-70.62908363342285,-5.885756969451904,11.210938006317619
"Last Sunday for a cycle ride around Wirral Country Park Booking is essential, when the leadership is Cheshire ranger Barry Jackson.",1.53333333333,-150.90524625778198,-5.589083194732666,46.59786243559154
This expression is called the fundamental theorem of Riemannian geometry .,3.88235294118,-54.48544263839722,-3.891817331314087,28.782876806151194
"But it tends to obscure them , it draws on mainstream psychology .",3.21428571429,-77.01960325241089,-5.924584865570068,17.504136426729517
"Greg Hawking is one of the rare people who drift into teaching and found themselves , they themselves are surprised , absolutely cut out the work .",1.9375,-159.36961555480957,-5.902578353881836,29.00401725508351
Appointment of a new minister in office will take over the responsibility of policy in many sectors .,3.06666666667,-78.02149152755737,-4.106394290924072,41.6931547925556
"In his kindness when Rhun outstretched arm, raised him from his knees , he still hung heavily desperate clinging to his humility .",1.9375,-163.9443645477295,-6.3055524826049805,21.547773924744376
The figure shows a measure of the radiation per unit area with the meter reading .,3.69230769231,-74.4116439819336,-4.65072774887085,35.31359158580743
In some bars prosthetic hand pump gas beer .,1.6875,-82.07204818725586,-8.207204818725586,-3.387721092902922
"In fact, there are too many complaints monitoring requirements often tubular epithelium.",1.76470588235,-96.74135780334473,-5.690668106079102,15.222285514974075
Preliminary work began in September last year after the appointment of the two townships hiring full-time project .,2.57142857143,-111.26261186599731,-4.837504863739014,31.026940306760594
"This is , of course , can reduce the tendency of this effect , and move away from the larger , centralized monitoring local police .",1.84615384615,-143.39071559906006,-5.5150275230407715,19.08120750270612
"Todd has , he is a woman of another dream.",1.33333333333,-61.13440275192261,-5.55767297744751,8.515758303136579
"Coaches can often be valuable mentors from the possibility of drama school , you may have auditioned before , who can give a fair assessment .",1.875,-147.23164749145508,-5.258273124694824,44.399631587888734
"But the report also failed to control the explosion authoritative boss , Mr. Watney , aged 58, last year, early retirement activities .",1.73333333333,-163.8019552230835,-6.066739082336426,27.283951827015926
"Of course , some people will respond personally ( he has included the postage ) .",3.35294117647,-92.64714813232422,-5.790446758270264,16.656546116744835
Four major areas or larger than our Moon .,2.07692307692,-63.98185157775879,-7.109094619750977,2.932669787349653
"Police urge witnesses to the incident occurred in the 11:00 , on Monday in Windsor Street , Toxteth .",2.25,-126.07149839401245,-5.481369495391846,17.26058098269229
Watch how to return to the previous line of text package.,3.0,-54.01621055603027,-4.5013508796691895,26.527675789347597
The surface need not be completely flat or smooth .,3.8,-43.66250991821289,-4.366250991821289,25.594851914961467
"In light of this work has been completed , you can then check the draft schedule in the closest detail - may shreds.",1.86666666667,-132.70810842514038,-5.308324337005615,32.85009855873787
"There will be 5,733 empty houses , of which nearly 2,000 have been empty for over a year .",3.83333333333,-81.96768736839294,-3.563812494277954,50.72888791455247
Heath ( 3.3 ) summarizes the class differences in educational research in an influential and historic tradition.,3.58823529412,-114.49225330352783,-5.452012062072754,31.54285393824111
This phase is considered to Permian sediments and volcanics and the underlying Devonian rocks reaction between the salt solution has been controlled.,2.0,-150.38091850280762,-5.370747089385986,33.83314384797677
His price - his price can be of immense use .,2.625,-64.89960241317749,-5.899963855743408,10.454341556907465
"In attendance miners in Mansfield clinic there is a significant improvement , however , because it is closer to their homes.",1.85714285714,-127.82870483398438,-5.557769775390625,30.746035682108698
"Well, maybe most of the failures are on my side .",3.875,-51.98198890686035,-4.331832408905029,24.910211268940586
Gere and Basinger starred in porn thriller Warner Home Video released to video library by October 18 the final analysis .,2.0,-162.56902313232422,-6.773709297180176,37.576236433593294
"Recently , concerns grow , Michelangelo 's Sistine Chapel ceiling in Rome has been irreparably changed by the Vatican conservation team.",2.92857142857,-130.26147651672363,-4.824499130249023,61.933627120349314
Disillusion me and my sympathy at the same time .,2.625,-59.23335027694702,-5.384850025177002,7.098420422961695
Horse shot out like an arrow from a bow. ,3.07142857143,-57.14224433898926,-4.7618536949157715,14.034199068225718
British Equestrian Association is anxious to find out why only a third of the people supposed to happen this year .,2.33333333333,-95.81862258911133,-4.166027069091797,51.48524971268071
"Adopt PERTEX fabric Quallofil 7 filling , KOMPAKT Lite weighs only 1.2 kg , and , in its stuff sack , a decrease of 7 liters.",1.61538461538,-244.70562601089478,-6.274503231048584,-9.970035409301744
"In exceptional circumstances , the Head of discomfort you exit clause , if there is a reasonable explanation for failure to notify .",1.42857142857,-134.11433458328247,-5.831058025360107,25.753164844975146
"Strategy so successfully demonstrated in the application of science and technology are experiencing serious problems , complex social system .",1.93333333333,-123.19539642333984,-5.866447448730469,25.72219503803069
Small specimens are sometimes confused with Synodontis petricolor 's .,3.23076923077,-85.34593200683594,-5.334120750427246,6.890221756687765
"They called us early into the stadium , it is hot , very hot .",2.78571428571,-73.04681539535522,-4.869787693023682,24.325583098806888
"Under normal circumstances , I would pick an artist from their homes and take them to Middlesbrough , where they Cleveland radio interview .",2.33333333333,-130.32013511657715,-5.012312889099121,43.72805044116092
"Though not as taut a young man , his muscles bulging efforts.",1.4375,-82.99545764923096,-5.5330305099487305,11.177953252320279
"A review copy was a solid black , but the basic model of refined oil .",2.0,-107.86306762695312,-6.74144172668457,2.940760577850398
"In their bedroom where things fall to the ground, and immediately woke up a pair of twins began to howl .",1.26666666667,-114.93691635131836,-4.997257232666016,37.0524276106797
"The necessary motion , in addition to the liquid medium does not occur.",2.70588235294,-71.89137172698975,-5.135097980499268,19.72171965938236
"Once known as butter on Stowe Stowe, because London vector collection of butter.",1.81818181818,-106.14965295791626,-6.2440972328186035,13.540879545362372
"Adhesion of T cell subsets in particular, the specificity of cytokine-induced lymphocyte recruitment process more flexible and selective .",2.41666666667,-119.18386650085449,-4.5839948654174805,49.58411333717842
"If I had been in your shoes , I walked right out of him .",1.875,-60.37918567657471,-4.0252790451049805,27.370101791070113
"He closed his eyes, she saw his chest movement has stopped.",2.94117647059,-59.98420476913452,-4.614169597625732,30.49314931580524
A friend to everyone she met loved and missed.,2.78571428571,-55.29713153839111,-5.529713153839111,12.903517896755602
But it is missing - the walls are more than it has disintegrated . ,1.8125,-86.3729476928711,-5.398309230804443,8.0716802645033
"He 's going to buy her a new typewriter , old thing, she practices like Candyman trumpet noise.",1.5625,-127.76687145233154,-5.555081367492676,26.450572286007827
" You stole it ? """" He replied Laura surprised protest , """"I want to do the time .",1.85714285714,-124.60475587844849,-6.558145046234131,11.178039458779693
And the previous maximum 10.5KW 18KW output to the length of the boiler flue 3 meters.,1.78571428571,-123.89974594116211,-5.162489414215088,10.44410590012285
"Slowly rising like a machine , she made her way to the counter , pick up the handset.",2.5625,-83.4621524810791,-4.173107624053955,36.82852310605266
"They like to work with the gear , fitting in place, where it is needed .",2.6875,-80.59432792663574,-4.740842819213867,22.894600542566067
We should call it like before Lowfields or make use of the 'new East Stand ' ?,2.06666666667,-123.09378099441528,-6.4786200523376465,3.7661038214791205
"Agnes , now fully dressed, and went into the hall .",2.11764705882,-74.35237264633179,-5.7194132804870605,4.810480185506762
"Supplement per person per night £ 135 for the first night , £ 105 extra a night ( minimum 2 persons ) .",3.2,-116.90606498718262,-5.08287239074707,72.76614429666017
"You should get a certificate of posting , which is provided free of charge at the counter .",3.64285714286,-75.2590684890747,-4.18105936050415,44.496581803551734
"Second, they retain 25% of the capitation payments discretionary appropriations formula system .",2.78571428571,-101.53331756591797,-6.345832347869873,19.835394591539895
"Pallister opponents are: Steve Bruce ( Manchester United ) , Paul Pierce ( Nottingham Forest Paul McGrath ( Aston Villa ) , Gary Lineker ( Spurs ) ; Rehovot Dayton ( Liverpool ) .",3.25,-186.0369291305542,-4.5374860763549805,145.66595334845044
This shows that the company did not learn anything from this lesson.,3.93333333333,-46.54352307319641,-3.580271005630493,39.89338558793695
"Here we have an uninterrupted outlook , and a brilliant prospect , it is far , stretching several miles per hand .",2.38461538462,-132.6564483642578,-6.029838562011719,18.680165608535532
"Debenhams left of lambswool jumper , £ 24.99 ; striped cotton shirt , £ 15.99 ; tie, £ 7.99 ; grinding washing line, £ 29.99 ; leisure Gibson shoes, £ 34.99 .",2.13333333333,-226.3250241279602,-4.437745571136475,111.83814510319513
Orthodox Judaism continue to teach an elaborate separation menstruating women and a man in contact with her family .,1.73333333333,-123.22000980377197,-5.867619514465332,26.110075725945677
Recent construction survey shows that 60 -year-old title called Church Road issue.,1.78947368421,-108.69473266601562,-6.793420791625977,8.018553094473518
Problem fireplace is set into a huge thick portion is divided into rooms .,1.4,-91.66341304779053,-6.547386646270752,16.38649356421297
"This is a brave move, re- start in the garden design talent, and to ensure that testing.",1.85714285714,-115.134774684906,-5.482608318328857,24.789814291557093
"Liverpool won early popularity , as the British military victory in the Korean peninsula , Mr John Major 's reputation improves the Gulf War .",2.0,-157.68304634094238,-6.064732551574707,54.23172884223524
BST EEC ban until further research has been completed.,2.76470588235,-68.80680084228516,-5.73390007019043,23.34858599554009
This deliberately stressed young people and wounding over unreliable relationship dilemma of residential workers .,1.77777777778,-125.72685241699219,-8.381790161132812,-0.08445450339539207
"France July 29, 1881 declared: """" publishing and freedom of the press . '",2.05882352941,-93.35084533691406,-5.4912261962890625,32.27615645803175
"As far as I can see , we can go to Dersingham or for their own men .",2.25,-102.55253791809082,-5.127626895904541,10.051826449722327
"Distinction is drawn between the license , it ceases to have effect .",2.64705882353,-74.70352554321289,-5.335966110229492,13.702974693067262
"Turning them into public gardens and you create attractive , rather than an eyesore .",2.13333333333,-98.02867603302002,-5.766392707824707,14.149730847464639
"Julie , it is believed that it tries to run back along the path of this treelined Elizabeth snapped .",1.6,-132.69196939468384,-5.769216060638428,11.969104740392453
"Latin America, the lowest female participation rate of any region in the world , including the Middle East , although they strictly limit women's activities .",2.47058823529,-109.56287479400635,-3.9129598140716553,86.52149205827558
"Nine schools in three Midlands law enforcement agencies , will be identified as in-depth study questionnaire.",2.66666666667,-106.49720191955566,-5.60511589050293,32.930352244093456
"This is when the request is considered neutral , because it must be false , the damage to the justice system .",2.0,-107.94681549072266,-4.906673431396484,27.846528239390153
"Some trees , vegetation and animals for the mechanical creation of phantom companies .",1.92307692308,-87.45845031738281,-6.247032165527344,15.7417081963046
"I say he , because this is what I think , though it may be that they even her .",1.75,-93.99373054504395,-4.699686527252197,17.77995821078578
"Julie 's husband Tim at St Botolph's Church in Brampton , cost five standing beside the tomb crying.",1.22222222222,-141.56116104125977,-5.89838171005249,29.07363318269671
"They are scripted NCR System 3000 , Sun , HP and IBM mainframe platform DECstation .",2.88235294118,-151.7539873123169,-7.987051963806152,-7.667187488325226
"Sequel hook Balinese determination usurp another man 's family , and from the fear of modern man appeared in their own children .",1.35294117647,-183.3078417778015,-6.78917932510376,-2.600182004343509
"Invite your closest people to give you some degree of diplomacy , showing you honest feedback .",3.05882352941,-100.87531471252441,-5.604184150695801,31.10590738190166
"We've seen her smile of """"Tatler"""" magazine cover her figure in dozens of fashion circles.",2.17647058824,-122.87453126907349,-5.851168155670166,5.146481930258631
"Is a small-scale , seemingly without considering the valuer contract as principal .",2.06666666667,-103.83937072753906,-6.489960670471191,-5.431893103741345
"Plan targets , make your PC a specified file on the hard disk is almost instantaneous keyword search .",2.0,-121.65376329421997,-6.402829647064209,32.92501206120414
"Oh , it's not so bad, """" said Charles feebly offer .",2.52941176471,-87.2137680053711,-5.450860500335693,13.616011438970517
"End of the program , as it fell to the fire chorus from Alf unclean , unclean family rest .",1.33333333333,-144.63949489593506,-6.574522495269775,-5.573504056048193
"John Taylor is a flow artisans, from Oxford University in 1839 recast Loughborough church bells .",2.33333333333,-138.42287349700928,-6.2919487953186035,7.683005130555131
" How are you going , the next step tweed ? ",1.70588235294,-65.49418830871582,-5.457849025726318,1.6882227683570363
"Is flexible and , if necessary, should have more time to devote to a project in a separate meeting .",2.86666666667,-95.70267105102539,-4.557270050048828,36.09109776532634
It was originally developed by the U.S. publishing company Houghton Mifflin ) .,3.5625,-67.22081184387207,-3.3610405921936035,37.59741171760072
"Those days are gone , thanks to our measure.",3.42857142857,-55.16167640686035,-5.516167640686035,12.57653139875589
Explosion shattered glass all around storm rain curse them along the corridor .,1.66666666667,-106.58822059631348,-7.6134443283081055,3.1880199857018
Involved in the operation of services laid reduction ; in its local community health committees were created to represent the public .,1.70588235294,-132.53592729568481,-5.762431621551514,23.85216648589764
The implementation of the results - British wool romantic - in one of the world 's largest and most prestigious department stores in October ( 8-18 ) .,2.46666666667,-161.29127264022827,-5.202944278717041,54.183168568813926
"Why not give their own stupidity , not bothered ?",1.47368421053,-69.33004379272461,-6.933004379272461,2.6060982079631714
"TV presenter Keith Chegwin opened his heart yesterday in front of the camera , admits: """" I am an alcoholic .",3.0,-127.91039657592773,-5.329599857330322,50.003765489507174
"They have established themselves in the southwest , and their king , Athaulf Court held in Narbonne .",2.53846153846,-125.72493648529053,-5.7147698402404785,-0.6983539128539746
Rachel sat next to Damian Flint hateful tense silence .,1.84615384615,-85.02182960510254,-8.502182960510254,9.163867623550814
"Fat couple on vacation blanket , bouncing like children in low-g cuckoo moondirt souvenir jewelry.",1.5,-154.0337643623352,-6.697120189666748,-6.4591065848132985
Presidential Commission initially appeared intended to replace the main centers of the Soviet Communist Party Politburo in the Soviet Union 's political decisions.,2.8,-124.47709465026855,-4.445610523223877,74.05913459170102
"Questions. Said the gentleman , the proposal is half-baked .",2.0625,-68.25543403625488,-4.875388145446777,3.365809055139465
"This modeler adds an associated program , thus providing a truly automated assembly process movement possibilities.",3.13333333333,-121.66719818115234,-6.759288787841797,26.433623840808963
The end of the known death toll down sharply again from the revolution stood 689 .,1.78571428571,-111.4276123046875,-6.5545654296875,3.4995916161784493
"Old sailor Harry Ward does not expect campfire ...... because his latest drinking companion , Johnny papier-mâché guy would be burned alive.",2.375,-166.92745685577393,-5.564248561859131,41.15883138374173
"Transport are designed to withstand accidents and , until recently Govenrment precludes any possibility of radioactive leaks .",2.42857142857,-141.58006286621094,-6.1556549072265625,14.01698894738459
"I know there must be a wound , she had not been strangled or drowned , or poisoned .",3.5,-88.51387023925781,-4.425693511962891,36.8827610820735
We are firmly committed to equal treatment of men and women pensions.,3.125,-51.41708183288574,-3.955160140991211,40.72261384929769
"Poison is dangerous, but few people who bathe in the sea urchin know how painful swelling when there can be unexpected trampled .",1.61538461538,-148.9826545715332,-5.137332916259766,39.93779112501983
"Fortunately, we are honest, is a very simple game plot.",1.82352941176,-58.2801628112793,-4.483089447021484,29.294782803084743
"They will jazz Telford , Marconi , a subsidiary of GEC ubiquitous group headed by Chairman of the Board.",1.5625,-141.95376110076904,-6.171902656555176,14.26172601687054
"Let A and B are non-relativistic , so that movement.",1.5,-67.91629791259766,-4.2447686195373535,3.8145410901951493
Agreed in principle to a cessation of hostilities .,2.88888888889,-41.76644802093506,-4.176644802093506,21.14588098602053
"These checks can find no good reason , business or not, isolation , management's examination is reduced to less than 75 .",2.125,-147.03715896606445,-6.1265482902526855,22.949234323353295
Procedures for the 16-week training allowance and travel expenses .,3.0,-72.42078304290771,-5.172913074493408,6.2056979799847625
"Taking into account the different types of cells , such as muscle , skin, gut and nerves.",3.375,-73.52138638496399,-3.86954665184021,56.68840501945786
"Bridget reported that , compared with previous courses held in Avery Hill Easter Course numbers are much lower.",3.0,-132.88088178634644,-6.327661037445068,24.713362901649987
"Single £ 4.00 nights , continued to live night £ 16.00",1.76470588235,-86.36948347091675,-5.757965564727783,20.02153299207717
"( 13 ) , is also unable to detect transcripts P3A + α subunit chicken leg muscles or mouse : mouse thymus organ or torpedo .",1.6,-199.87340879440308,-6.447529315948486,45.16901184497584
Since this region is very rich circle Cullbridge rare species .,1.72222222222,-98.12945938110352,-8.177454948425293,-6.343144089562472
"Cold, late spring , it may be difficult to graze rye time a good tilth beet.",1.625,-116.96096420288086,-5.848048210144043,19.870176031687322
"We thoroughly enjoyed the dog today and all the right things to do , with our current eater , Monty tried , but he did not impress .",1.33333333333,-147.6758270263672,-5.0922698974609375,45.05676317002667
"More like Neanderthal remains were discovered in the 1880s , many paleoanthropologists began arguing that they include great apes and humans a unique species intermediate between .",2.28571428571,-143.13865661621094,-4.473083019256592,74.5663196829708
"You will receive a unique personalized club membership card , you can request your participation in Shell petrol station air miles .",3.05555555556,-119.2468729019165,-5.420312404632568,63.79469366065709
"Our idea is to make it easier , and try to get a good picture of how they feel about their health .",3.8,-80.53578066825867,-3.5015556812286377,64.79210176643883
"In almost all investigations of any size , an investigator can take up full-time in the first few days after the accident taking statements .",2.46666666667,-124.95316171646118,-4.627894878387451,49.080879352188475
"One day she and her mother Hickstead sent a note , """"said Deirdre has her bilius attacks , and will not come .",2.0,-172.37950563430786,-5.94412088394165,-2.372061382918446
But I think she has a good time .,3.21052631579,-35.752262592315674,-3.972473621368408,16.438758470617934
"Mike's thinking about now is wrong, very sick, but she could not help himself.",1.875,-84.9561939239502,-4.719788551330566,33.287733388593765
"Right now, Kendall does not return in the aristocratic Everton , he knew seven years ago.",1.73333333333,-112.26175737380981,-5.90851354598999,22.907318456924685
"Australia would be glad , if they meet reopen Panguna , one of the world 's largest copper mine .",2.23529411765,-124.9159665107727,-5.431128978729248,31.214430948279414
It is projected to fall to 15% in April .,3.85714285714,-48.80200958251953,-4.436546325683594,18.853432632151865
"Although the net assets grew 35% to £ 458 million Stanhope , the city unmoved department .",1.78571428571,-144.79231595993042,-6.894872188568115,4.1247757056846694
"Because the source is not rich , not so generous than the river has dried up ?",1.6875,-98.3249020576477,-5.783817768096924,14.675649042025242
"Now C- and Ku-band , 4GHz to 6GHz and 11GHz of the to 14GHz, large-scale use .",1.25,-142.74100971221924,-5.286704063415527,-7.490146269125603
"I'll be back again next weekend , we can plan . ",3.29411764706,-65.09269189834595,-5.007130146026611,10.882089096619609
"These aspects of political choice is still important, but not so now than in the past .",2.625,-81.63439178466797,-4.535243988037109,31.644911532242176
She makes you look a bit of a fool in front of anyone else who is looking .,3.125,-66.68539381027222,-3.7047441005706787,49.890332306861794
"Northeast last night, a group of businessmen and women , said the Conservatives do not trust the commercial vote yesterday .",2.14285714286,-123.88809585571289,-5.162003993988037,33.27644270319675
Evolutionary theory best explanation of the problem to make inferences.,2.17647058824,-68.07914161682129,-4.862795829772949,12.39732932447862
"Learn how to change things better , rather than just learning to adapt to the way things are now, how do ?",1.8,-97.7266616821289,-4.248985290527344,59.659635062607464
" But we thought - everyone thought - she would turn to her marriage , it would be the end of it .",2.6,-92.31450939178467,-4.1961140632629395,43.38582461642093
Personnel manager at universities and research resources management has joined the company as a production line manager .,2.55555555556,-100.8659086227417,-5.308732032775879,33.49885435626899
System of rules for the rest mass of the main remedies include the introduction of what we call ' the variation .,2.0625,-127.33483791351318,-5.787947177886963,19.645722333296817
Now a lot depends on how active role in the United States is ready to play along the Egyptian Israeli annoyance response to a recommendation .,2.23076923077,-152.60912418365479,-5.869581699371338,38.51057692168658
"Sometimes , I do not know how he passed his 0 , """" Dad said , we climb over the pebbles and out of the village .",2.4375,-135.57280683517456,-4.674924373626709,42.9380875775399
"In the Capitol , crying to go: """" burn it down .",1.8,-85.7986969947815,-6.599899768829346,4.266574032789308
This is more representative of the nature of R & D projects than is often the result of a single day PERT program.,3.4,-111.82752847671509,-4.4731011390686035,55.007683930812505
"The meeting , one community participants , indicating that the best path for dialogue to overcome their differences .",1.82352941176,-112.8316798210144,-5.938509464263916,20.249241184068268
"These involve more open and distance learning and the creation of photocopying and electrocopying, ' custom ' package materials for students .",2.26666666667,-151.58876991271973,-5.41388463973999,20.722813038145063
It seems impossible that anyone could be the middle of that storm leaves to survive.,1.93333333333,-81.54658508300781,-5.096661567687988,26.111531418983844
"When women once a month for three consecutive nights, moonlight artificial cycle become synchronized rhythm of the moon .",1.44444444444,-130.51627492904663,-6.215060710906982,29.509146479408088
"Admittedly , he was not driven by the same pious mercenary ambitions , some of his colleagues , as far as possible to seek artistic satisfaction .",1.94117647059,-144.47249221801758,-5.159731864929199,45.87140654384504
"Adequate supply of snow , on this issue we have a special section for those of you who want to get the ski slopes .",2.6875,-113.61649417877197,-4.2080183029174805,54.17703051970685
"In other words, the generalist administrator called economists , statisticians, and other information, but who it is 'top' generalists .",1.76923076923,-145.0165500640869,-5.179162502288818,19.61886778643799
"You are afraid, you two , I may be found in all of the mother is not dead , is not it ? ",1.38461538462,-126.68229341506958,-5.067291736602783,6.814862888591051
The SORP recommended that local authorities and examples of accounting policy review .,1.8,-91.87746047973633,-6.125164031982422,9.483491377625555
"Decided that he must once again the tide of the game , he began to despair of tedious running trough of breakwaters along the edges.",1.4375,-147.40189170837402,-5.264353275299072,35.262830193789114
Birds can cause serious health risks for people who eat them in North Africa and Southern Europe .,3.8125,-81.54667377471924,-4.291930198669434,61.287906349727535
"In this case , you can profit from a gallon by multiplying the daily average net goodwill numbers.",2.4375,-105.08225297927856,-5.53064489364624,39.89182179237366
"This is a natural sheltered basin , along the undulating meadows Comer , a trick .",1.78571428571,-125.37205743789673,-6.59852933883667,-1.8725877392492976
"This course provides basic communication theory, comprehensive training , especially for the case of Africa .",3.2,-95.46850109100342,-5.6157941818237305,25.435210378770122
"Then, slowly at first, he began to prepare the little boy , all of this possible fate.",2.35714285714,-92.06428527832031,-4.603214263916016,34.83573525854591
"My German is working like a dream , like a brilliant robot , you turn and step back and admire , because it is all the hard work .",2.53333333333,-129.0735993385315,-4.4508137702941895,60.75682525776503
"Jess - her blunt with Samson's hand contact , because she coiled round - bite him one .",1.375,-139.97530937194824,-6.998765468597412,8.185797336284566
"A good deal , gave me the feeling that I have been for a good seven-day Bahamas itinerary . ",2.0625,-112.20950269699097,-4.878674030303955,19.99725737556426
"Skiing, because it is excellent for horizontal jumps , the Mavericks get stretched and you posture, balance and coordinated development.",1.78571428571,-155.51766157150269,-6.220706462860107,12.586053303290583
"On this site on any earlier round of pit However, both have been pulled down and rebuilt , or expand into new wheels.",2.07692307692,-147.0619559288025,-5.8824782371521,35.13073899167003
" North Harbour coach Brad Meurant , said: """" Everyone is helping his teammates .",3.25,-111.47316122055054,-6.557244777679443,27.303583052377718
"Martha has leaped to the top of this slot , Shell second and Glaxo third .",3.33333333333,-120.22845268249512,-6.011422634124756,-2.270301356224408
Height inflatable originated in the upper mantle magma eruption produced a small shallow pit called Mars .,1.70588235294,-123.96037006378174,-6.524230003356934,34.60380029700306
"Long-term economic growth, changes in the expected rate of return risk .",2.4,-66.13124370574951,-4.408749580383301,25.410933099054546
She stood at the door of the elevator with other visitors at the hospital 's main entrance.,3.82352941176,-75.34974789619446,-3.965776205062866,49.11217857394148
Similar picture emerges in the female laborers between the total income distribution.,2.64705882353,-83.6934323310852,-6.4379563331604,18.515894270094833
Lawyers and Legal Executives Society appropriately qualified researcher.,1.875,-83.24975967407227,-6.9374799728393555,-0.4648648535777653
"They also improve the health and social services, the quality and quantity requirements , the eradication of poverty is all about.",1.86666666667,-105.89918518066406,-4.412466049194336,50.17749820154211
"This command must be submitted to Parliament and December 6, 1977 , where the debate .",1.82352941176,-94.36011171340942,-5.550594806671143,26.45433542676669
"Yes , well, I always thought Augustin in his thoughts is a bit simplistic, """" said William , waspishly him , as if talking about a rival academic .",2.625,-194.29491138458252,-5.7145562171936035,28.26473539598652
Brazilian military trainer aircraft and small civil aircraft export success is quite different origins .,2.0,-119.17778778076172,-7.448611736297607,16.06029015615144
"My people, it says , why should we bother .",2.35714285714,-55.786975383758545,-5.071543216705322,16.479514013562408
"His Royal Highness the Queen 's flight of the aircraft, and took Mrs. Harry Cotterell.",1.375,-100.01798439025879,-4.348608016967773,30.09340985407613
"In the last two years of the war , I was in orbital stations and access each one squadron of my endless pursuit of Pathfinder .",2.4,-146.09956550598145,-5.619214057922363,29.638622249788767
EC does not care about their national health or education policies.,3.69230769231,-47.55007553100586,-3.9625062942504883,47.388481085120276
"Leader makes all the decisions and problem description , I hope they obey no doubt .",1.93333333333,-95.63670349121094,-5.977293968200684,18.426588150504642
Now I understand why they pay Macaulay Culkin $ $ 300 million - he earned it .,3.375,-93.55786323547363,-4.677893161773682,57.867089774704425
"This time there was a competitor facing children invisible window , so that children can see the chocolate each test .",1.21428571429,-133.06547212600708,-6.336451053619385,17.818747549397244
"It is this string format , we are now open .",2.33333333333,-64.68643712997437,-5.880585193634033,6.893219885145783
"He approved and registered with warm tears when the rebel Achaeus Antiochus III , was brought to his """" hands tied """" ( 8.20.9 ) .",2.35294117647,-208.34507751464844,-6.510783672332764,7.3929747321820685
"Who is living in the short term follow-up ( mean ( range ) 19.4 ( 10-33 ) months ) of 18 patients , 14 were still alive in 1992 ( 69 ( 61-83 ) months ) .",2.0,-195.77589511871338,-4.3505754470825195,94.61968233269272
"The second method , you can in a foreign language too is a very effective strategy.",1.875,-86.20426988601685,-5.0708394050598145,22.092688943920805
"He took the gun and went to the door , check the carriage remains securely tied .",2.5,-92.3073787689209,-5.429845809936523,20.639795249459226
"There are a lot of envelopes and writing paper fingerprint smudges , the only part of Maureen and her father. ",2.16666666667,-130.5221071243286,-5.020081043243408,17.724427447912234
"I do not know how many species of trees , perhaps over 1000 .",3.375,-60.00839614868164,-4.286314010620117,34.842184653909015
"Front sliding window , original fireplace , built in single wardrobe , radiator , power points, stripped wood flooring.",2.8,-128.91754817962646,-5.859888553619385,38.31532733919914
"The level of HIV infection worldwide is expected to rise to 2000 15-20,000,000 , including at least three-quarters of the developing world .",3.125,-103.7100932598114,-3.345486879348755,72.45910977052827
The result has been a few years ago to destroy each dispute progress in health care .,2.46153846154,-99.9102053642273,-5.877070903778076,19.314731274031047
" Wars Housewives ,"""" a drama of escape is over, it is less than a minute and a half .",2.15789473684,-118.56385231018066,-5.389266014099121,21.745962693481175
Laughter in his eyes sparkling as he met her belligerent stare .,3.11764705882,-72.61580085754395,-5.186842918395996,18.585961961044802
"They are just minutes away from the train station , the service is frequent .",2.76470588235,-64.56575632095337,-4.304383754730225,31.304782215401957
"Perhaps the most significant of the three boxing 's all-time greats - Ali, Robinson and Armstrong - born in comfortable circumstances .",2.46666666667,-121.73202610015869,-4.508593559265137,70.98390361145263
"Halifax Building Society , bombers have put their equipment , it is now a pile of rubble.",1.66666666667,-111.23605823516846,-5.85452938079834,14.411432369521648
Michael Ryan found between deconstruction and Marxism reconciliation .,2.0,-80.3915786743164,-8.03915786743164,5.86535578685708
There is no other quite like Oxfam catalog Christmas catalog .,2.66666666667,-85.6465072631836,-7.137208938598633,6.322629205330628
"Unless there are more resources to pump , how is this going to happen , """" she said.",3.4,-86.63425493240356,-4.55969762802124,44.641290467640175
This is a way of thinking and behavior .,3.47058823529,-37.811426639556885,-4.201269626617432,12.242192511961584
" """" Yes, """"she said, simply, a few minutes , they studied each other.",2.07142857143,-99.43043231964111,-5.5239129066467285,27.910039866937908
"In a slow surface, two consecutive kills bowler , batsman unwilling to take risks, to break their lines .",1.6,-138.52229356765747,-6.022708415985107,23.238063766814406
"It was Saturday night, they may not come.",3.125,-45.09267807006836,-4.509267807006836,20.46520494529996
Throughout the discussion of the information provided by the other site is confidential .,2.23529411765,-65.98373317718506,-4.713123798370361,25.59591172851553
"Prime Minister can not safely entrust its consideration, because once developed , these rules will affect the daily lives of 560,000 Britons .",2.8,-136.72602081298828,-5.063926696777344,57.348348558404865
"Somewhere in the silence between them began to emergency calls , continuous loop .",1.375,-101.18898010253906,-6.324311256408691,-1.1362432186432727
In some cases remind ( including written and telephone ) .,1.53333333333,-82.95224714279175,-7.541113376617432,-4.651010975535513
"Montagu ( 1976 ) has pointed out time and time again , war needed social activities without any internal state relationship aggression .",2.64705882353,-151.93850326538086,-6.330770969390869,28.002787185430975
"This , then, is the theory - but how does it work in practice ?",3.4,-54.40104675292969,-3.4000654220581055,45.860823985607524
"However, things may be exempt from those just over the limit angle looks quite different .",1.94444444444,-100.66275548934937,-5.9213385581970215,26.049480442528164
"Repeat what they hear , women's rights claims something called the """" Salvador democracy"""" is in danger .",2.4375,-126.805419921875,-6.34027099609375,19.668875082483993
Thomson Travel including airlines ( backward integration ) and travel chain ( forward integration ) .,2.64705882353,-99.67392492294312,-5.8631720542907715,39.24476337073014
Methodist student has been appointed a new pastor.,3.0,-54.73030090332031,-5.473030090332031,13.963629971359737
London's historic little house can still be seen as their purpose.,2.53846153846,-62.72035455703735,-4.824642658233643,29.550978024075746
I summarize the clinical characteristics of these patients .,3.6,-41.55598783493042,-4.6173319816589355,22.758708100466023
"Further information from the SS Lange , RSC, Burlington House , Piccadilly , London W1V 0BN.",2.6,-123.4653115272522,-4.938612461090088,22.528361606684143
"Yalishihe 's reaction , often abbreviated as """" Herxheimer reaction , as the proportion of cases , the initial dose for the treatment of syphilis.",2.0625,-191.40730953216553,-5.629626750946045,5.940809493287503
"Ideally , this will not be those who give them the necessary , if there is a vision and support the financial work .",1.82352941176,-131.86742067337036,-5.2746968269348145,15.577921015402325
"Looking around the room , ancient, old furniture , I realized that Herbert must be very poor.",2.83333333333,-97.75145721435547,-5.144813537597656,31.30549948100662
They will be joined by John Tierney and John Kerr .,4.0,-49.258615493774414,-4.104884624481201,34.82438938815804
"However, this trophy sitting in Jim 's office in Peel Park , will stay there .",3.0,-114.90147399902344,-6.383415222167969,19.082535084893124
Leeds and Swiss Protein database search did not homologous with any other protein to detect any significant similarities.,2.125,-114.03591537475586,-5.183450698852539,51.0869423295799
"Ranchers , who see themselves as guardians of the west that grazing and feed produced economic stability of the country.",2.33333333333,-124.32077360153198,-5.4052510261535645,28.6543468055292
"In the fourth century , the man was buried here .",3.66666666667,-55.003488063812256,-5.000317096710205,9.719636620961424
"They began to question , they began to dream. ",3.46153846154,-50.8849081993103,-4.625900745391846,9.816373998107515
"Steve Jones ( Jones zealous Christian , he said, particularly in relation to ) : """"Many people simply uncomfortable, some of the"""" super- religious """"No matter how you call it .",1.9375,-229.3258991241455,-6.0348920822143555,37.131844307776646
"Lorne plateau formation of Devonian andesitic lavas and tuffs , with contemporary Lagalochan invasion and mineralization is not integrated overlying Dalradian schist .",1.71428571429,-260.5428829193115,-7.237302303314209,-34.72321266785272
"He looked up at阿瑟尔斯坦, his face filled with pride.",2.4,-94.02821159362793,-3.917842149734497,-20.760972555142658
"She is used to driving a luxury Saab this time, although she was quite frightened first responsibility .",1.86666666667,-108.41440200805664,-5.420720100402832,28.8932673027615
"We want to give children positive memories, they can learn from difficult times at home to build a better country .",3.0,-95.8291244506836,-4.355869293212891,57.49898729040538
"Motorola Gets Off in the battle with old rivals , the price POWERPC price beat Pentium gloves",1.94117647059,-154.64613914489746,-7.732306957244873,-7.302506714695056
Thought a lot about this issue the popular assumption that it is wrong .,2.1875,-77.14194774627686,-5.142796516418457,13.956052499863176
"Mutalibov said that from his hiding place in Russia, """" Izvestia"""" , allegations of political persecution.",1.94117647059,-119.92391967773438,-4.996829986572266,19.259389646235064
Commercial Union market model to explain the return rate of 25 % of the variance .,2.625,-90.8631820678711,-5.678948879241943,30.88675948079954
"My claim , I assure you , will be our common interests. ",3.1875,-67.97887897491455,-4.8556342124938965,16.30002555871293
"Only in the Gospel of John , he makes an interesting curiosity and profound statement .",2.8,-77.39927673339844,-4.837454795837402,30.20465750896429
"The day they return home repair and construction work, in an army base in Omagh .",1.44444444444,-95.20170021057129,-5.288983345031738,25.079454369168573
"Best Hotel which are all first world ordered calm : state of the art swimming pool , satellite TV and a chocolate on the pillow at night .",2.06666666667,-167.0835838317871,-5.967270851135254,34.153800527408805
In an area of four pavilion roof burned.,1.86666666667,-69.03729438781738,-6.903729438781738,-3.1839236142231613
"I find it strange , extending the hand of friendship and economic cooperation between our countries the same mass extinction threat.",2.14285714286,-116.172194480896,-5.280554294586182,41.42832769458724
"Building was converted into a gallery , and successful bohemian arts by the FRANTISEK CuBr and Joseph Pilar, in the 1960s .",2.16666666667,-175.59436321258545,-5.664334297180176,-1.499241504829115
But another part of the opposition simple idea that she is someone else's wife cried out .,1.76470588235,-95.63822650909424,-5.313234806060791,25.262917203935274
These issues or investigations are expected to be diverse.,3.6,-47.0417594909668,-4.70417594909668,22.999170024828942
August 1975 and December 1978 among five COS-B satellite observations 2CG342 - 02 and prepared for the tenth strongest γ -ray source .,1.52941176471,-205.8056402206421,-6.860188007354736,17.44598249460583
"We sent a rescue team , because we can as soon as possible , but it was too late, """" he said.",2.0,-101.0918083190918,-4.212158679962158,60.65496451270454
"Not like a Saturday night , though not really . ",2.46666666667,-59.466415882110596,-5.4060378074646,3.4455860883580485
"I should add that in the debate , he also invited my attention , 5 ( 7 ) , I will refer to :",1.85714285714,-125.68640899658203,-5.236933708190918,30.78238459622949
"On one occasion, I'm glad I copy, mirror image, in the image at the top and bottom of a group .",1.76470588235,-108.40963125228882,-4.336385250091553,42.608442592245325
"Since then , the double helix path is clear.",3.35294117647,-57.384902000427246,-5.216809272766113,15.625059805191896
Sun also prepared eight SPARC desktop scorpion in Sunworld show launched on May 11 .,2.17647058824,-136.15422534942627,-7.564123630523682,2.3589573769182266
"Therefore , political and economic accounting costs and benefits of soil and water conservation programs outside the area directly affected other potentially relevant .",2.29411764706,-139.09600067138672,-5.795666694641113,48.21321882420196
He further agreed on the need to re- neighborhood police station and put more emphasis on community policing it ?,2.23529411765,-107.42800283432007,-5.11561918258667,43.52273405513088
"Since then, it has been keenly followed by as many full-length TV shows.",3.16666666667,-67.35558557510376,-3.7419769763946533,49.71628844019732
"Mailed surveys to not return , and refused to be interviewed .",1.76923076923,-73.64900398254395,-5.665307998657227,7.916625880623684
I ran dangerously close to the edge twice dazzled my eyes and drooping eyelids .,2.4,-86.92664337158203,-4.829257965087891,34.62376197951802
"This operation will eventually involve from at least nine countries, more than 35,000 troops .",2.4375,-80.58060550689697,-4.476700305938721,44.40980670376641
The user interface will no longer just a requirement of physical or marketing department USL.,2.25,-110.2381591796875,-6.889884948730469,13.385843430663286
"Of course explains how to resolve before the game , it is worth looking forward to is what makes a sailor to go faster than another .",1.23076923077,-142.63136959075928,-5.2826433181762695,44.38572788121087
"While watching his features , if they've carved from stone , something stirred deep in his eyes .",2.11764705882,-112.77881526947021,-5.935727119445801,18.039616270470106
"However, in these two issues, the situation has undergone a fundamental change, compared with 1979 .",3.69230769231,-77.55454397201538,-4.081818103790283,55.7606819562302
" I can not hear any sound, """" the priest said angrily .",3.88235294118,-67.80469083786011,-5.215745449066162,28.333738665803224
We may never know the exact number of deaths .,3.76470588235,-36.12705707550049,-3.612705707550049,32.34949809213617
"17 April and 18 May , respectively, were rejected .",3.07142857143,-51.04126787185669,-4.640115261077881,27.125526275212593
"Women , Art and Society is a comprehensive work has been progress in the 20 -year-old women and the visual arts.",1.73333333333,-128.70583534240723,-5.148233413696289,22.540090819426098
He paid no less than 22 established only in Pembrokeshire charity school.,1.66666666667,-91.8136625289917,-5.100759029388428,11.807607273290103
"Soil pipe bending deformation during the earthquake , though they were stranded copper wire .",1.94117647059,-119.05346870422363,-7.003145217895508,10.09698673248863
"Within a few days , his campaign , he already knows , this ' new Pentecost ' way to achieve Ecumenical Council .",1.88235294118,-134.23605966567993,-4.971705913543701,30.64806003543731
To follow Jesus as a disciple means that we also face opposition like him life.,2.41176470588,-94.17134094238281,-5.885708808898926,22.12825799513847
"He ran into the damp turf wheels , machine crumpled and fell to his knees like an animal shot in the chest .",2.29411764706,-118.50301027297974,-4.7401204109191895,48.006501699732155
"Jenna stopped angrily confront him, but before she could speak he tilted her face with a strong brown hands.",2.09090909091,-118.11253356933594,-5.368751525878906,45.270688653126626
"Grainne said: """" I look at you , """" gently , """" I do not see funny.",2.28571428571,-118.17779159545898,-5.627513885498047,28.828353559099384
"The next day, 252 new squadron arrived Beaufighters (T3237) on a Ju88, and be mistaken for the local flight .",1.3125,-182.20591926574707,-6.507354259490967,-14.72267660921517
"Carrington looked at sea in the first two hours , fascinated by the Scandinavian night, then went to sleep .",3.4375,-111.7505464553833,-5.079570293426514,35.276518639320926
"It was originally developed for sudden infant death records , there is no inspection , but is now an inquiry .",2.35714285714,-111.26461601257324,-5.298315048217773,34.14952081379158
"The composition of your shot rule has grown up, although seemingly random, actually work well in practice one of these areas .",1.73333333333,-140.64391708374023,-5.86016321182251,31.70612937009608
This is a far cry from the gold horizon Municipal Court . ,3.35714285714,-74.68664121627808,-5.745126247406006,9.87463220787879
" Politics in this sense , if I put you in this glass of water in an interview with reporters , it would be a political act.",1.71428571429,-112.96246433258057,-4.183794975280762,55.0053973043637
"Sections 18 and 20 in that the main difference between the failed component , this is a very big difference.",1.64705882353,-108.1370759010315,-4.7016119956970215,32.084125771613344
Robbie now see that he was a priest.,2.0,-54.74813461303711,-5.474813461303711,3.3367557331537796
"Until a government commission has arrived in Moscow , Boris Shcherbina 's vice president of the Council of Ministers to prohibit evacuated Chernobyl surrounding countryside.",2.21428571429,-165.4268341064453,-5.3363494873046875,55.9106772847376
"Santarem Virgin Mary will always be reunited with their owners , there is a tradition in our family , you know ?",2.35294117647,-123.9254355430603,-4.957017421722412,33.60636825747653
"Since it is a beta version , it's tricky to ClarisWorks star rating.",1.83333333333,-107.9439024925232,-6.3496413230896,4.310563291759195
She had to do was get a good night's sleep .,1.8,-46.16077136993408,-3.846730947494507,23.099998406294702
During the four days of each treatment Intraoesophageal pH value and the movement were investigated.,3.23529411765,-103.2768030166626,-4.917943000793457,13.030913139649556
"All credit Gavin gave me the ball in the end, a little bit of persuasion .",1.69230769231,-87.99875450134277,-5.176397323608398,26.290836883237787
1798-9 prelude to winter in Germany during writing the first draft .,2.11764705882,-90.50582122802734,-5.656613826751709,3.888742781221211
 Criminal trial is not a court leads to the truth.,1.69230769231,-54.92456340789795,-4.993142127990723,19.10549583895113
They came to enjoy the kind of real understanding twins .,2.4,-69.67549085617065,-6.33413553237915,4.81987088802525
"'Harbury criminal acts, """"a voice said,"""" He have any comments ? ",1.75,-130.98699474334717,-7.277055263519287,-23.885684103746513
"Dustin neat Beatles cut slightly disheveled , with a mole on his right shoulder, close-up .",1.3125,-116.61503791809082,-5.070219039916992,25.433192606915895
"The bare facts """" headdress full of straw 'to after all the most absurd poetic word , which means that the speaker's weaknesses.",1.22222222222,-186.4757537841797,-6.9065093994140625,4.519138848940429
" I think this is some weirdo , when I asked who was calling the voice shouted: 'This is mine ! ",2.8125,-126.79714965820312,-5.283214569091797,19.712616976925574
" I should not , """" the waiter said , but then smiles .",2.76923076923,-79.29828786849976,-6.099868297576904,7.210118834453482
" Ah , this is not a bad idea , what is it ?",2.57142857143,-44.58170986175537,-3.4293622970581055,31.117421354067915
"He wrote that the beauty of glass , is such that the surface is not covered .",3.25,-77.00652599334717,-4.5297956466674805,20.553537346972732
"Cougars die last used about 8 years ago, in the past its best ; he suggested Mirage similar cougar .",1.47058823529,-158.82297134399414,-6.617623805999756,5.527491822083476
"Brigadier said: """"I still have a word , ' withdrew his head , and opened the door .",2.875,-121.06826114654541,-5.503102779388428,9.74697968226343
"In these days , some of the slogans and ideas , from the """" Democracy Wall """" 1978-79 and received a brief hearing.",2.0,-149.1691780090332,-5.737276077270508,23.190001408831876
"If I got it another couple shilling , no I earned it ?",1.4,-86.23101902008057,-6.159358501434326,4.144232987919054
"He turned, cold , stiff, anxious to see a young man with blond hair , short hair, worried eyes and face pock-marked .",2.5,-136.4196367263794,-4.70412540435791,44.09135710614768
"To fill the gaps, identifying immediate follow-up inquiries and pay attention.",2.0,-76.46229028701782,-5.0974860191345215,25.27973818840664
"Another team of genetic scientists spray is described as a very exciting development , Dr. Zhu Liya DORIN.",2.06666666667,-141.77707862854004,-6.164220809936523,17.378427117836736
"Old highway yard Rigby Road and rail links , seems to offer an ideal site .",2.66666666667,-110.43853855133057,-6.496384620666504,22.818736751794717
"Chong Jodami wild dancing together last , Jodami discovered a crucial extra equipment while walking .",1.5,-158.2531614303589,-7.53586483001709,-13.175886655608593
You can see the coexistence of private affluence and corporate poverty ?,3.0,-71.5235595703125,-5.10882568359375,21.291501565466604
"Jay drawled phrase , as she waded through pubbed and pestle hung over morning coffee and endless cigarettes, """"I am a night owl , honey .",2.13333333333,-185.96487426757812,-5.811402320861816,39.30399476805937
"No and controversy that Cadfael, watching from where he retired some anxiety .",1.4,-125.99726867675781,-7.874829292297363,-29.407559013258037
Ardakkeans say is that most life-threatening superhumanly strong and invulnerable .,1.35294117647,-110.98591423034668,-5.841363906860352,-16.7661675674278
"She passionately writes: These words , said to him:",2.06666666667,-65.26397657394409,-5.933088779449463,8.202564590357753
Villagers fight to stop the sale of the ancient common,2.6875,-53.04587650299072,-4.822352409362793,21.324754953763517
"Road , which seems a very long way to go , but I only have to walk a kilometer away across the fields on the farm.",2.26666666667,-109.60379695892334,-3.914421319961548,60.27963824881385
"Notes from the underground and it is precisely such a fable, invisible consciousness.",1.52941176471,-88.16242218017578,-5.510151386260986,14.706217587637127
We got our crew and Robin sitting in front of our rushes.,2.6,-66.77214288711548,-5.136318683624268,27.77204277719767
"Saddam is expected in the West humiliation, anger , the Arab masses to rise up against their pro-Western leaders.",1.47058823529,-124.16939735412598,-4.966775894165039,33.48411000151148
"Some of America 's most powerful people are worried sick after New York's most notorious lady, an address book, belongs to theft.",1.66666666667,-140.11935424804688,-5.189605712890625,59.64318719629361
"Science Museum director , Neil Cossons , confident you can restore the old number.",1.77777777778,-106.73925971984863,-6.278779983520508,15.891397499027534
"However, take special reasons, such as illness missed exam retake exams are usually allowed to count to win the full mark .",2.0,-150.32504653930664,-6.263543605804443,44.077667442459756
"Comparing the electrical systems - Part 1 ( November 1991 No. ) of the pure string phone , it would be a good exercise.",2.46666666667,-155.05999660491943,-5.742962837219238,31.538881181624873
"AID trip , giving her pupils in a third world poverty and fear",1.33333333333,-97.95235538482666,-6.996596813201904,-1.3634485782254586
"She noticed his fingers trembling, her anger subsided , replaced , not by a wild optimism of hope.",2.625,-122.15211153030396,-5.81676721572876,18.96172647852171
"In quantum mechanics jargon , this choice behavior is known particles obey statistics .",2.66666666667,-103.86422634124756,-7.418873310089111,14.350930735349351
"You can manually format your spreadsheet , or design your own speedformat program .",3.66666666667,-86.34399175643921,-5.756266117095947,29.633737168167514
"Him to arrange more actors to the crew of some private pocket money , and the film to his assistant.",1.5,-132.98191356658936,-6.044632434844971,4.552806293073729
", CELIA almost welcomed the idea of going to work .",3.5,-69.51492547988892,-5.347301959991455,4.876485032595895
"I can only assume my name respected associations, he thought it might quell criticism of what might be called Athenaeum sector .",1.78571428571,-146.1214475631714,-5.620055675506592,28.622017444848836
"It so happened that on the 5th Air School from the mine during the Boer War Churchill hiding not far away, """" Clifford recalls .",1.53333333333,-172.612455368042,-6.164730548858643,31.66922400133066
"I really enjoy working with digital things , such as how much I need to buy wallpaper or carpet",2.5,-95.32593011856079,-5.017154216766357,48.54728437012747
"Test in the future not only easier, but it should also be cheaper.",2.66666666667,-53.67893099784851,-3.5785953998565674,40.45976067758106
"Then , I turned the picture round , and complete other parties .",1.85714285714,-79.35645818710327,-6.104342937469482,0.59942765654678
"If so, they can share our knowledge, do they ?",2.17647058824,-55.76363182067871,-4.646969318389893,24.579259949106188
But there is something similar in the Sun .,3.52941176471,-40.51100778579712,-4.501223087310791,11.941438845127315
U2 last night unveiled its stunning new video interference in a spectacular ceremony in London Planetarium ...,3.2,-115.92218589782715,-6.101167678833008,49.99237352768637
But Mr. Liggett hopes to lack of space does not result in the future tombs constraints.,1.6875,-114.3273286819458,-5.196696758270264,12.653019114360475
"Who gave me advise my social worker asked me if I wanted adoption or foster care, and I said culture ( white series ) .",1.52941176471,-138.17840957641602,-5.314554214477539,55.666481035182585
The results clearly show that adult asthma population high prevalence of esophagitis .,2.11764705882,-78.85430145263672,-4.928393840789795,30.124096065227192
"For this reason, it is really only suitable for the manufacture of plywood, it was very successful.",2.29411764706,-75.31183218955994,-3.586277723312378,50.36454602369177
"But I guess they 've got something to point , if they have already established a good road and rail. ",2.8,-115.03323078155518,-5.0014448165893555,27.72878618902385
"You can tell the disciples do ? """" One reporter asked .",1.88888888889,-85.06157684326172,-7.088464736938477,4.80987808251524
"Tom Frode, teak Knut and Tony waiting for us to arrive.",2.1875,-91.31147766113281,-5.706967353820801,13.059854966189022
"White line , indicating that the body's energy to the electric force can be transferred into a crystal",2.8,-95.61294794082642,-5.032260417938232,33.66630282887485
Gifts with minimal resources to create a comfortable environment.,2.58823529412,-58.43967151641846,-5.312697410583496,20.965644603363913
"U.S. networks, want to do a television interview .",3.14285714286,-59.613598346710205,-4.5856614112854,11.289141990412887
"Guinness engaged in medical research, health , youth , environment and conservation , employment and business confidence , education and arts organizations to provide financial support .",3.07142857143,-183.05265426635742,-6.312160491943359,23.751336952197335
"A group of Muslim extremists believe her story , the result was terrible.",3.0,-78.24189758300781,-5.588706970214844,20.642786179142007
"Rain will open their campsite mud, fill the reservoir Famagusta .",1.84615384615,-96.92146301269531,-6.057591438293457,2.6730498734592487
"The second workshop , design, Napier Polytechnic , design validation event to prepare college staff .",1.66666666667,-131.194429397583,-6.55972146987915,6.517961893171105
Question can be asked Speaker ( see below ) or just throw the players who ( or just throw ),1.66666666667,-112.24735260009766,-5.612367630004883,34.56704796084745
"The second limiting factor is immediate, but the greater the potential impact .",2.375,-71.65484428405762,-5.118203163146973,22.057955291052494
"In my opinion, she makes all the rules of the game , I'm just still be responsible for implementing .",1.92857142857,-102.40719318389893,-4.654872417449951,32.78938931119632
"After the nest , the male looking for a female .",2.26666666667,-58.43509769439697,-5.312281608581543,9.582545204205118
The government has planned the inverse process of investment projects through afforestation and sustainable development .,3.5625,-100.74993324279785,-5.5972185134887695,22.587297722873146
He does not deign to compare British and French railways .,3.33333333333,-57.55580520629883,-4.796317100524902,28.48054376149439
"Lay the child on his back , his head , and remove any debris with your fingers in his mouth .",2.6,-83.5939793586731,-3.980665683746338,48.89413787754796
"In return , the church cut a little uncertain figure.",2.71428571429,-72.90219116210938,-6.627471923828125,-0.40590456360975224
"However, it is almost certain that the offer will be rejected.",3.86666666667,-32.167312145233154,-2.4744086265563965,50.09433693473835
"Stoop said Mr. East Germans recently discovered their own strength, without success , Mr. Krenz restore the credibility of the leadership .",1.8125,-154.52257537841797,-5.51866340637207,25.966020228681316
Leicester is the distribution of the county's unique from bladder cancer in cash rather than accrual .,1.66666666667,-121.5502552986145,-5.788107395172119,15.962644295141871
"It will look good on the beach , under the roof a nice shirt or jacket the next night 's work.",1.63157894737,-111.38154077529907,-4.842675685882568,42.493053542960894
"They also see the traditional and modern Chinese history , literature, philosophy and religion representative works.",3.13333333333,-98.99406909942627,-5.499670505523682,28.96791561218653
He said that his friends would like to know his secret .,3.82352941176,-50.47972869873047,-4.206644058227539,20.786691128675187
"If you do that, then it's just a man executed , because Jesus' greatest miracle .",1.4375,-93.46844100952148,-4.919391632080078,31.18339748530255
"She kicked things in the dark , and briefly stopped to pick it up .",3.11111111111,-69.07424211502075,-4.604949474334717,25.719883871511655
"I just came back from India ,"""" he announced important .",2.35714285714,-82.0341567993164,-6.836179733276367,-0.38713009026524503
"It is the sort of place where you find a different object of interest , every time you go back.",3.26666666667,-78.94998121261597,-3.7595229148864746,52.37250042654631
"McLaren maintain their lawyers, are reticent Ferguson gregarious.",1.41176470588,-91.6423487663269,-6.109489917755127,-4.017739593911841
She vicar before departure of the last attempt .,1.17647058824,-71.3238525390625,-7.13238525390625,-7.956685566702703
Airshow : The famous Red Arrows Southport Airshow provides a grand finish .,3.3125,-102.79322052001953,-6.424576282501221,15.828835179380135
"Add grated orange peel and juice , eggs , sugar , cornstarch and ginger .",3.66666666667,-77.18954658508301,-4.288308143615723,49.671755145384
"Path led them stood there, its stone flags worn and broken , its hidden progress here and there of moss and weeds .",1.72222222222,-146.13365936279297,-6.088902473449707,36.60342530644982
"If there is a referee younger than me , it proves that there has been a real courage .",2.47368421053,-85.88845252990723,-4.520444869995117,41.070240873047894
"Minimum package : some packaging design, in order to reduce waste in the manufacturing process .",2.64705882353,-78.02867317199707,-4.589921951293945,47.89410029377703
"Chicks in Cranston before the race , jumping up and down .",2.1875,-73.28000164031982,-5.234285831451416,10.678492743068858
"I have to peel potatoes MATEY, you have to take the evening surgery, and prepare for your guests .",2.9375,-130.10558366775513,-5.656764507293701,11.42201924002893
"R4 morning , DON Howe said it might be another candidate to take America into the new year .",2.3125,-118.90890121459961,-5.9454450607299805,19.380800218568226
It is the Holy Spirit to arouse the people to pray Messiah methods.,1.93333333333,-76.87225341796875,-5.12481689453125,24.355209929419416
I'm just sick of wandering and reporters want to know her business.,2.1875,-76.24429512023926,-5.44602108001709,17.12966417516529
"Or, if you walked into her kitchen and interference.",1.66666666667,-58.28647994995117,-5.298770904541016,14.85616804509013
"However, by 1976 , the local council in east London to publicize the advantages of industrial sectors .",2.375,-109.3553638458252,-5.46776819229126,29.02037119382925
"Japanese banks operating in London accounted for 28.5% of total loans , from London , in 1991 , 15% of U.S. banks , other banks 40.7%.",2.85714285714,-151.4465847015381,-4.206849575042725,56.706559001738185
"'I'm going to die a cup of tea, """"Charlie announced .",1.6,-81.0842514038086,-5.405616760253906,11.783708091605007
"Catherine's mother had to go home the day before, they are due to leave.",2.6875,-70.86196231842041,-3.9367756843566895,36.7668446283471
And hope in the finals for the Twickenham meeting either Kidderminster Carolians or Hitchin .,2.06666666667,-128.11809253692627,-6.100861549377441,-6.441770065091774
"This is a Swansea City Council 's decision Judge Michael Evans QC appeal at Swansea County Court Feb. 6, 1991 .",2.07692307692,-130.7647361755371,-5.448530673980713,76.44985211286962
"A sense of well-being , transformation and enlightenment , penetrate into very marrow of his bones .",2.58823529412,-108.39363956451416,-5.704928398132324,12.4768672656121
"- A control sample of respondents who have all three characteristics , a quarter twenty-three .",1.92307692308,-104.20770835876465,-5.7893171310424805,10.369568579539475
Want to know why you - but I should thank Ma mibbe,1.58823529412,-83.49507522583008,-5.963933944702148,11.129308935820717
"A bit thick book, details of the Bernese Alps important area swept by the previous book .",1.58823529412,-122.90078687667847,-6.4684624671936035,13.595653001627056
"Perched on the roadside speakers booming out , thunderous bars and shops , every corner has its own sound system.",2.3125,-123.30911016464233,-5.361265659332275,47.2701166990023
"Early , intense honey flavor, lovely flowers, golden yellow interior, but the pure gray-purple , dark stripes on the outside .",2.07142857143,-150.98586702346802,-5.592069149017334,29.147986310353616
"Young people's knowledge of the harmful effects of smoking are quite large, those who take to quit smoking do so purely out of ignorance .",2.27777777778,-114.65377521514893,-4.24643611907959,81.2286592909442
"Then they do not say where they are , if they are wise.",3.07692307692,-53.62272930145264,-3.8301949501037598,32.01575986324575
Series of annual revenue grew 24 percent to $ 1.6 billion .,3.46666666667,-55.670095920562744,-3.976435422897339,52.345470941467056
Gwyneth Dunwoody said that we secretly dismantling health services and outsourcing Roy Hattersley garbage collection old people like haltingly .,1.5625,-202.53624200820923,-7.501342296600342,-11.372430807009238
"May be a person for another woman left his wife and children to get off, no scars do ?",2.05882352941,-113.02156448364258,-5.651078224182129,21.080579419218594
"If the French should take them to see if they point out men, they might send them to their care .",2.125,-97.21216011047363,-4.418734550476074,44.80253719751303
"Cats Protection League Bazaar , Parliament House , the Royal Baths Assembly Rooms, Crescent Road .",2.25,-119.39953804016113,-5.969976902008057,25.087561480062334
"Their findings are worrisome impact 600,000 people have been affected by the release of radiation considered .",2.14285714286,-102.03333187103271,-5.370175361633301,29.538308400621418
"After a consequence of these factors has led to community care at times defined as """" ambulatory care """" ( Parker, 1990 ) .",2.46153846154,-129.01488590240479,-4.962110996246338,70.46843952118766
" Viol attempt stopped , but the driver ignored him .",1.875,-55.72281837463379,-5.572281837463379,17.639720992858884
"Graphical programming tools , application programming interfaces and cross-application macro facility will also be provided .",3.42857142857,-101.22223472595215,-5.327486038208008,45.383858903054346
"Third, the uncertainty surrounding the future of the industry now .",2.41176470588,-50.34763526916504,-4.19563627243042,24.666557909803515
"If he did not, because everyone knows , one hand raised , and led Arab armies against the Turks ?",1.4,-106.26133060455322,-5.060063362121582,46.415747995590124
"Allocate staff and closest cooperation between the various units managers is essential , both in planning and scheduling vacations.",2.875,-130.80946254730225,-6.229022026062012,26.52896002574849
"There is no strong criticism , there is no convincing evidence , there is no sign of learning, from a lost decade .",3.26666666667,-99.01469421386719,-4.125612258911133,56.441913969752136
Surgery and death is defined as the period between the survival time.,2.625,-67.23533725738525,-4.802524089813232,23.148174649739886
"Tadgell , aged 32 , rented a unit in Australia and Joanna , her progress from a cleaner waitress in the casino .",1.8125,-166.6155195236206,-6.170945167541504,12.048996191363216
"Their business moved Daurog, eyeing Tallis the night before with the same trembling cautious.",1.9375,-130.9714961051941,-6.8932366371154785,-11.329830450482746
I have asked my friend from Scotland Yard to help .,3.85714285714,-52.878276348114014,-4.8071160316467285,24.724540327912436
"Mr. Jenks forward along the corridor , angrily glared at him , and the children fell on both sides without any complaints.",1.86666666667,-122.60793447494507,-4.904317378997803,45.03026232104091
"Your detective detective story , of course , to seek information .",1.46666666667,-69.48574447631836,-5.790478706359863,9.226683155860457
"In the seventeenth century , the new Dutch Republic was the only major force expressed widespread use of this method .",2.73333333333,-110.62201881408691,-5.028273582458496,32.13547020377834
"So, you work in a group photograph of the political pattern and meaning ?",1.93333333333,-88.7696099281311,-5.91797399520874,7.601833646206288
"This is not lived in villages , when people know their great-great- grandfather was a horse thief or anything like past .",1.53333333333,-130.34201860427856,-5.213680744171143,27.73316398958471
"Crystal that Berg was a newspaper reporter , and she assured the rain : """"I did not tell him your story destroy something MI killed MacQuillan.",1.76923076923,-195.03134393692017,-6.2913336753845215,17.006315818024007
"Another street , between north and south , and also runs approximately north Ryknild Street branch Tiddington Road",1.92857142857,-135.94919109344482,-6.179508686065674,10.171795780653724
"If you want to use their bathroom facilities , I feel very free .",2.46666666667,-67.8232011795044,-4.8445143699646,26.13377626088753
"This is done to improve people's knowledge , beverages and weekly limits, and the link between alcohol consumption and health and fitness strength.",3.0,-123.21628952026367,-4.73908805847168,65.69341514924741
"When the Indians to hunt , whether animal or rival Indians , their firepower is fatal.",1.78571428571,-112.6555848121643,-6.6267991065979,15.582898404508342
"Speak louder than words , but only when executives are willing to listen, willing to be persuaded.",2.41176470588,-91.00537300109863,-4.550268650054932,43.88866649167497
"In the previous decade, the city of London and other major cities recorded a huge population losses ; cities lost or experienced only slow growth .",3.0,-120.98321342468262,-4.480859756469727,74.14915391913038
"Three women said that from the male boss, they do not get enough respect .",2.70588235294,-70.3062515258789,-4.394140720367432,35.281778884441295
" 86 ' after the demise of our great team , we have established a period of sand castles - they're crashing all the time.",2.06666666667,-132.25458335876465,-5.086714744567871,57.35722999054286
Wrong shocked polite and curiously uplifting to discover that not everyone in the establishment of such Fagg colonel .,1.6,-149.1881923675537,-6.781281471252441,-0.10212774519970935
Each of six trees in Switzerland is in poor health - double signs recorded eight years ago.,2.0625,-95.67892742156982,-5.31549596786499,47.550821188317656
"Left: painter and decorator Kevin Barton latched into this early 2 lbs 14 oz plaice in Lepestone point during the session, in New Hampshire .",2.2,-212.04498291015625,-6.626405715942383,21.95462578418997
"It is estimated that 65% of the transaction is the spot , the other forward transactions .",2.35714285714,-90.90571117401123,-5.050317287445068,20.228104074091107
This is a necessary qualifications bar for later recall .,2.46666666667,-70.05484580993652,-7.005484580993652,0.8881633746944289
"' Here he comes, look out of this guy. ",2.46153846154,-57.73532295227051,-4.811276912689209,12.726103155527895
I hope you is not gon NA have a fit.,1.5,-74.67627286911011,-6.78875207901001,6.127327113538286
Effortlessly give children the skills necessary to perform simple math functions ( with the four rules ),3.28571428571,-101.71056747436523,-5.085528373718262,35.88028761528315
"After I had my tea , I'll go to sleep.",3.0625,-50.8388729095459,-4.236572742462158,20.455999667947054
"Integrated tourism projects , including purchases of barley , into the laboratory , soaking, germination and malt kiln schedule .",1.5625,-164.09619140625,-6.83734130859375,8.882026675748847
"Then she jumped up , along the path the game.",1.76470588235,-69.72665786743164,-6.338787078857422,0.11622671633782033
"I do not want to be a superstar , I just want to be able to play well .",4.0,-54.788318395614624,-2.8835957050323486,61.962670398014126
"The largest ship registration authorities , Lloyd , ship fire, killing 159 people died two years ago in the United States being sued.",1.5,-160.36618947982788,-6.414647579193115,32.83863668400832
"This is not to deny , of course , in contemporary society crime and violence is an important social reality .",3.25,-85.69768238067627,-4.080842018127441,48.66384564014567
They strung between two palm trees and a net cut short a vibrant one four side volleyball.,1.3125,-118.72984170913696,-6.248939037322998,24.315264365519766
"Cooperation Administrative Structures, heavy co-ordinating different agencies , in any case , would tend to suppress unorthodox .",1.8125,-153.25313186645508,-6.385547161102295,-5.629217042064823
"We walked solemnly around Gloucester Cathedral hospital , and he told me about his childhood.",3.73333333333,-88.4919376373291,-4.9162187576293945,30.345599807255752
"Within a few days I plan to write , noting that a reasonable ( British Standard ) day dawned .",2.61538461538,-112.50403690338135,-5.357335090637207,31.405467346077614
"Whether this antibody has a direct pathogenic significance , Wegener 's granulomatosis , remains to be determined .",3.57142857143,-111.78570985794067,-4.471428394317627,33.40202984546502
"Event has been widely television and newspaper advertising , and promote civil rights march on August 24 from Coalisland Dungannon .",1.86666666667,-160.19054651260376,-6.40762186050415,14.941117773585802
"It contains a comprehensive index , the magazine features in our popular , step by step cooking series, Success Tips Recipes indexes and index.",1.83333333333,-161.39781379699707,-6.207608222961426,40.82037373160571
"Seeds, of course , more rich in nutrients than any fleshy coating.",2.4,-81.93688201904297,-5.1210551261901855,20.39034657394322
"Fishing attributed to contamination of fish decline , in some sections of the Severn and Avon .",2.85714285714,-117.24186897277832,-5.862093448638916,9.366053839701678
Rate of change in the practice of obstetric interventions know you ?,1.875,-73.47637128829956,-5.652028560638428,12.725262973115676
"Ultra Gentle Eye Makeup Remover SYNERGIE rose extract, is a light oil-free lotion, soothing properties , 2,99 / 200 ml .",2.47058823529,-177.0271954536438,-5.364460468292236,41.292865709881
"Stewart and Tate more aware of energy degradation , moral and physical , and thus the world 's impermanence.",2.5,-147.17019653320312,-6.132091522216797,1.7309208231594368
This rule is subject to some exceptions ( see Chapter 5 ) .,3.73333333333,-58.55231237411499,-4.504024028778076,33.74060346440206
We are grateful to Ken Byron set up a much-needed drama and dance education magazine .,2.6,-105.07843494415283,-5.837690830230713,21.973854951098602
"This tone , Tom's tape is a scientific analysis, rather than scary bedtime stories .",1.6,-104.11350917816162,-5.784083843231201,23.09260185250345
"Suggested in the debate , this is indeed the strain gnats and swallow an elephant .",1.1875,-105.88753509521484,-5.882640838623047,6.173939869059524
Ban Dayaqibo Dr. fly whisk him at the relevant time .,1.30769230769,-119.86680221557617,-8.561914443969727,-24.101294820575532
Both are left-wing extremist Red Army faction (RAF) of former members .,2.35714285714,-79.48148012161255,-4.675381183624268,29.690591485895723
"But in any case , """" - her tone changed again - """" I am very grateful to you for your help . ",3.58823529412,-100.40265655517578,-4.183444023132324,69.81121297131676
"In Stokesley , indeed, neither has a trade , nor the manufacturer , there is no noise or trade dress , and well adapted to retirement is a place . ",1.64705882353,-193.10188484191895,-5.67946720123291,12.268797349951228
"Tickets from Sergeant Gordon Parkin ( phone 091567-6155 , ext 6331 .",2.30769230769,-120.19799041748047,-6.326210021972656,-4.063028356718576
"You think I'm joking Porsche , is not it ?",1.69230769231,-60.68950939178467,-5.517228126525879,10.413730403334782
They expressed their anger and godly lewd songs resounded Underdown story.,2.08333333333,-121.69167995452881,-8.112778663635254,-9.384082610812072
"Religion: Christianity ( Bulgarian Orthodox Church ) , Islam practiced by Turkey and Japan small Pomak minority .",1.64705882353,-132.94150400161743,-6.33054780960083,34.87289583796036
"Learning skills, such as typing , take a few hours.",3.44444444444,-51.54351997375488,-4.29529333114624,31.62386912189703
Our public phone on the wall by the front door of the corridor .,2.5625,-67.33235549926758,-4.809453964233398,19.431704665928294
"Mr. Carpenter said: """" All the victims were elderly and infirm .",3.625,-68.20766687393188,-4.547177791595459,38.77305129359763
Balanced calcium intake means a healthier tomorrow today,3.0,-66.78018951416016,-7.420021057128906,14.034197713963763
"I think I might go to the United States, and to help students around anti- draft camp , """" he said.",2.86666666667,-123.4182243347168,-5.142426013946533,38.63560455813129
"Other people apart from yourself , candidates who may want to consider a fixed schedule is as follows :",2.05882352941,-103.49227571487427,-5.446961879730225,34.73990559118715
"Before that, she realized that her mouth has been formed words.",1.73333333333,-60.60456418991089,-4.661889553070068,30.628985364579364
Temperature : The temperature generally ranges from 72 ° -76 ° F.,3.73333333333,-82.07657814025879,-5.862612724304199,35.692545577864365
"The first one is face sore , began as a red tag.",1.76470588235,-85.73008155822754,-6.594621658325195,-2.6227626047241728
"We really struggling at this point in time , thinking, """" What are we doing , what we are ? ",2.33333333333,-96.28936004638672,-4.376789093017578,42.45831419968121
I do not think Chris and the band enough time to know each other .,2.1875,-69.40109252929688,-4.626739501953125,26.835112704857735
"He describes his own experience , in line with the general description of the usual huge sense of presence , accompanied by a huge side effects.",2.53846153846,-130.01300954818726,-4.815296649932861,49.43056853313274
"It prefers moist , humid , airless place , slightly more alkaline pH of the vagina than usual ( usually slightly acidic ) .",2.22222222222,-137.85966300964355,-5.302294731140137,58.98972115573645
For incandescent incense stick Bongwater安马格努森is even ; Jin Gedeng is a carcinogenic Zippo full flame .,1.07692307692,-236.8374581336975,-6.072755336761475,-83.79456615005554
"But did you know there is a ridiculous program """"You know ,"""" one , in the currency football trivia proved rather less fraud .",1.6875,-175.64071464538574,-6.7554121017456055,12.099863672023758
"Now, she has been looking closely , she realized that most of the room in the house has two doors .",2.6,-89.70664405822754,-4.077574729919434,46.72568033381495
"If not all sources of income taxation in an equitable price , obviously there is a reward in the form of income into tax-free .",2.0,-134.0879888534546,-4.966221809387207,35.95731058706065
"He had to go through Mordecai , precisely because he is a Coptic .",3.33333333333,-76.62913227081299,-4.507596015930176,15.91199070220226
But now they are too costly for a free account .,3.5,-57.75693416595459,-5.2506303787231445,15.177563670558243
"Bruce or injured Pallistar , if they have any decent cover, what will happen .",2.0,-104.36757898330688,-6.1392693519592285,17.470130143713064
"But his mother was arrested , and now he was in charge of the rebellion in Poitou .",3.6875,-81.04693412780762,-4.052346706390381,30.179365506096076
"But who knows , sir outstanding punch may ride again some time in the future .",1.875,-99.14450073242188,-6.196531295776367,14.114551322387427
He needed it as a duck water required .,1.33333333333,-62.817420959472656,-6.979713439941406,-4.170746303610642
The average household size declined from 3.09 in 1961 to 2.55 in 1987 will continue to decline ( Table 2.6 ) .,3.0,-100.29869747161865,-3.5820963382720947,77.87347096502378
"On behalf of the dialogue form, is a most appropriate mood and theme of the dialogue.",2.23529411765,-91.9711446762085,-5.109508037567139,25.733476850666065
"As one of the prince's choice of women , has its drawbacks.",2.0,-73.1559534072876,-5.2254252433776855,8.487871599191223
"Ferdinand is now at least know a lot of English , whether she said the pen and let him feel important .",1.33333333333,-132.37582731246948,-5.7554707527160645,14.047175548907035
" Act II - Beginners , said:"""" a trembling voice from outside the door .",2.625,-105.16018199920654,-6.1858930587768555,6.922245727144713
Coming and going - there had been too much.,3.0,-37.584474086761475,-3.7584474086761475,30.215244201367128
"Sowing the seeds outdoors in the spring , or plant in the spring , so that the 60 cm between plants ( 2 feet ) .",2.05882352941,-129.15865087509155,-4.783653736114502,52.35604290002874
"To 1925 , Whitaker has become an expert in his field , that Chapman was immediately impressed by his knowledge of football injuries.",1.75,-127.66684293746948,-5.106673717498779,48.49871385453582
"It is a beautiful Lincolnshire month we have, and the Dower House still . '",1.875,-104.02941226959229,-5.779411792755127,8.382220508619653
Real friends My first was a boy called Adam probably .,2.07142857143,-70.98440647125244,-6.453127861022949,7.043660750170332
She was carrying a brush and bucket wearing denim overalls .,3.57142857143,-70.2740249633789,-5.856168746948242,18.45883649964354
"Ministers , do not have a detailed responsibility for decision-making .",3.125,-71.84818649291992,-5.132013320922852,5.928938002109334
"Following year , he had the custody of Rochester Castle .",2.94117647059,-65.62560749053955,-5.965964317321777,12.22349868585978
Leader is essential to ride the cycle of Wirral Country Park neighborhood on Sunday when reservation made Cheshire Ranger Barry Jackson .,1.76923076923,-162.99322843551636,-6.519729137420654,30.24991446673573
This equation is called the fundamental theorem of Riemannian geometry .,3.93333333333,-52.97641944885254,-3.784029960632324,31.408861423032178
"However , there is a tendency to gloss them when drawing the psychology of mainstream it .",2.125,-92.47142457962036,-5.43949556350708,22.540997289489056
"That is cut out for work absolutely , surprised himself , Greg Hocking was one of find yourself drift and to education of valuable these people .",1.30769230769,-202.03065872192383,-7.215380668640137,-16.34822745416932
"New minister , will take over responsibility for the policy of many departments to appointment to the office .",2.46666666667,-98.56649541854858,-5.187710285186768,23.080123544030585
"When I lend arms to Rhun enhance him from his knees to his kindness , clinging humbly desperate of him, and he still hung heavily .",1.42105263158,-201.9264693260193,-6.962981700897217,1.2978994929819123
The figure shows how the A- scale per unit area would change in the reading of the radiometer .,3.25,-99.60951948165894,-4.743310451507568,34.76228579891506
"In fact , the monitoring requirements of many TEC from become too frequent complaint is made .",1.46666666667,-129.30451583862305,-7.183584213256836,-7.837723730288445
"Preparatory work , beginning in September of last appointment of officers in the country two are employed full time to the project.",1.92857142857,-136.35514974594116,-5.4542059898376465,18.40779248398195
"Can reduce this effect, of course , greater than the distance between the trends only , which is moved from the local policeman for centralized policing.",1.75,-155.82858657836914,-5.565306663513184,30.977335752197746
"Todd , he has a different kind of dream are women .",1.52941176471,-64.29178619384766,-5.357648849487305,15.087289331675635
"For Simulated Annealing is a probabilistic algorithm , the execution of different probeorder, will not produce the same output probe order necessarily .",1.82352941176,-162.48080968856812,-5.602786540985107,21.693017031732325
"Music was animated , but the only arm has moved .",1.64285714286,-71.45497512817383,-6.495906829833984,0.34204251807112485
"However , the report also , authority boss of failing to control the activities of Mr. Watoni 58-year-old with early retirement explosion last year .",1.6875,-184.6964831352234,-5.957951068878174,1.8108375484689248
"Some , of course , (shipping is included he ) would answer personally .",1.625,-95.04951477050781,-5.940594673156738,-3.459102087555351
"As an area of four of them , is greater than the month or our large scale .",1.52941176471,-102.94058990478516,-5.718921661376953,7.645031222066123
"The police are appealing for witnesses of the incident that took place in the 11:00 am on Monday Windsor Street , in Toxteth.",3.26666666667,-107.35794448852539,-3.834212303161621,63.266511766249295
Watch word wrap back to the previous line .,2.07142857143,-53.70787525177002,-5.967541694641113,11.309855073124197
"The cafe itself , I'm full of smoke to sit outside on a bench .",1.875,-91.92462921142578,-5.745289325714111,8.995966615270476
You do not need surface is smooth or completely flat .,1.84615384615,-60.42145824432373,-5.492859840393066,18.220751188242033
"Given that this work is being performed , you may want to consider the next closest detail draft schedule - torn to shreds and perhaps .",1.6875,-139.90729665756226,-5.181751728057861,50.67395067618867
"There is a house of parliament of 5,733 sky about 2,000 of which had been empty for more than a year .",1.9375,-117.38895511627197,-4.514959812164307,28.65899189096453
"The ( 3.3) , the total of long-established tradition and influence of one of the study of the differences between education classes Heath .",1.94444444444,-157.44810485839844,-5.4292449951171875,0.9578109859952519
This phase is believed to have been controlled by reaction with saline associated with the rock foundation Devonian and volcanic rocks and Permian sediments .,2.82352941176,-144.32889986038208,-4.976858615875244,53.756566043666794
"And , his price - I can his price to enormous use .",1.06666666667,-85.39563322067261,-6.568894863128662,-3.860648935232362
"By October 18 , Warner Home Video and gear , Basinger star in the analysis Erotic thriller final will be released to the video library .",1.44444444444,-183.18079948425293,-6.106026649475098,30.925880417814653
"In recent years , the ceiling of Michelangelo's Sistine Chapel in Rome has grown that it has been changed by the Vatican conservation team irreparably concern .",1.82352941176,-151.94808959960938,-4.748377799987793,59.34319744750886
"At the same time disillusioned me , to get my sympathy .",2.1875,-70.01893186569214,-5.386071681976318,6.765102884286591
We have taken out like an arrow from the bow horse . ',1.61538461538,-71.23920059204102,-5.479938507080078,19.279566692803712
Third of them are anxious to find a reason that must have occurred this year alone the British Horse Society .,1.85714285714,-114.15054988861084,-5.4357404708862305,27.908279938882004
"7 filling Quallofil and PERTEX fabric , in its stuff sack , and 1.2 kg of sole , light weight of Kompakt, fell to 7 liters .",1.28571428571,-226.0644564628601,-5.796524524688721,-3.0065528091455462
"In exceptional circumstances , the head of your department , does not apply to withdraw clause if there is a reasonable explanation for the failure to notify .",2.5625,-123.22189903259277,-4.400782108306885,65.33028298006474
"It can be on the planet ' goodness me , ? '",1.92307692308,-75.01398468017578,-6.251165390014648,3.048692590927601
Small sample has been confused with Synodontis petricolor occasionally .,2.5,-101.10493898391724,-6.740329265594482,-15.570492163461424
"I often pick up artists from their accommodation , I take them to the place Middlesbrough they are being interviewed by Radio Cleveland .",2.42857142857,-132.40129852294922,-5.092357635498047,43.76281778865231
"Is not taut as if to that of the youth , his muscles are bulging with effort .",1.25,-102.55170822143555,-5.127585411071777,10.35794929803528
"A review copy is solid black , but the basic model , has a oil finish .",3.1875,-110.11403799057007,-6.477296352386475,5.077485570192678
"I woke up one of the twins that something began to howl immediately in their bedroom , I crashed on the floor .",2.0,-124.82308959960938,-5.200962066650391,28.008235609518323
I wish the man was a louse like this .,3.14285714286,-53.088221073150635,-4.826201915740967,7.434854831816921
"This exercise is essential , can not take place except for the liquid medium .",2.07142857143,-83.8781476020813,-5.59187650680542,17.10845803690357
"Career in London is a collection of butter here , Upper Stowe , was called Batasutou once .",1.5,-154.78264141082764,-6.729680061340332,-23.38905307834895
Induction of adhesion of T cell subsets specific cytokine particular is going to be selective and more flexible process of lymphocyte recruitment .,2.2,-155.97840309143066,-5.570657253265381,36.47203605051925
I think if you want to have in your shoes I ' and I 'm walking right outside him . ',1.26666666667,-115.43862056732178,-5.2472100257873535,28.065054955715368
"He closes his eyes , she saw that the movement of his chest was stopped .",3.0,-67.6318130493164,-4.226988315582275,30.71460044611551
"Friend is loved much ... she met everyone , I missed many .",1.76470588235,-84.5776162147522,-6.505970478057861,13.116470489886979
"'But , lost it - on top of that , the wall was built had collapsed paper . '",1.57142857143,-118.1496524810791,-5.907482624053955,9.322308232865979
"' He is going to buy a new typewriter to her , the old ones that practice , sounds like a trumpet of Candyman is she .",1.14285714286,-160.69376754760742,-5.541164398193359,14.765791644916789
He in the qualifiers Lancome Trophy in Paris .,1.6,-70.63350200653076,-7.063350200653076,-1.0845896778930495
"' Steal for you ? He , I answer to surprise protest of the roller and """" would do the time ' .",1.3125,-168.19729375839233,-7.312925815582275,-14.024929587900004
The length of the smoke of the previous maximum of 18KW output 10.5kW boiler and was three meters .,1.75,-136.7570996284485,-5.4702839851379395,2.916853156637245
"Rise gradually as automaton , is made on the way to her counter her , I picked up the receiver .",1.38888888889,-138.98403692245483,-6.042784214019775,-3.994068190342716
He has provided the back of your work really ? ,2.0,-74.21490955352783,-6.746809959411621,-11.970002026085638
"They did what when , to fit in the location where they were needed , such as gears working together .",1.77777777778,-114.76622486114502,-5.465058326721191,20.19265626280219
We have made that will continue to use or Lowfields phone ' new east stand ' as before it ?,1.30769230769,-162.20179653167725,-7.723895072937012,-17.831130600635163
"Wearing clothes completely , Agnes entered the hall now .",2.53333333333,-75.92093467712402,-6.326744556427002,0.3741637292757787
"On the first night , supplement ( minimum 2 persons) per night £ 135 per person each night of 105 pounds added.",1.8,-144.09255981445312,-6.003856658935547,47.36560504087194
You need to get the certificate (s) is available free of charge at the counter .,2.23076923077,-77.97496604919434,-4.331942558288574,32.625422414245264
"Second , they hold 25% of the expression system foreigner head money of discretion allocation .",1.33333333333,-125.89423656463623,-7.405543327331543,-6.276529970771833
"I changed industrialization and modernization , the population map nineteenth century England .",1.86666666667,-96.58332538604736,-6.89880895614624,4.4111968227875735
"Rivals Paris Star , is as follows . Steve Bruce ( Manchester United) , Stuart Pearce ( Nottingham Forest , Paul McGrath ( Aston Villa) , Gary Lineker ( Spurs ) , Ray Houghton ( Liverpool ) .",2.66666666667,-188.9480423927307,-4.198845386505127,158.532269179534
This company shows did not learn anything from this lesson ' .,2.5,-67.9152774810791,-5.659606456756592,19.409567896963992
"Here , have a view uninterrupted outlook , outlook of any glory , it is a stretch to far away for many miles in the hands of all .",1.57142857143,-165.50210857391357,-5.706969261169434,17.44046992110239
"Left de Benham 's Rams wool jumper , £ 24.99, cotton chambray shirt , £ 15.99, tie , £ 7.99; mill washed code , £ 29.99, casual shoes Gibson , £ 34.99.",2.38888888889,-236.3979263305664,-4.546113967895508,108.55971652349996
"Two years ago , soldiers of 2 TA met at open days of the army .",2.6,-110.10598754882812,-6.881624221801758,0.8988675786620206
Orthodox Judaism has continued teaching the elaborate separation of menstruation women from contact with the men of her family .,3.05882352941,-111.62284660339355,-5.073765754699707,40.966782634348476
"Fireplace in question , was set to a huge thick wall divided the main room partially .",1.875,-114.89291667938232,-6.38293981552124,6.001216244096952
"Movement, and brave to start a new garden , it is a test that convinced the talent of my own design .",1.41176470588,-132.53266525268555,-5.5221943855285645,14.85679512963813
EEC is prohibited BST further research to complete .,1.8,-80.15398025512695,-8.015398025512695,-2.6281659299869915
"Reliability of young people is low , this deliberate emphasis on the relationship of past hurtful results in the dilemma of housing workers .",2.05882352941,-146.28683376312256,-5.6264166831970215,25.898978881187986
"The law of July 29, 1881 , declared : ' publication , the press is free ' .",2.5625,-102.91688919067383,-5.145844459533691,26.227168871699917
"We can go for either man himself or Dersingham, to be able to see as far as ' I .",2.13333333333,-125.64769077301025,-5.462943077087402,5.199884758220378
Distinction is drawn between the stop and that its an effect and whether the license .,1.38461538462,-97.37676477432251,-5.7280449867248535,5.101303915451339
"Turn them into public gardens , to create the charm of eyesore instead .",2.2,-87.97755002975464,-5.865170001983643,12.74918669628154
"It is believed , Julie , tried to run it, but Elizabeth had broken along the tree-lined street and back .",1.78571428571,-127.26880645751953,-5.3028669357299805,23.941824269236236
"In February , Senator , refused to allow the change of time .",2.26666666667,-77.84611892700195,-5.988162994384766,1.7871471812553352
"The shrugged and smiled , she stared off in the distance.",1.88235294118,-56.357872009277344,-4.696489334106445,16.689848686827176
In survey after Nine school is identified for in-depth study of an LEA 3 Midland .,1.625,-144.91605758666992,-7.245802879333496,-15.426828961995938
"Some of the trees , plants and animals were the creation of mechanical Mirage company .",3.33333333333,-96.63701629638672,-6.03981351852417,11.086300889847578
"Because it is what I think , it is also whether the girls , could , I say to him.",2.125,-102.12489080429077,-4.8630900382995605,17.331685943931433
"Tim husband of Julie in St. Botolph's Church Brampton , crying standing beside the tomb in Northants.",1.84615384615,-134.33479833602905,-5.840643405914307,15.234980274778877
He looked to another from the face a tired one .,1.61111111111,-71.79777574539185,-6.52707052230835,-8.546904726928737
Please invite people closest to you to give you honest feedback of some degree of diplomacy you to show .,2.44444444444,-109.00161743164062,-5.450080871582031,37.81677355464825
We have seen the smile of her golden to her appearance in dozens of fashion glossies and the cover of Tatler .,1.73333333333,-136.96991729736328,-5.707079887390137,14.228756199737973
There is no contract consideration by expert opinion as the principal and seemingly little range .,1.88235294118,-112.6542739868164,-7.040892124176025,1.8048475362103318
"The file specified on the hard disk of the PC, program index , to enable a keyword search almost instantly .",2.23529411765,-118.56155490875244,-5.389161586761475,36.24026958983586
"' Oh , it's not so bad , ' Charles weakly offer .",2.78571428571,-87.6730227470398,-5.844868183135986,7.771726756602902
"As a drop , it has ended the program into a fire chorus ' dirty , dirty ' from the rest of the family of Alf .",1.73333333333,-156.84193181991577,-5.808960437774658,20.328569586110376
John Taylor was the itinerant craftsmen who came from Oxford in 1839 to recast the church bells in Loughborough .,3.875,-117.57407855987549,-4.522079944610596,45.70683001175988
What what are you going to do next about the tweed '? ',2.78571428571,-62.63759136199951,-4.175839424133301,31.301699062243614
"If you suggest that it should be devoted to the item at the meeting separate more time if necessary, and be flexible .",2.0,-126.70298767089844,-5.279291152954102,27.24524425643881
It was published by the company Hotonmi of ) America originally .,2.625,-105.49949741363525,-7.535678386688232,-23.051294952510105
Is that a single agent does not affect the our planet as we are so much as for the sake of truth .,2.125,-118.01425123214722,-5.131054401397705,28.04451836217507
"Results - Romance of British wool - in October , is performed in one store the most prestigious of the world's largest and ( 8-18 ) .",1.625,-180.36449432373047,-6.012149810791016,19.837744956467503
"Why do you feel the pain instead , do you not give himself to the stupidity ?",2.0,-83.7670259475708,-4.927472114562988,27.025893861689596
"Open his heart in front of the camera yesterday TELEVISION presenter Keith Chegwin was recognized as """" is alcohol addiction I """" .",1.4,-168.13399505615234,-6.004785537719727,27.782714864817933
"Their king , is Athaulf, they held a court of Narbonne it and establish themselves in the southwest .",2.0625,-151.05183792114258,-6.293826580047607,-20.995171431803385
"Borrower , to Mr. and Mrs. Couture , there was a £ 225,000 advance to home Silverdale Avenue , in Walton -on- Thames .",1.875,-178.56603336334229,-5.251942157745361,16.85900549893057
Rachel was sitting in the side tension of silence Damian Flint Lim .,1.13333333333,-98.69271469116211,-7.591747283935547,7.102622772746614
The fat couple checkered cooing over moondirt vacation souvenir jewelry and bouncing about like infant with low G.,1.6875,-169.46593523025513,-6.778637409210205,3.1458236593758784
The addition of associative procedure was seen to provide the possibility of kinematic assembly process a true automated in this way the modeler .,1.6875,-155.65139961242676,-5.55897855758667,19.465412219542884
The death toll from a known revolution had been revised downwards substantially allowed to stand at 689 again by the end of January .,2.8125,-124.75216388702393,-4.990086555480957,55.46488896351744
"The transporter is designed to withstand accidents , Govenrment has eliminated the possibility of radioactive leakage until recently .",2.6,-127.50591564178467,-5.7957234382629395,28.689110763917256
She had not been poisoned or strangled or drowned : knew that it had to be a wound to me.,1.73684210526,-96.0325756072998,-4.365117073059082,44.994493129383045
We are committed to equal treatment for men and women in pension firmly .,2.73333333333,-71.98935127258301,-5.142096519470215,27.406868773114752
"The most dangerous poison but swelling while know how pain , bathing is anyone that has been stepped on by mistake in the sea urchin .",1.5,-174.20326614379883,-6.221545219421387,17.18670660234983
Plot of the game for the simple folk of us is very simple fortunately .,1.9375,-90.03729343414307,-6.002486228942871,10.5182091485037
"They report the results to the Board of Directors , led by Chairman of the subsidiary Sir Robert Ford , Marconi , GEC group of ubiquitous .",2.0625,-148.589834690094,-5.1237874031066895,47.26101711092031
"Let us take a look at B, the movement of the result to be non- relativistic .",2.53333333333,-88.44791221618652,-4.21180534362793,31.92009765596309
"Reason for no good , whether business , was not found , after isolating these checks , management reduced the check to a lesser 75 .",1.53333333333,-167.20003938674927,-6.192594051361084,8.20970603249296
The travel cost of 16 weeks of training allowance program .,2.4375,-67.24259519577026,-6.1129631996154785,12.998968786276492
"Let's consider , the different types of cells muscle , skin , gastrointestinal tract , such as nerve like this .",2.16666666667,-118.92696762084961,-5.405771255493164,28.728077187620073
Bridget reported that it was much lower than the course held earlier in Avery Hill course number of Easter .,1.88235294118,-142.00958919525146,-6.454981327056885,8.836113168647927
"Single Room £ 4.00 per night , extra night £ 16.00 per night",3.05555555556,-75.24718189239502,-4.426304817199707,50.23972863142724
You can receive a card club personalized unique that you can claim the air Miles of your shell station you have to participate .,1.66666666667,-158.92220306396484,-6.621758460998535,18.630986424269167
"' The idea is to make it easier , you are trying to get a good picture how they if they feel about their health .",2.94117647059,-111.8654899597168,-4.302518844604492,53.72649085420926
"However , I think I 've had a good time she .",1.6875,-62.1098575592041,-4.777681350708008,12.749935107901138
"Now considering the microphone did not like it was wrong , but she could not help themselves .",1.25,-94.96823215484619,-5.276012897491455,21.10581375141558
"Now , he knew seven years ago Kendall and not go back to Everton noble .",1.61111111111,-114.32264709472656,-7.14516544342041,1.9746603578724802
"It is predicted that this is , to decline to 15% a month .",2.64705882353,-74.34707164764404,-4.9564714431762695,11.503462744701224
"In spite of the net assets of up to £ 4.58億~ 35% Stanhope , the city has impressed the department .",2.26666666667,-185.9474515914917,-6.198248386383057,-29.389637073622964
A little less than rich this river generous because the source had dried up ?,1.93333333333,-105.84224939346313,-7.056149959564209,2.239639016483949
"14GHz band , are often used now to 11GHz each district of 6GHz band in C, to 4GHz.",2.0,-140.39144897460938,-5.849643707275391,11.69688554003585
We can plan it and I will come back again next weekend . ',3.76470588235,-67.80408191680908,-4.843148708343506,27.54848217148198
"These aspects of political choice , but is still less important now than in the past .",1.82352941176,-77.83717155456543,-4.578657150268555,29.05436819298737
She made it look a bit of a fool of anyone else you were looking at before .,1.5,-83.5997428894043,-4.644430160522461,30.072390628348515
That the Conservative Party business vote was not guaranteed yesterday has been shown that group of women last night businessmen and Northeast .,1.8,-155.43724393844604,-6.758141040802002,15.015127562202679
Theory of evolution is a matter of making the inference to the best explanation .,3.69230769231,-70.80074310302734,-4.425046443939209,25.026762864483857
"If so , they did not spend much on a decent script .",3.88235294118,-68.9012360572815,-5.300095081329346,17.182292411790073
"Practice amp Carlsbro Sherwood 90 , acoustic combo , £ 150, of Marshall , £ 45.",1.64705882353,-171.67588138580322,-7.8034491539001465,-6.600932628302047
The strange note What was in the voice of Nick ?,1.82352941176,-67.4514856338501,-6.131953239440918,-0.3323213759302064
Errol and Pam have two children 16 years old and 13 .,3.14285714286,-62.81651782989502,-4.832039833068848,29.366551120143598
"Everyone assumes - - which had been thought that this is ', and will marry her now , would the end of it .",1.38461538462,-135.1604461669922,-5.631685256958008,22.993861774331265
"Learning resource management at the university , human resources manager , joined as a line manager .",2.0,-91.0160641670227,-5.353886127471924,32.104235182446715
"We crawl and ' sometimes he wondered pass of his level 0 , I ' over and out of the village cobbles Papa said .",1.5625,-183.0243158340454,-7.0393967628479,-11.38637473445138
"In Parliament , the cry goes up : I write it ' . '",2.29411764706,-84.89349174499512,-6.063820838928223,7.968395398274325
"In this session , """" one of the participants of the community commented , """" shows that it is the best way to overcome the differences in dialogue ' .",2.25,-143.36674690246582,-4.778891563415527,58.66391209018056
"These involve the creation and distance learning and open copy , more by electrocopying ' customize , ' a pack of material for students .",1.58823529412,-184.0908489227295,-6.574673175811768,-2.363659657805755
It seemed impossible that anyone survive in the middle of the storm of the blade .,2.25,-77.62150573730469,-4.851344108581543,24.25734642319796
"Given the artificial moonlight for three consecutive nights once a month , cycle of them have come to synchronize the rhythm of the moon female .",1.625,-148.65130615234375,-5.3089752197265625,39.226153209395335
"With snow abundant supply , for those who want to get off the slopes , we have a special section in this issue .",2.4375,-113.81206512451172,-4.742169380187988,44.68206733240379
"Generalist administrator called economist , and statistician for the information , is a generalist in the ' on ' it in other words .",1.88235294118,-152.8490538597107,-5.661076068878174,10.345800559409895
"The long enough to know the value of ' my own , frustrating , """" Gina , retorted in a cynical sparkle in his eyes .",1.625,-168.54383087158203,-6.01942253112793,11.851376790828368
"You are afraid , both of you , I do not thing , there is a possibility to discover mom is not dead at all . '",1.73333333333,-120.83166646957397,-4.475246906280518,46.113759201607195
"SORP is an example of the accounting policies that it recommended the same for local government , and comment on .",2.0625,-128.28475618362427,-5.5775980949401855,9.623986399862645
May pose serious health risks for people who eat them in Southern Europe and North Africa bird .,1.94117647059,-91.58182525634766,-5.087879180908203,53.92278023318684
"Months later , pain begins to relax slightly , Lisa was able with the help of Janet and get up to her room itself.",2.11111111111,-136.2577724456787,-5.240683555603027,37.93742641748193
"In such a case , the figure of goodwill can be derived from the average net profit margin , per gallon is multiplied by the daily throughput .",2.4,-127.66189384460449,-4.559353351593018,76.76433820484056
"He also played an attacking innings many genuine all-rounder had a claim , in the order of the lower center to be taken into account .",1.21428571429,-161.34173011779785,-5.762204647064209,20.331380196346743
"It was a trick of the undulating grassland along basin , in Comer guarded nature .",1.6875,-125.17383575439453,-6.588096618652344,-1.8600917512870296
The course offers training in all-round basic communication theory tailored to the context of Africa in particular .,3.4375,-106.58242225646973,-5.329121112823486,28.07762446694295
"Then , at first , he began to prepare the little boy for fate this possible gradually .",1.625,-106.61953353881836,-5.923307418823242,6.344827604387461
"The German I , and stand back you switch on , as brilliant robot impressed , it worked like a dream to do all the hard work .",1.23529411765,-165.86063194274902,-5.923593997955322,15.175177408856854
She is in contact with the hand of Samson blunt nose as she wound round - a bit he - Jess .,1.35294117647,-146.9183702468872,-6.678107738494873,13.010147140782834
I will give you the feeling that there was for the trip of a wonderful 7 days in the Bahamas I have a good deal . ',1.4,-128.31161785125732,-4.75228214263916,41.30324496609501
"The area of maximum , Renault score is comfort and facilities .",1.8125,-98.35525131225586,-8.196270942687988,-15.016009215274408
"The wheel pit before on this site , however , there may have been enlarged to or demolition and rebuilding of either , to take the new wheel .",1.42857142857,-175.8007321357727,-6.062094211578369,15.697691108595762
Sequence proprioceptive acted as part of the external artery along the flank them.,1.70588235294,-103.31707620620728,-6.077475070953369,8.89514003481922
 Everyone helped my mate said: North Harbour coach Brad Meurant.,1.88235294118,-101.86074924468994,-7.275767803192139,10.129968728029652
"Marks and Spencer has leap to the top slot this year , currently , in the second , third shell Glaxo .",2.0,-149.9462127685547,-5.9978485107421875,4.799463871977196
"I produce a small , shallow crater explosive eruption called maars highly gas charged magma derived from the upper mantle .",1.70588235294,-151.73803281784058,-6.597305774688721,37.02285564078204
Risk of changes in the expected rate of return on long-term growth of the economy .,2.875,-75.54043173789978,-3.9758121967315674,27.66876544065785
She stood on the outside of the lift to the front door of the hospital and other visitors .,2.31578947368,-78.5928726196289,-4.136466979980469,32.65642170064373
"Picture was similar , appear with respect to the distribution of total income manual workers women.",1.88888888889,-104.59073543548584,-6.152396202087402,16.666112912100544
Fellow qualification appropriate legal executive lawyers and Laboratories .,1.28571428571,-96.62644386291504,-9.662644386291504,-15.400708938968549
"They also , in order to improve the quality and quantity of provision in health and social services , it is fundamental to the fight against poverty .",2.11764705882,-103.03167724609375,-3.6797027587890625,75.10345050752687
"The such orders , had to to be laid before parliament , was discussed on December 6, 1977 there .",1.53333333333,-110.6515645980835,-5.269122123718262,26.89614142116136
"Yes, """" as if you were talking rival academic , well , I thought Augustine that's simple little idea of him always, ' William , as a hornet , he said .",1.4,-218.4097137451172,-6.066936492919922,19.645098384690385
Origin of the success of the export of Brazil was quite different in a small commercial aircraft and military trainer .,2.4375,-114.29731893539429,-5.442729473114014,31.42504830094765
"I say to my officers , why we ought to care about it .",2.13333333333,-65.98945426940918,-4.713532447814941,20.97446037585675
"The Princess , Mrs. Harry Cottrell was attended by traveling by aircraft in flight of the Queen .",2.5,-124.19533252716064,-5.914063453674316,8.593952961526128
"The EC, does not matter to itself in education policy and public health .",2.4,-81.80967807769775,-5.453978538513184,14.912640161704203
"Expecting to follow them without question , leaders , or direct challenge and all decisions .",1.78571428571,-106.60018920898438,-6.270599365234375,4.447550067381968
Why I understand now paid Macaulay Culkin $ $ 3 million they - he won it .,1.46666666667,-118.33026885986328,-5.916513442993164,29.581274778045696
"Now , we will be in a string format , such as turning it .",2.33333333333,-76.75409317016602,-5.116939544677734,14.812184534785345
"' He was a brother with me too ,' Tundrish replied simply .",2.84210526316,-102.6807861328125,-6.417549133300781,-3.3207161873402953
"The second approach , you can be too is a strategy very productive in the foreign language .",1.88235294118,-108.0770845413208,-6.004282474517822,6.838945878722242
"He is sure that you take a gun , go to the door , cart and horse was tied safely yet .",1.41176470588,-126.86897945404053,-5.7667717933654785,14.523656882382255
"Both of writing paper and envelopes dirt , a lot of things that can be identified only belong to her father fingerprint , and Maureen . '",1.77777777778,-169.3036127090454,-5.838055610656738,19.110743891665095
"How there were more than 1,000 maybe I did not know the trees of many species .",2.0,-86.1112265586853,-4.532169818878174,27.609729703505664
"The deprivation fireplace front sash windows , original wooden floors built of single wardrobe , radiator , power point , a year .",1.46666666667,-168.0106201171875,-7.0004425048828125,13.784289480772145
The result has been destroying a lot of medical advances of the year in front of each dispute .,2.52941176471,-103.42355632781982,-5.443345069885254,20.124800608264167
It had taken less than half a minute of all escape Woil and over.,1.8125,-92.2559814453125,-5.765998840332031,13.136412416926817
"Laughing as it was in belligerent stare her , his light in his eyes .",1.41176470588,-98.25944423675537,-5.458858013153076,-4.30028104917875
"They , it was just a few minutes from the train station , there were many services .",1.375,-70.15720653533936,-3.897622585296631,37.727363594669356
"Perhaps the most important all , three of the greats of all time boxing - Ali , Armstrong and Robinson - was born into a comfortable situation .",2.17647058824,-138.4842677116394,-4.775319576263428,64.0320931894457
"Currently , Halifax Building Society , which put the device of their bomber is a pile of rubble .",1.76470588235,-117.82840824127197,-6.201495170593262,18.355827194610697
You've seen for reconciliation between Marxism and dismantling Michael Ryan .,2.13333333333,-90.7280445098877,-7.560670375823975,10.770409365292892
"There is no other catalogs , such as OXFAM Christmas catalog considerably .",1.75,-107.76578426361084,-6.339163780212402,-4.772384921014492
"The pumped up with ' , as long as there is no more resources , is going for this to happen , """" she said .",1.26666666667,-138.9039888381958,-5.342461109161377,21.715946273666418
It was a way of thinking and behavior .,3.5,-39.747037410736084,-4.416337490081787,9.45499158984395
"Put simply , for a while , she ' Yes, ' was studied each other they .",1.2,-121.7257432937622,-6.7625412940979,-9.696505004946616
Part of the law is arranged in groups of three .,3.5625,-48.426311016082764,-4.4023919105529785,16.742093363617613
"Strangely , international appearance of his only was for the English against Scotland League in 1914 .",1.84615384615,-115.15305233001709,-6.3973917961120605,4.650475893029807
"It's Saturday night , and they may not come .",3.88888888889,-55.76015663146973,-5.06910514831543,6.845953760006147
Discussion information provided by other sites through is kept confidential .,2.05882352941,-61.083781242370605,-5.553071022033691,25.444303593090297
"Somewhere , in the silence between them , the phone was the beginning of the emergency , the ring permanent .",2.17647058824,-119.64574003219604,-5.201988697052002,2.913520196541967
"Number of notifications of instances ( is written both , on the phone ) it was required .",1.71428571429,-111.96245956420898,-6.220136642456055,2.9067587873064866
"(1976 ) again and again as mentioned Montague , the social activities of the war , you must not have a relationship with the internal state of the invasion .",2.0,-171.25567626953125,-5.351739883422852,20.134367699860746
"That , then , is the theory - but how does it work out in practice ?",3.5,-59.74638080596924,-3.514492988586426,42.1717134840565
"But things can only be not from the angle of the people more than the exemption limit , you look different .",1.3125,-127.08263778686523,-5.776483535766602,8.509122508636437
"It is repeated that they hear , what is called a """" democracy of Salvadorean """" is dangerous , women to the right claim .",1.9375,-170.96635007858276,-6.33208703994751,2.7715218291135955
"Chain of travel agents Thomson travel , and airlines ( backward integration ) ( forward integration ) is included .",2.125,-126.5020751953125,-6.325103759765625,34.76721593028873
"As they were intended , you can still see some of the historic home of London .",2.6,-84.72623634338379,-4.983896255493164,21.320098086658447
Table I summarizes the clinical characteristics of these patients .,3.875,-41.952056884765625,-4.1952056884765625,31.947420110676575
"Further information SS Langer , RSC, Burlington House , Piccadilly , London from W1V 0BN.",1.85714285714,-137.27847337722778,-5.491138935089111,4.741604605908577
"Is short Jarisch - Herxheimer reaction to the normal ' Herxheimer ' reaction , I follow the initial dose of the treatment of syphilis in the proportion of cases .",1.88235294118,-207.23121070861816,-5.756422519683838,13.880962243109309
"Ideally if you have a vision in order for people to send them , it supports the work of finance , this is not necessary .",2.05555555556,-124.84820795059204,-4.624007701873779,37.746284037926785
"If you look around the room , old furniture in wear , I noticed that Herbert must be very poor .",2.22222222222,-115.92844104766846,-5.520401954650879,24.74803860377736
"Sitting in the office of the gym in Peel Park , trophy will stay there still .",1.94444444444,-112.59893703460693,-6.255496501922607,8.099811328670143
Homology search of the Swiss Protein database Leeds and were not able to detect a significant similarity to other proteins .,2.76470588235,-119.57847499847412,-5.435385227203369,49.702646106672034
There is a possibility that you have something to do with the murder of angry it ' .,1.78571428571,-80.26082611083984,-4.458934783935547,26.10807998557803
"Generates the stability of the economy grazing , ranchers , say feed the nation by referring to themselves as guardians of the west .",1.4,-156.60477542877197,-6.023260593414307,13.325410544515421
"This man , was buried here in the fourth century .",3.6875,-57.39344644546509,-5.217586040496826,9.943866852693759
"They start the question , they begin to see the dream . '",2.52941176471,-69.93935060501099,-5.379950046539307,10.880655944552856
"I work on the principle of """" ion exchange """" soft water .",2.2,-89.44469404220581,-6.880361080169678,13.598049944895195
Many of them offer a mail order service,3.88235294118,-37.790225982666016,-4.723778247833252,20.090144653591132
"He looked radiant, Athelstan with pride his face .",2.0,-74.5708179473877,-6.214234828948975,-3.7677264628223384
"Responsibility had upset her considerably , although she was used to drive a luxurious Serving By this time first.",1.8125,-145.8706398010254,-6.630483627319336,-3.3334377230542316
'PLO was trying to interfere with the departure of Muslims .,3.57142857143,-70.13056135177612,-5.39465856552124,11.965703417106667
"Old rival ITS similarly priced BEAT, MOTOROLA is , get off the gloves at a price POWERPC WITH fight the Pentium",1.125,-201.52135467529297,-7.19719123840332,-22.657647369238816
"Like many of the assumptions of popular subject matter , this is wrong .",3.5,-69.24266624450684,-4.945904731750488,17.6818363865261
"That charge was political persecution , from his hiding place , Mutalibov told Izvestiya in Russia .",2.42857142857,-122.49952125549316,-5.568160057067871,6.206278988136972
"Market model Commercial Union , explained 25% of the variation of the return .",2.4,-96.1760401725769,-6.411736011505127,2.1520312922315554
"The proposition of me , I will want to assure you , the mutual benefit of our . '",1.46153846154,-97.52071952819824,-5.132669448852539,18.451735798909155
"In the Gospel of John only , he does make an interesting statement and one deep curiosity .",2.17647058824,-100.19501209259033,-5.566389560699463,18.328924435045323
They were back from the work of repair and construction of construction day army base in Omagh .,2.0,-107.3115062713623,-5.647974014282227,15.472977114027827
"All in the hotel everyone is ordered calm in the first world : chocolate swimming pool state-of-the-art , satellite TV , pillow at night .",1.25,-164.3297176361084,-5.300958633422852,23.403338727850866
"Is ... 4 hole , the roof had to be burned off in one area .",1.6875,-87.24524688720703,-5.4528279304504395,20.01379807674489
It seems strange to reach out of economic cooperation to the same country as the friendship that we are threatening mass extinction .,2.06666666667,-126.99137687683105,-5.521364212036133,31.01321823339262
"In the 1960s , the building was transformed successfully rather the gallery for art in the Bohemian Josef Pilar and CuBr of František .",2.0,-188.1858367919922,-5.880807399749756,-5.48419781251917
"However, it her , the other part , cried for mere idea of wife of others .",1.47058823529,-108.1516284942627,-6.008423805236816,0.2912549479641342
"The tapestry of the first of Morris , is located here , design and fabric of his are everywhere .",2.2,-120.25115203857422,-5.465961456298828,4.860209147595754
It is expected or investigation of these problems and are diverse .,1.6,-81.41831016540527,-6.7848591804504395,-4.056435993428764
"COS-B satellite between December 1978 and August 1975 to observe the 2CG342 -02 5 times , cataloging it as the 10th strongest γ -ray source .",2.13333333333,-219.0336513519287,-6.084268093109131,20.690203997121074
"He said ' We sent a rescue team of us as much as possible as quickly as possible , but it was too late we ' .",1.71428571429,-116.36126947402954,-4.309676647186279,59.926162302417396
"But not all , but like a Saturday night really is not . '",1.44444444444,-82.39650535583496,-5.885464668273926,2.981164129627473
"When that failed, he was full of hope for what is not to be missed",3.0,-62.22682571411133,-3.889176607131958,33.83503020074468
"I , on the argument , invited my attention to Section 5 ( 7 ) He also , you need to add that you mention it to me .",1.8,-154.8667802810669,-5.34023380279541,26.637187867721025
"Group I of the bottom , I was delighted at the top of the image , as a mirror image , and you copy it once .",1.5,-124.47103357315063,-4.6100382804870605,32.3968185393737
"From then on , the path to the double helix was obvious .",3.73333333333,-61.69789409637451,-4.406992435455322,20.11813362433827
"Political , economic accounting is related potentially Therefore the benefits of soil conservation program costs and for others in the affected areas directly outside .",1.53333333333,-174.88518953323364,-6.995407581329346,13.435813450686481
"In addition , he Do you agree that it is necessary to reopen the police station in the neighborhood , focus on community policing ?",1.55555555556,-121.37888669967651,-4.8551554679870605,46.74145932801724
"Seal the text , Edward of two weeks later , issued it to all sheriff .",1.46153846154,-116.34486055374146,-6.843815326690674,-10.430215940312962
"Since then , full-length TV shows so many have followed sharply .",1.93333333333,-90.98526668548584,-6.498947620391846,2.4546705146552057
"Questionnaire sent by mail is not returned , the interview will be rejected .",2.42857142857,-79.20812845230103,-5.280541896820068,17.94278507497468
"Twice , I ran into dangerous so close to the edge , eyelids drooping my eyes and dazzled .",1.625,-125.79082441329956,-5.469166278839111,11.38823723481272
"The operation , troops of more than 35,000 will participate from 9 countries at least in the end.",2.4,-102.41287136077881,-4.876803398132324,30.281079154187637
UI does Mase marketing arm of mere USL requirements and body longer .,1.4,-128.7019443511963,-9.19299602508545,-12.48538593617829
"The ' post- report , I'm in the business of Needham ! '",2.11764705882,-97.74971771240234,-6.1093573570251465,-8.191990888177799
"Before describing how to tackle the race course , sailor one quickly , is worth a look at whether to go another more it .",1.53333333333,-157.75998830795288,-6.310399532318115,13.075428030423467
"In the back of something , but they looked to his features as if you want carved from stone stirring gaze .",1.4375,-140.08722019195557,-6.367600917816162,3.7779639166085133
"The topics of both , however , the current situation has changed dramatically compared to 1979 .",2.4375,-89.70606470108032,-5.276827335357666,28.690789707242786
These percentages were not uniform across the country : determining what had been provided by the local cuisine .,2.57142857143,-107.49371004104614,-5.65756368637085,29.21878955790723
"' I can not hear anything , I ' said angry pastor .",1.875,-82.41140413284302,-6.339338779449463,7.450917861199471
We may never know the exact number of the dead ' .,3.46666666667,-46.172003746032715,-3.8476669788360596,29.666071101628475
These were rejected on 17 and 18 April respectively .,3.28571428571,-52.14030742645264,-5.214030742645264,24.702754808066032
"About 20 years , women , art , the association is a synthesis of the work is progressing for the visual arts and women .",1.58823529412,-130.0198197364807,-5.2007927894592285,27.55583855216986
He has not been established less than two charity school twenty- only Pembrokeshire at his own expense .,1.375,-125.12165451049805,-5.213402271270752,13.228975929699345
"You can bend the pipe soil deformation during an earthquake , as if it were a strand of copper wire they .",1.85714285714,-122.04376316070557,-5.30625057220459,40.37314898779266
"The way to achieve this """" new Pentecost """" already , he knew that it was the Council within a few days of his election .",2.23529411765,-141.93072509765625,-5.0689544677734375,36.35530858258983
"In order to follow Jesus as disciples , we mean that you are facing in the opposite of living like him too .",2.06666666667,-127.87919807434082,-5.559965133666992,22.51246807457062
"Ran into turf wheels he gets wet , and shot in the chest and wrinkles whole machine , like an animal , and fell to his knees .",1.69230769231,-162.3108048439026,-5.596924304962158,31.449499174702595
"Jenna is stopped and faced him angrily , but before she can speak , he tilting the face at the hands of strong brown .",1.38888888889,-151.27558422088623,-5.602799415588379,17.364995364265354
"' Look at you , I ' travesties I do not see the Grainne , and said softly .",1.38461538462,-127.03859901428223,-5.774481773376465,-1.893659156276854
"One Beaufighters newly arrived 252 Squadron (T3237) , was wrong for a while Ju88 local flight the next day .",1.47058823529,-181.67378997802734,-6.987453460693359,-14.638461888536796
"After you went to sleep , and fascinated by the night of Scandinavia , Carrington saw the sea for the first two hours .",2.66666666667,-120.90974712371826,-4.650374889373779,35.58076497128033
"Are recorded as cot death originally , there was no hearing at all , we will have a hearing today .",2.11764705882,-109.54691886901855,-4.979405403137207,33.29071247668813
It was a far cry from the court of the golden city on the horizon . ',3.4375,-73.8585033416748,-4.34461784362793,30.75791965053675
"If I threw a glass of water you this in an interview , in the sense that it would be a political act ' politics .",1.4,-127.41692543029785,-4.900650978088379,32.16515888593827
"I said the victim and fumbling , for her smoke again ' now going solo , so ' .",1.13333333333,-136.87487602233887,-6.843743801116943,-7.661331704746885
"Here , there are various applications of 10 for the book ;",2.66666666667,-65.45133018493652,-5.454277515411377,11.073777166278006
"Still deep ' , the old Michael , I should imagine .",2.06666666667,-86.93838500976562,-7.244865417480469,-7.444056518072216
"The main difference between Sections 18 and 20 , is in a failed element , it is a considerable difference .",2.58823529412,-109.859450340271,-5.231402397155762,26.140984144519138
"Ideal for small flat , washer / dryer is as sophisticated as one utility room of the main house .",2.06666666667,-129.01903581619263,-5.609523296356201,22.013842870828
"The lobby is , now that he was a pastor .",1.375,-64.04757595062256,-5.822506904602051,-3.1201015025457295
"Ministers to arrive from Moscow , the deputy chairman of the Council of Boris system Chelmsford Bina , Committee of Government , prohibited evacuation of countryside around Chernobyl .",2.05555555556,-199.505126953125,-5.8677978515625,31.632177831838163
"Depending on the expectations , it was associated with increased volatile weekend .",3.0,-82.21516609191895,-6.324243545532227,10.89441657281131
"The Madonna of Santarem , there is a tradition in our family that is reunited with their owners at all times , do you know it?",1.6,-133.9884181022644,-4.620290279388428,47.314536847542826
"As it's beta version , it is tricky to give a star rating of ClarisWorks .",2.82352941176,-106.23481798171997,-5.591306209564209,16.47715582587621
I was getting a good night's sleep is all she had to .,1.73333333333,-59.35591793060303,-4.239708423614502,20.862975399217618
"Motility and Intraoesophageal pH, were examined 4 days of each treatment period .",2.9375,-103.84722709655762,-5.192361354827881,5.360504141305881
"All credit to the ' Gavin and a little persuasion , I gave the ball to me in the end.",1.44444444444,-104.77247142791748,-4.989165306091309,24.130465782555262
"The first draft of the Prelude , were written in Germany during the winter of up to 9-1798 .",2.05555555556,-107.36421966552734,-4.880191802978516,14.731807110557867
Soldiers are not allowed the tobacco freely anymore .,2.13333333333,-62.44303226470947,-6.244303226470947,10.65562857265023
"In the criminal trial , it is not a court in order to bring out the truth .",2.25,-74.36087608337402,-4.131159782409668,30.214398426463305
"' It is a crime man , Haberi is ' What 's opinion of his voice ? '",1.46666666667,-119.15122985839844,-5.957561492919922,9.708308462310555
"Beatles cut neat Dustin is disturbed somewhat , close-up of a mole has been there in his right shoulder .",1.66666666667,-144.43783330917358,-6.279905796051025,12.152629634467985
"Poetic words ridiculously most of all , shows the weakness of the speaker after the ' headpiece filled with straw ' fact at all, come .",1.52941176471,-188.66176319122314,-6.50557804107666,5.766196935474369
' I cried when the voice of anyone who was called was asked and I thought it was some weirdo : ' It's me ! ',2.0,-113.86040306091309,-4.066442966461182,62.41101234596107
"' I should not be , ' attendant said , but I smiled widely then .",1.92857142857,-96.58084106445312,-6.03630256652832,6.8329782809261275
"Well ' , it is , it is not a bad idea what?",1.46666666667,-71.97725486755371,-5.141232490539551,9.762644751104247
"That there is no need he wrote , the surface is covered , the beauty of the glass is this .",2.0,-99.8878870010376,-4.756566047668457,17.524912291488576
"Finally , cougars types are used in about eight years ago , has passed its maximum , he suggests that Mirage resembles cougars .",1.85714285714,-159.9734468460083,-6.152824878692627,23.655899571855684
"Said I have a good word to me ' , but withdrew his head , """" Brigadier General , and open the door .",1.46666666667,-141.47014617919922,-5.658805847167969,13.55893764491907
"Slogans and ideas of some , has received a brief hearing another in these days of wall motion ' of democracy from 1979 to 1978 of ` .",1.70588235294,-202.18866348266602,-6.739622116088867,3.452592258267572
"The Metropolitan Police Department , photographer , who is damages , was wounded in the spine Wapping dispute was settled in the High Court claim of Anthony Walsh , .",1.35294117647,-189.3411350250244,-6.107778549194336,30.026454810302084
"If you get another couple of Shilling out of it , I did not win them ' me?",1.86666666667,-106.21846199035645,-5.310923099517822,21.160143970337487
' We have a lock-on tail to Tweed already .,2.8,-76.85883522033691,-5.91221809387207,-0.37212551472428856
"Look at the face with a pock mark anxiety young , blonde hair trimming , and worried eyes , he was to be , cold and hard .",1.625,-161.7995309829712,-5.393317699432373,22.001064975543358
I indicated build store not only durability hence .,1.25,-87.03047275543213,-9.670052528381348,-14.618270099159943
", Identify the notes and queries for immediate follow-up to fill the gap .",3.125,-85.23419713973999,-5.0137763023376465,15.422258779309644
And he blows the smoke back in my mouth .,3.35714285714,-48.69417190551758,-4.869417190551758,14.723349225573102
"By another scientist team , genetic spray Dr. Julia Dorin , which had been described as a development very exciting .",1.70588235294,-146.18140745162964,-6.355713367462158,17.893116708810993
"Highway yard old Rigby Road , seemed to provide the ideal site in the connection of the railway .",3.26666666667,-124.44708395004272,-5.926051616668701,11.842340041094559
Jodami found a significant extra gear in the car and end Wild Rushing Jodami and jumped last together .,1.5625,-159.76729202270508,-6.656970500946045,-6.996990458623401
Is it possible to co-exist with reference to the rich poverty of the private sector ?,2.85714285714,-75.3918228149414,-4.188434600830078,34.50723409909445
"Claims to it , from where it retired his , looking at anxiety and some , I do not think No Cadfael .",1.29411764706,-167.17754077911377,-6.429905414581299,-23.88153793399684
"I was told Ardakkeans strong superhumanly, and is invulnerable to the threat of life most .",1.27777777778,-139.03504180908203,-6.319774627685547,-25.029861938101817
She wrote a few words of these to him passionately :,2.86666666667,-61.648181438446045,-5.604380130767822,11.91578083736492
Villagers fight to prevent the sale of common ancient,2.125,-53.486599922180176,-5.348659992218018,18.462966163936287
There are various ways which can be obtained Recovery : -,1.82352941176,-60.330485343933105,-5.484589576721191,22.99592132104422
"With ' road , it 's a long way to go , I just have to walk kilometers across the field beyond the farm .",2.07692307692,-127.16481685638428,-4.890954494476318,37.56992824214191
"It is a fable , such as accurate body consciousness notes from the underground and .",1.46666666667,-112.66188335418701,-6.627169609069824,-4.348119594421064
"With a crew of the movie , we sat in front of Robin rushes us.",1.2,-90.45177459716797,-5.653235912322998,21.511545875391093
Masses of Arab resentment was expected to rise to the leaders of the west side of their parents in the western humiliation of Saddam Hussein .,1.82352941176,-142.8974747657776,-5.29249906539917,44.86522105819461
"Director Neil Cossons, the Science Museum , I'm sure you can restore the old number .",2.47058823529,-111.52712821960449,-5.576356410980225,12.984239425373602
"However , retake exam , students are allowed to count the perfect score usually win an exception because of a missed inspection through such diseases .",1.64285714286,-167.2630853652954,-6.4331955909729,34.85386980033687
It will be a good exercise acoustic string phone to compare the electrical system purely in Part 1 (November 1991 ) .,2.33333333333,-147.2552661895752,-6.402402877807617,28.811588427157233
Role of the state was more pronounced in Berlin of cultures .,2.16666666667,-70.81702423095703,-5.901418685913086,8.202073996548975
TRIP of AID provides lessons in fear and poverty in the Third World students,2.78571428571,-95.65544128417969,-5.9784650802612305,7.758135599277622
"Her anger faded to be , noticed his finger was trembling , she replaced rather than hope and optimistic wild .",1.1875,-154.3507890701294,-7.350037574768066,-4.559392976555131
"In the jargon of quantum mechanics , this choice of action , is called statistics the particles follow .",2.25,-99.92788219451904,-5.25936222076416,30.46199470067944
"It is possible to format or spreadsheet of your manual , to design speedformat routine of your own .",1.64285714286,-127.3454475402832,-6.36727237701416,9.807569847171408
"' Ash , dust dust earth , ashes to the earth ... '",1.8,-87.09275102615356,-6.699442386627197,16.10327390094062
"' It happened that Churchill far without Poor 5 Air School , was not there than from the mine hidden during the Boer War , it ' Clifford recalls .",1.53333333333,-222.7505340576172,-7.1855010986328125,-2.886544591802334
"I , for example , need to buy carpet and wallpaper how much I enjoy working with numbers",1.58823529412,-96.31206607818604,-5.350670337677002,31.143627799685277
"In addition , the test will be easier in the future , but it should be cheaper too .",3.5625,-77.9706563949585,-4.1037187576293945,37.959789080859
"Then , I turned the picture round , and I completed the two sides of the other .",2.5,-80.55543994903564,-4.475302219390869,21.478344922315614
"If so , they can share their knowledge with us?",3.06666666667,-49.30478382110596,-4.482253074645996,22.26296885246994
I cant tin horizontally mixture and tip the mixture prepared tin .,1.26666666667,-113.10705184936523,-9.42558765411377,-6.737109196062789
"However , there is something similar to the sun .",3.55555555556,-46.22243404388428,-4.622243404388428,11.189901319022873
"The U2 last night , the company announced a new video interference attractive of themselves with a grand bash at the planetarium of London ...",1.82352941176,-160.75158834457397,-5.953762531280518,35.03076963750729
But Mr. Leggatt hoped the lack of space for burial does not lead to a restriction in the future .,3.26666666667,-103.46618795394897,-4.49852991104126,35.31449412913068
It shows the prevalence of esophagitis in adult asthma population is clearly higher results.,2.26666666667,-91.69661521911621,-5.094256401062012,30.315901025855666
"For this reason , for which a very successful , it was suitable for the production of plywood in practice.",1.52941176471,-97.97103691101074,-4.453228950500488,30.195172596899823
"However , I would like to have something to point to if they have built you a good road and rail . ",3.25,-108.99800539016724,-4.739043712615967,23.92962428322778
"Do you can give a name to his disciples '? The ' , I asked one journalist .",1.53846153846,-107.1335244178772,-5.638606548309326,15.210149643059907
"Tony Tom Frode , and odd Knut wait for us to arrive.",3.17647058824,-93.47414016723633,-6.231609344482422,10.66828302917908
"It can be tuned to give a crystalline energy , white line shows the electric force of the body",2.55555555556,-99.6823787689209,-4.984118938446045,32.46055257109208
Gift of making a comfortable environment with minimal resources .,2.6875,-63.56536293029785,-5.778669357299805,12.113067933732808
"One of the network in the United States , want a television interview .",2.46666666667,-77.25845050811768,-5.518460750579834,7.926566506732129
"Companies trust medical research , health , youth , environmental protection , employment and , Guinness is offering financial support to organizations who are involved in the arts and education .",2.2,-171.42975521087646,-5.52999210357666,52.2292854970095
"Gang of Muslim extremists believe her story , the result was disastrous .",2.22222222222,-86.04144859313965,-6.145817756652832,13.14851590219223
"The rain turns on the campground their mud , it will fill the water tank of Famagusta .",1.25,-118.14327049255371,-5.370148658752441,10.350230394327497
"Workshops and the second devised , Polytechnic of Napier , was designed to prepare the staff of the University for the validation event .",2.47058823529,-143.36649894714355,-5.120232105255127,24.277752100984117
"Questions can be asked speakers ( see below ) , by the player ( would throw or simply ) or simply have thrown",1.8,-134.52596855163574,-5.848955154418945,31.78653986461319
"And they , I wish them to or we do? X.",1.17647058824,-79.66412115097046,-6.12800931930542,-3.5425288623046924
"Less immediate , but there was a large potential impact of the limiting factor of the second .",2.46666666667,-87.07408332824707,-4.837449073791504,27.03216090539955
"I hope to carry them out , just that there is a responsibility and still seems to me that she is making all the rules it .",2.0625,-129.40601062774658,-4.792815208435059,30.4758097204176
"Nest is complete, the men set off in search of the woman .",2.25,-71.21579647064209,-4.747719764709473,15.334122009749038
"They made it clear that it was the victim of marital rape , them .",1.73333333333,-67.18267679214478,-4.478845119476318,28.063360892907298
"The government , . , Which has plans investments in projects of sustainable development and reforestation , to reverse the process ",2.2,-135.49584674835205,-5.8911237716674805,4.553371366531053
He is not willing to compare the railway of England and France .,3.64705882353,-61.81513166427612,-4.75501012802124,21.966773160688305
"Place the child on his back , and remove debris of any in his mouth with a finger by turning his head .",2.86666666667,-103.031325340271,-4.479622840881348,40.97187437104046
"Strach may be 37 , but who really gives a shit ?",3.8125,-67.6124758720398,-5.2009596824646,25.642109236747586
"In return , the church cut a figure somewhat uncertain .",2.625,-80.36884021759033,-7.306258201599121,-7.985884317841254
"However, the offer is rejected is almost certain it .",1.6,-67.91310596466064,-6.173918724060059,3.0293206768520946
"Smile , Harry put the letter back in the envelope .",2.25,-58.58403968811035,-4.882003307342529,11.969186383233634
"As the top of the night , I would look great on the beach under the jacket or blouse under the considerable work for it .",1.375,-133.2366428375244,-4.934690475463867,25.968147699209595
"They also , please read the representative works of modern Chinese history and tradition , literature , philosophy , religion .",1.61111111111,-110.56187295913696,-5.264851093292236,31.39481707348051
He says his friends want to know all the secrets of his .,2.92307692308,-53.78817319869995,-4.137551784515381,25.62159992388537
"You sophisticated , if you prefer brass finish , it is the cost and good choices Brass Dream fire £ 399 by Valor .",1.5,-186.32612228393555,-7.453044891357422,4.904520209029329
"If you've done it ' , so far , it is a miracle of the maximum has been done since the days of Jesus people exactly . '",1.53333333333,-146.49590158462524,-5.0515828132629395,34.558154215742434
"She was temporarily suspended in order to kick something in the dark , pick it up .",2.125,-86.43579196929932,-5.084458351135254,23.851387790038217
"' I 'm from India back just , ' he announced that important .",1.23529411765,-102.07342386245728,-6.804894924163818,-3.5955451863849675
It's like the discovery place every time an object you different but interested in going back is you .,1.5,-120.48174858093262,-6.024087429046631,7.514289938228174
"While reticent about Ferguson is sociable , McLaren holds a lawyer of his own .",2.0,-107.58653926849365,-6.328619956970215,10.839150729600647
I think she made a last attempt one deacon before departure .,2.0,-83.62596368789673,-6.432766437530518,2.717968155053498
Air Show : famous red arrow is to provide a spectacular finish to the South Air Show .,2.35714285714,-105.48088645935059,-5.860049247741699,27.413711890763494
"Add juice and orange peel and grated , eggs , sugar , cornstarch , and ginger .",2.8125,-89.65011596679688,-4.482505798339844,43.97951466311869
"If there is a referee younger than me , it will prove that someone has the courage true .",2.13333333333,-93.34092283248901,-4.912680149078369,35.14994239042545
Pack : Minimal Packaging Some are designed to reduce waste during manufacture.,2.53846153846,-80.34561395645142,-5.356374263763428,27.73137010378109
"Mannikin ran before jump , of Cranston up and down the capital .",1.30769230769,-115.68484306335449,-6.804990768432617,-24.859231552449927
"You must Matey for potato peeling 'to me , you must be ready for your guests to take the night of surgery . '",1.5,-156.40948677062988,-5.792943954467773,21.246457880588423
It is said to be a candidate for another for DON HOWE take the NEW YEAR INTO U.S. R4 this morning .,1.4375,-157.07201385498047,-5.817481994628906,-4.072806496110218
It is one of the way the Holy Spirit is to evoke a prayer to people of Messiah .,2.1875,-91.63430833816528,-4.8228583335876465,26.87771669120491
The owner of Sega is larger in the department of pants .,2.57142857143,-78.46334838867188,-6.538612365722656,0.12077283785177428
"I want to know her business , I 'm sick just outside hiking and reporters inside .",1.30769230769,-119.25778484344482,-6.62543249130249,6.002767263012416
"Or if , go into her kitchen , and interference .",1.375,-78.82712125778198,-7.166101932525635,-15.075729118408773
"However , in 1976 , local governments in East London , was able to publish the benefits to business of each region .",2.78571428571,-114.38694143295288,-4.9733452796936035,42.04878272294903
"This price and product detailed description , might be what the contents of the complaint , or idea , of new products .",1.78571428571,-138.140775680542,-6.006120681762695,7.446534226370915
"Accounted for 15% for 28.5% of total loans from London in 1991 , Japanese banks other banks , the Bank of America 40.7% in London .",1.88235294118,-162.92608070373535,-4.791943550109863,39.13262193927099
"Before it was due to what they have left , mother of Catherine had come a day home .",2.05555555556,-107.80203676223755,-5.673791408538818,10.215373938989302
And wants to Twickenham meeting with either Hitchin or Kidderminster Carolians in the finals .,1.93333333333,-124.19323968887329,-5.913963794708252,-0.3583427593218289
"And then who was Elsie , what happened to her?",3.3125,-52.79015350341797,-4.399179458618164,16.90525044309453
"Staring at his eyes , look at the curb hunger there , her heart seemed to be reduced then to swell inside of her .",1.66666666667,-138.28007125854492,-5.318464279174805,25.629152563680947
"Happiness of enlightenment and transformation , penetrate to the marrow of the bone very his .",1.53333333333,-116.22466945648193,-6.836745262145996,-9.043972958477184
"- One of the respondents in the control sample , had owned two of the fourth and three characteristics , all three .",2.125,-130.9350700378418,-5.692829132080078,10.171968451733022
"You wonder why - but , I mibbe to be thanks to the MA",1.52941176471,-105.53697967529297,-6.5960612297058105,-8.40694233681927
"This thick , is an important Bernese Alps Special region , skirt reading a book of previous somewhat .",1.06666666667,-161.8880271911621,-8.094401359558105,-19.229206367473324
"Beautiful flowers and dark stripes , fast , strong interior of golden yellow and fragrant , honey , purple tinged with the plain gray on the outside , .",2.4375,-173.0697021484375,-5.408428192138672,39.34045591860681
"There is considerable knowledge of young people about the harmful effects of smoking , people who take or smoke , do not go outside of purely ignorance .",1.66666666667,-134.37646675109863,-4.799159526824951,60.742399347695965
"If they are wise , they , and where they are , do not say they .",1.625,-68.03757238388062,-4.0022101402282715,26.49105339976471
Annual sales of tandem was 24 % increase $ 1.6 billion .,2.0,-83.15915822982788,-5.543943881988525,31.36136710014125
"The Gwyneth Woody , Roihatazuri was muttered about commissioned the old people like garbage when I said was dismantled health services secretly we .",1.17647058824,-236.43250465393066,-7.8810834884643555,-40.84490658117045
Man could you please get off freely without scar was discarded and his wife and children for another woman ?,1.61111111111,-125.28994560241699,-6.26449728012085,20.788659177436926
"Cats Protection League Bazaar , Congress Room , Royal Baths Assembly Rooms , Crescent road .",2.06666666667,-131.43657732009888,-6.917714595794678,7.688558602689312
"I'm worried about the impact on the 600,000 people considered their findings , and are affected by the release of radiation .",2.8,-118.81848573684692,-4.752739429473877,30.377091139597752
"Viol tried to flag down another one , but the driver was ignoring him .",3.66666666667,-69.45659637451172,-4.630439758300781,36.38545184148876
"Macro function of cross- application -oriented graphical programming tools, and application programming interface is also provided .",2.875,-124.46638011932373,-5.926970481872559,39.589814649575004
"Third , uncertainty surrounds the future of the industry now .",3.35294117647,-61.620418548583984,-5.601856231689453,12.021129235853294
"As everyone knew , to raise the Arab army against Turkey on its own , it has not been led by him , ?",1.58823529412,-123.50735092163086,-5.146139621734619,35.295081687986
It is essential for both the holiday schedule and planning of the cooperation plan closest to and from each unit manager and distribution officer .,2.0,-139.9809718132019,-5.599238872528076,32.7452914055944
"There is no sign of learning from '10 that robust criticism , body convincing no evidence , failed ' .",1.26666666667,-134.0510687828064,-6.3833842277526855,16.328348118229627
"The survival time , I was defined as the period between the death and surgery .",2.05882352941,-77.30506134033203,-4.831566333770752,20.189925390716084
"The , 32 Mr. Tadgell, she rented a flat in Australia and Joanna and progresses to waitress at the casino from cleaner .",1.3125,-176.28765296936035,-6.295987606048584,3.942688487994417
"Just eyeing the Thalys to tremble carefully same eve , Daurog to go about their business .",1.5,-150.72463130950928,-7.177363395690918,-19.277181795837834
I asked my friend from Scotland Yard to help .,4.0,-53.18114757537842,-5.318114757537842,18.62308945850127
"The children fell back on either side without noise and glared indignantly about him , Jenks said , and marched along the corridor .",3.1875,-145.45808029174805,-5.594541549682617,29.259188962627235
"Detective your detective story , of course , walking around in search of information .",2.14285714286,-84.1487808227539,-5.259298801422119,15.0056241527178
"So , you are working on a political model of peer group and meaning photography ?",2.46666666667,-95.37400817871094,-5.960875511169434,16.528985559906218
"It is not like the old days people used to live in the city and village , knew or something that great-great- grandpa horse thief .",1.6875,-156.66037559509277,-5.222012519836426,20.55192601906913
"Directives , speech that was reported to be had to the application of election and parliamentary paper is now available .",2.0,-127.65826797485352,-5.802648544311523,8.875538953160259
"About running north-south , with it lying Ryknild Street between also , as is another ; branch north of the road Tiddington",1.66666666667,-178.83498764038086,-6.386963844299316,-16.619025014494866
"That bathroom feel free to ask , ' If you want to use yourself .",1.41176470588,-79.87650632858276,-5.325100421905518,21.614054731409098
"When the Indians went to hunt , or for animals , whether for Indian rival , firepower they were fatal .",1.17647058824,-130.7296643257141,-6.225222110748291,18.3660159249836
One in three women said they is not getting enough respect from men and boss .,2.125,-71.85710144042969,-4.4910688400268555,33.861884506341895
"' After the end of a great team of our ' 86 us for a while , were building a sand castle - is collapse all the time they .",1.13333333333,-180.3127670288086,-6.010425567626953,22.050077347644162
I was raised in order to find that everyone was the Colonel Fagg to this establishment strangely stunned by courtesy amiss .,1.78571428571,-159.70002365112305,-6.654167652130127,6.750088637896027
I recorded eight years ago a double level - one person is showing signs of poor health in six trees of all of Switzerland .,1.16666666667,-149.95652437210083,-5.998260974884033,36.00404500197408
"LEFT: during a session at the Hampshire Lepestone point , decorator Kevin Burton and painter , latch on plaice of 14 ounces 2 pounds of this initial .",1.625,-243.62322807312012,-7.165389060974121,-9.443874626080174
"It is estimated that 65 % of the transaction is spot , rest and are getting forward .",2.1875,-107.59960842132568,-5.977756023406982,19.01569790674567
"Mob as gathered , assistant military attache asked Andrew for pipe performance episode of Reykjavik .",1.6,-141.91168785095215,-7.095584392547607,-1.6109694989794434
This was the need to qualify later call to the bar .,1.47058823529,-75.9756031036377,-6.331300258636475,-2.2285396379125046
"I look out he comes here , for this man ' . '",1.5,-74.20622777938843,-5.708171367645264,6.399083967517058
I think ' I would not have been mischief gon you have a fit .,1.53333333333,-98.7654161453247,-6.5843610763549805,5.526564426813778
He was not able to go through it again everything .,2.35714285714,-54.17575216293335,-4.925068378448486,12.119232336290679
Will you help you find what happened we '? ',1.22222222222,-65.8575611114502,-5.987051010131836,11.85658059291211
To give the skills required to perform ( relating to Rule 4 ) children without difficulty simple mathematical functions,1.82352941176,-121.6281509399414,-6.401481628417969,29.13302003372604
Distinction of equality in use and distribution of social services and equity is essential to discussions on health disparities .,3.26666666667,-104.86284399032593,-4.993468761444092,43.4789135833546
"After you have the tea , I would go to bed me.",1.8125,-64.1807804107666,-4.936983108520508,16.185490548009426
"Malt dispatch purchase of barley , intake , laboratory , dipping , germination , and the kiln was included in the tour comprehensive .",2.0,-179.840106010437,-6.660744667053223,4.57895661963596
"After all , was the only command of the small force he was able to break the system .",2.11764705882,-91.25903797149658,-4.803107261657715,16.703016130232086
"' I did not want to be a superstar , I wanted to be able to play just right .",3.6875,-66.59485340118408,-3.329742670059204,59.18240019104455
"Registration organization of ship Lloyd's Register , the largest , being sued in the United States in the fire ship 159 people died two years ago .",1.8,-158.84944343566895,-5.673194408416748,42.442756981962845
"Not preclude , of course , this is an important social reality is that crime and violence in modern society .",2.21052631579,-107.76258659362793,-5.131551742553711,28.90132942222644
"They are , in a game about Kappa energetic 4-A- side and volleyball net strung between palm trees two .",1.66666666667,-171.00485229492188,-7.125202178955078,-6.263056823441019
"The administrative structure of the partnership with the emphasis of different institutions to coordinate , tend to suppress the unusual in any case .",2.38888888889,-132.32581329345703,-5.513575553894043,25.9344908861151
"While he told me about his childhood , we walked outside Gloucester around solemnly and in the precincts of the cathedral .",3.0,-121.12588119506836,-5.046911716461182,30.63613265459304
"( By UK standards ) reasonable that a few days of writing my plan , dawned it is pointed out that day .",1.5,-155.26709747314453,-6.4694623947143555,6.072874692361552
"Whether has important pathogenic directly as Wegener's granulomatosis , the autoantibodies has not been determined.",1.875,-125.63372993469238,-4.832066535949707,2.707625349637965
"In response TV , press publicity incident spread , urged the civil rights march on August 24, Dungannon years from Coalisland.",1.6875,-189.4352388381958,-7.016119956970215,-6.652920172286571
"Of course , seeds , is much richer in nutrients than the fleshy coating of any .",1.94117647059,-101.33843994140625,-5.629913330078125,18.721593514485832
Angler has been accused contamination for reduction in the number of fish in several sections of the river Severn and Avon .,2.3125,-126.05136632919312,-5.042054653167725,38.854193733859915
"The O- level Robin children , and refused to absolute magnitude , marking time , he refused it and gave way to GCSE within the class of all .",1.30769230769,-204.9033226966858,-6.6097846031188965,-4.4994124740864265
Do you aware of the obstetric interventions change practice rate ?,1.5625,-81.25920867919922,-6.771600723266602,6.283140086079598
"It is a lotion of light , oil-free makeup remover with synergy Ultra Gentle Eye and extract of rose , £ 2,99 / 200 ml soothing properties .",2.06666666667,-214.59781169891357,-6.311700344085693,37.60537764631357
"Physical as well as moral recognition , therefore , Tate and Stewart , was the impermanence of the world degradation of more energy .",1.5,-158.08953189849854,-6.080366611480713,5.893985597817334
This rule will be subject to ( see Chapter 5) number of exceptions .,2.94117647059,-78.23020219802856,-5.215346813201904,23.93190736575312
"Malcolm , have collected an old piece of 10p on behalf of his daughter for a kidney transplant association .",2.35294117647,-125.33031845092773,-5.696832656860352,29.379740495280032
We would like to thank Ken Byron to set up the required journal of many dance and drama education .,2.28571428571,-113.61580848693848,-5.680790424346924,28.173066760905982
I was associated with gastroesophageal reflux undoubtedly cycling .,1.73333333333,-76.67622089385986,-5.47687292098999,2.9943615825951753
"True , the tape of Tom , as opposed to the story of the ghost of bedtime , it is a scientific analysis to this tone .",1.93333333333,-148.7317886352539,-5.311849594116211,15.104472842758412
"As suggested in argument , it would be to swallow the elephant and strain gnats certainly .",1.33333333333,-112.26616287231445,-6.237009048461914,5.479124252081164
"First job that takes a typing course , will have me , I have moved the 50 miles up the road here desperately .",1.5,-146.11532592773438,-6.088138580322266,14.00721315422689
Dr. Banda wave the fly of his moment related whisk .,1.8125,-99.53628969192505,-7.656637668609619,-9.696413313001685
Both were former members leftist extremist Red Army (RAF).,2.5,-70.38008308410645,-5.865006923675537,19.690185319130833
"However , in any case I am grateful for your help """" - change - again her tone """" . '",1.875,-117.14641284942627,-5.578400611877441,45.6063089225226
"Tickets Sergeant 6155 , an extension from 6331 ( telephone 091 567 Gordon Perkin from .",1.5625,-155.05951023101807,-7.383786201477051,-3.766463697815823
"Your joking about Porsche think , I please do not you ?",1.26666666667,-86.20116233825684,-7.183430194854736,2.6045830823243676
They expressed their anger with the pious ballads obscene echo of the story down under .,2.05555555556,-113.78939533233643,-6.693493843078613,6.8065092488521515
"Religion: Christian ( Orthodox Bulgaria ) , Islam is practiced by a small number of large and small Pomak Turkey .",1.94117647059,-131.1262664794922,-5.463594436645508,40.14621178128621
"Doctor , """" do not have here is black dog I said ' .",1.3125,-97.23192501068115,-6.9451375007629395,0.4064676428407381
"Learning skills, manipulative as typing like this takes time .",2.5,-79.63996601104736,-7.239996910095215,6.299681280924986
Located in the wall of the corridor in front door phone joint us.,1.66666666667,-84.82441806793213,-6.058887004852295,12.496070936577013
Mr. Carpenter said: ' all victims were frail and elderly .,3.53846153846,-71.10416412353516,-5.469551086425781,25.62882481545816
"They say a gay you are known , you can believe it , """" the third has been added we ' .",1.6,-134.12230587005615,-6.096468448638916,10.597112346857756
"BALANCED calcium intake , means the health YOU TOMORROW than today",1.625,-120.16518974304199,-7.068540573120117,-28.62497957489471
"The bishop , when he moved into the house 10 years ago , was on the market for 18 months , it had become run down very .",1.64285714286,-127.62735366821289,-4.558119773864746,48.49283506875838
"He said, ' I thought might help the student anti- draft the military camp around when I go to America ' and .",1.65,-148.71782064437866,-5.9487128257751465,18.07021966608849
"Candidates may need to be taken into account when fixing the schedule and people from their own separate other , are as follows .",2.0,-131.44618272781372,-5.257847309112549,32.36436095727217
"Before she realizes , her mouth was to form a word .",2.33333333333,-73.63559532165527,-6.1362996101379395,2.6481417607446076
Water temperature : temperature range ° of normal 72 -76 ° F.,2.66666666667,-87.48359775543213,-6.248828411102295,29.768841199001287
It is a painful start off surface as red mark first .,1.58823529412,-94.32174682617188,-7.860145568847656,-10.593678256729333
"What are we really ' , thinking , are struggling in the time of this point , and we do is about what ? '",1.35714285714,-145.54589986801147,-5.821835994720459,2.3775076242712316
I do not think Chris and band and know each other well at a time .,2.06666666667,-78.03361511230469,-4.877100944519043,23.93875891650289
"The ' Donna , we said that it should call the police .",1.44444444444,-77.1724305152893,-5.936340808868408,2.319449082753536
"It is like to moist alkaline pH of a little more normal , than is found in the ( usually slightly acid ) vagina , moist and airless place .",1.42105263158,-187.9580535888672,-5.8736891746521,24.952008539387492
"Ann Magnuson of Bongwater also carries incense for incandescent , Kim Gordon , is carcinogenic Zippo in full flame .",1.66666666667,-188.275249004364,-6.492249965667725,-6.854745843703313
"Now, she , she noticed that it had two doors to most rooms in the house , that it was looking closely .",1.73333333333,-110.33474349975586,-4.597280979156494,34.113993908428625
"Being conscious that was thirsty at least , Shelley , drank these , and was a long afternoon it both .",1.4375,-150.30611371994019,-7.157433986663818,-15.27898196534818
"But now , they argue the cost of free accounts is too high .",3.35714285714,-66.80233001708984,-4.771595001220703,22.17474152682324
"Pallistar and Bruce is injured , but what happens if you have a ( decent ) cover any of them .",1.70588235294,-125.56436157226562,-5.459320068359375,21.423015803945106
"However , his mother has been arrested , was now to him to be responsible for the revolt in Poitou it .",1.53846153846,-124.20272827148438,-5.175113677978516,13.232735296616198
"However, there are people you know , brilliant punch , is to ride again at some point in the future still .",1.85714285714,-122.50570392608643,-5.3263349533081055,24.440039947905206
"The size of the average household , it has declined from 3.09 in 1961-1987 to 2.55 will continue to ( Table 2.6 ), respectively .",2.125,-146.34843635559082,-4.43480110168457,46.37370067097473
"That dialogue is expressed , form is one that suits the subject and mood of dialogue best .",2.17647058824,-100.70335292816162,-5.594630718231201,21.1856741566246
"She had come to England from Berlin in 1930 , and I had begun her studies at Central School of Arts and Crafts .",2.73333333333,-94.78161931037903,-3.791264772415161,68.84386877942762
That it is one of the women elected prince has its drawbacks .,1.82352941176,-81.8197455406189,-6.293826580047607,5.336616689822236
"At least , Ferdinand , now , she knew what a lot of English that has been said to pen him to feel important .",1.46666666667,-148.34414720535278,-5.933765888214111,8.18136406552324
"As if to remember his manners , he saw the invitation Nicandra he .",1.55555555556,-111.3042140007019,-7.420280933380127,-19.652517435925517
"' Two methods - ask a beginner , ' a trembling voice from outside the door said .",2.6,-113.53910064697266,-6.307727813720703,14.923235521489602
"Outdoors in spring seed to sow , or divide the plant in the spring , allow ( 2 feet ) 60 cm between plants .",1.57142857143,-147.46240234375,-5.671630859375,39.6074684266668
Chapman was impressed with his knowledge of football injury immediately Whitaker had become an expert in his field by 1925 .,2.38461538462,-125.79935073852539,-5.241639614105225,40.356104625143274
"Dexter , speculation had begun to share the same nagging feeling of depression since the end of the interview with Parkin , she had tormented him .",1.82352941176,-144.69625520706177,-4.66762113571167,50.52509837213424
"We still have the house of the widow , and Lincolnshire is lovely in May. '",3.2,-91.1977071762085,-5.066539287567139,17.510241248175035
My first real friend was probably a boy named Adam .,4.0,-47.00900316238403,-4.273545742034912,32.58256487628583
He wore denim overalls and with a bucket and a brush.,2.46666666667,-63.020591259002686,-4.847737789154053,22.827743673729145
In the following year he had custody of the castle of Rochester.,3.8125,-62.54884386062622,-4.8114495277404785,19.56074539914806
Booking is essential for a bike ride Wirral Country Park on Sunday when the leader will be Cheshire ranger Barry Jackson.,2.25,-139.79272270202637,-5.376643180847168,54.20749290670045
This expression is known as the fundamental theorem of Riemannian geometry .,3.58823529412,-54.53141212463379,-3.635427474975586,34.226630018674825
"Greg Hocking was one of those rare people who drift into teaching and found , to his surprise , absolutely made for the job.",2.52941176471,-124.99755096435547,-4.807598114013672,47.64149291264488
In the exercise of functions to a new minister will be responsible for many of the departmental policies .,2.05882352941,-98.01921844482422,-4.900960922241211,24.31229690999649
"When Rhun in kindness gave an arm to lift your knees , still hung heavily , desperately clinging to his humility.",1.8125,-149.9045820236206,-6.517590522766113,19.28417180599726
The figure shows how the A- measure per unit area varies with reading the radiometer .,2.86666666667,-102.67979335784912,-5.704432964324951,23.229463318793762
In some pubs serve beer handpumps fake gas .,1.8125,-93.1021614074707,-8.46383285522461,-10.33523453450772
"Indeed , complaints are often many control requirements are of TEC .",1.9375,-94.669930934906,-7.282302379608154,-4.54844266060023
"Preliminary work began last September, following the appointment of two field officers who are employed full time on the project.",3.93333333333,-87.94222640991211,-3.664259433746338,70.0815650190186
"This is , of course , only a trend , and the removal of the largest local police , central police can reduce this effect.",2.8125,-126.56963729858398,-4.868062973022461,33.67637771244932
Tod has other dream that is a woman.,1.5625,-60.01396179199219,-6.001396179199219,3.8924602898373806
Valuable coaching can often come from the theater school tutors who can give a fair assessment of the possibilities you may have before the audition .,3.30769230769,-133.8831844329834,-4.7815423011779785,60.73200691521521
"Because simulated annealing is a stochastic algorithm , different runs of probeorder not necessarily produce the same output probe order .",1.8125,-134.7434597015381,-5.182440757751465,42.432153934087154
"Although the music was lively , moving arms only .",1.64285714286,-70.2475643157959,-7.02475643157959,-2.504641740828717
"But the report also blasts authority bosses for not controlling the activities of the 58-year- old Mr. Watney , who retired early last year.",3.71428571429,-136.56901359558105,-4.552300453186035,54.04910763903362
"Some, of course , respond personally ( had included shipping) .",2.22222222222,-84.73635721206665,-6.518181324005127,2.4461801121947104
Four of these areas large or larger than our moon.,2.21428571429,-58.912437915802,-5.355676174163818,18.326831163274235
The cafe itself is so full of smoke that I feel out on a bench .,2.4,-79.9110336303711,-4.994439601898193,23.839165274539425
The surface need not be perfectly flat or even .,3.53846153846,-45.92430114746094,-4.592430114746094,20.737095499152957
"Since this work has been done , the draft schedule can be examined in closer detail - and probably torn .",3.3125,-104.37602376937866,-4.970286846160889,45.67895225294362
"There are 5,733 empty housing , nearly 2,000 of which have been empty for over a year.",3.22222222222,-81.21411085128784,-3.6915504932403564,49.40216765043917
Heath ( 3.3 ) summarizes a tradition influential and long tradition in the study of class differences in education.,2.5,-115.69109058380127,-5.030047416687012,36.89793350137384
This phase is believed to have been controlled by reactions between salt solutions associated with sediments and Permian volcanic rocks and underlying Devonian rocks .,3.2,-134.16207361221313,-4.626278400421143,77.54946221052279
And its price - the price can be extremely useful .,2.69230769231,-57.330488204956055,-5.211862564086914,18.875394538368695
"There was significant improvement in the care of the miners in the clinic Mansfield , however , as this was much closer to their homes .",3.23529411765,-127.95103883743286,-4.738927364349365,41.03086532157508
Gere and Basinger star in the erotic thriller Final Analysis that Warner Home Video is released in the October 18 video libraries .,2.26666666667,-151.33221626281738,-5.820469856262207,53.03982746602043
I get my disappointment and sympathy at the same time.,3.0,-44.85864591598511,-4.07805871963501,28.73340731929582
The horse took off like an arrow from a bow. ',3.94117647059,-48.307044982910156,-4.02558708190918,33.90066988594003
The British Horse Society is anxious to find out why a third of them should have occurred just this year.,3.29411764706,-95.72788524627686,-4.558470726013184,47.732900547044125
"Made with Pertex fabrics and filling Quallofil 7 , Kompakt Lite weight only 1.2 kg and, stuff sack , reduced to 7l .",1.92307692308,-217.62179279327393,-6.400640964508057,-2.0691535972825363
"In exceptional circumstances , the Head of Department waived the withdrawal clause if there is a reasonable explanation for the lack of notification.",2.83333333333,-101.42578125,-4.22607421875,64.50604946622792
The strategy has been so successful in the field of science and technology encountered serious problems when applied to complex social systems .,2.38888888889,-98.83410215377808,-4.297134876251221,63.099508576159025
Small specimens are sometimes confused with Synodontis petricolor .,3.5625,-70.57329082489014,-5.04094934463501,8.114099134228965
"They called out in the very early stage and it was hot , very hot .",3.23529411765,-74.46543884277344,-4.65408992767334,22.434283748702555
"Your muscles , though not as tight as those of a young man swelled with the effort.",2.70588235294,-79.1454906463623,-4.165552139282227,40.33699406284913
"The review copy is a solid black , but the basic model is oiled .",3.375,-91.67576599121094,-5.729735374450684,9.788766258928916
Loving a man who was like a louse .,3.17647058824,-53.730502128601074,-4.884591102600098,6.234035268427164
This fundamental movement can not take place except in a liquid medium .,3.66666666667,-66.77013444900513,-5.13616418838501,25.8593397274484
Upper Stowe Stowe was once called Butter London because the company collects butter here .,2.93333333333,-113.10400772094727,-6.28355598449707,19.34347089194253
Induction of adhesion in certain subsets of T cells by specific cytokines would make the process more flexible lymphocyte recruitment and selectively.,2.625,-140.17729377746582,-5.006331920623779,51.346824044901695
 If I had been in your place I would have walked right over it. ',3.75,-52.373844146728516,-3.2733652591705322,51.59069698691138
He closed his eyes and saw the movement of his chest had stopped.,3.4375,-47.96887826919556,-3.4263484477996826,39.69120967922488
A friend to everyone who knew ... much loved and missed .,2.64285714286,-70.39310073852539,-5.866091728210449,17.719102985287776
"- But he missed - walls were built on it , the paper had disintegrated. '",1.58823529412,-100.6146297454834,-5.5897016525268555,15.284627263165817
" He's going to buy a new typewriter, that old thing practice makes a noise like the trumpet of a candyman .",2.0,-126.06908082962036,-5.0427632331848145,28.42439113512819
It is among the qualifiers for the Lancome Trophy in Paris .,3.6,-70.81916427612305,-5.447628021240234,15.786871486699425
" Robe for you ? - Protest amazed Laura replied ,"""" I would make time .",1.58823529412,-134.00932025909424,-7.882901191711426,-11.556779405144198
The maximum length prior to combustion boilers 10.5kW and 18kW output was three meters.,3.33333333333,-114.44953155517578,-5.202251434326172,13.835191950234986
"Getting up slowly like an automaton , went to the counter and picked up the receiver .",2.38888888889,-81.7364616394043,-4.540914535522461,32.88751492673461
"They were like cogs working together, fitting into place when and where they were needed .",3.75,-76.19111251831055,-4.232839584350586,44.429034871260555
We're supposed to call the Lowfields or continue as before ' The Stand New East '?,2.13333333333,-125.05853939056396,-6.582028388977051,0.6794231959718786
"Supplement per person per night £ 135 for the first night , 105 EUR for each additional night (minimum 2 people).",2.6875,-110.88042497634888,-4.820888042449951,77.83571286215218
"You must obtain a certificate of posting , which is available for free at the counter.",3.84615384615,-68.102454662323,-4.006026744842529,46.21474549174512
"Second, retained 25 percent of the funds out of the system capitation formula for discretionary allocations .",3.0,-106.80632591247559,-5.62138557434082,32.33645574439379
The modernization and industrialization of the nineteenth century Britain changed the map population.,3.33333333333,-77.05587387084961,-5.137058258056641,27.035306784085023
"Pallister 's rivals are: Steve Bruce (Manchester United) , Stuart Pearce (Nottingham Forest, Paul McGrath (Aston Villa) , Gary Lineker ( Spurs ) , Ray Houghton (Liverpool ) .",3.52941176471,-164.66705417633057,-3.503554344177246,156.1471192032098
This shows that the company has learned nothing from this lesson.,3.77777777778,-45.07172870635986,-3.7559773921966553,34.63673345447022
"Here we have an uninterrupted view of the prospect , and what a glorious prospect is , stretching far away for miles on each side.",2.82352941176,-110.74582290649414,-4.259454727172852,67.17932036847861
"Left Debenhams wool jumper , 24.99 pounds ; chambray cotton shirt , € 15.99 , loop, 7.99 pounds ; Mill ropes washed, € 29.99 , Gibson casual shoes , £ 34.99.",2.52941176471,-234.09268856048584,-4.681853771209717,87.34812332858388
Orthodox Judaism still teaches a separation developed the menstruating woman from contact with the men in her family.,2.22222222222,-104.74397277832031,-4.9878082275390625,42.12795641120121
A recent survey revealed architectural issues in the 60 years of age in the Treatment Church Road.,3.1875,-114.47541904449463,-6.359745502471924,17.60977827505826
The fireplace in question was put in a huge wall that divides part of the main room.,3.53333333333,-79.39607334136963,-4.410892963409424,41.53746503088014
She Burrows was another example of dedicated service.,2.46666666667,-54.84245777130127,-5.484245777130127,12.319885558680156
"It is an act of courage to start over in a garden , and proof of insurance for own design capabilities .",1.76470588235,-116.05772304534912,-5.275351047515869,28.016566132967682
This deliberate emphasis unreliable and hurtful past relationships of young people raises a dilemma for residential workers .,2.46666666667,-126.02407169342041,-6.632845878601074,22.432483741514062
"The law of July 29, 1881 stated, """" the publication and a free press .",2.58823529412,-89.74143505096436,-4.985635280609131,29.880654469364032
From what I can see we can go to Dersingham or the man himself.,3.35714285714,-79.5956563949585,-4.682097434997559,18.03091107953003
Turn them into public gardens and create an attractive place of an eyesore .,3.05263157895,-76.85075283050537,-5.123383522033691,27.9489521004393
Mr. Hawke last week reiterated its support for the recruitment of new airline pilots abroad and rehire their former drivers in individual contracts .,2.6875,-131.36364555358887,-4.865320205688477,74.12940802832244
"Julie , it is believed , tried to run for it , back along the wooded path Elizabeth was broken.",2.07692307692,-130.54008436203003,-5.675655841827393,12.225218076318441
"In February, the council refused to allow a variation of hours .",3.5625,-66.38637399673462,-5.106644153594971,17.89528543740238
"Nine schools from three Midlands LEA, will be identified by in-depth study , following a questionnaire survey .",3.0,-122.12203407287598,-5.55100154876709,26.078842264818803
"It's when you see the pretense of neutrality , as it should be , as a farce that damage to the judicial system.",2.33333333333,-107.84021329879761,-3.994081974029541,48.97844298539806
"Some of the trees , vegetation and animals were mechanical creations of Mirage Enterprises.",3.73333333333,-86.01261377334595,-5.7341742515563965,26.016480561244165
"I say that because that's what I think, although it could be that even she .",2.0625,-69.4352502822876,-3.857513904571533,34.49918232886262
"Julie husband Tim was crying at the tomb of St. Botolph in Church Brampton , Northants .",2.26666666667,-120.50564956665039,-5.477529525756836,19.801590487893833
"They are scripts for NCR System 3000 , Sun , HP and IBM host DECstation .",3.4,-129.75713539123535,-7.2087297439575195,6.578764962885714
Invite the person closest to you to give you an honest opinion on the degree of diplomacy you exhibit .,3.23529411765,-88.92521953582764,-4.23453426361084,52.273967648398894
We have seen your golden smile on the cover of Tatler and figure in dozens of trendy fashion magazines .,3.36363636364,-103.41572141647339,-4.924558162689209,47.76812699094651
There is little room and apparently without regard to a contract by the appraiser as principal.,2.05555555556,-99.95472049713135,-5.553040027618408,14.455645476994121
The rates specified in the program files on the hard disk of the PC to allow almost instantaneous search keywords.,2.375,-107.50832176208496,-5.119443893432617,46.29053994070304
"And the show ended as it dropped into the fire of a chorus from the rest of the family of """" unclean, unclean ' Alf .",2.05263157895,-152.82773160934448,-5.269921779632568,28.46785873902786
John Taylor was an itinerant craftsman who came to Oxford in 1839 to recast the bells of the church in Loughborough.,3.75,-105.0013952255249,-3.7500498294830322,63.32600091308649
"Be flexible , if necessary suggest more time is devoted to a topic in a separate meeting .",3.22222222222,-97.49907875061035,-5.4166154861450195,24.0730747725797
It was originally published by the American company Houghton Mifflin ) .,3.6875,-64.25333404541016,-4.015833377838135,27.353335320808668
For the truth is that no single agent affects our planet as much as we do.,3.72727272727,-61.94184422492981,-3.6436378955841064,55.354622061497665
"Those days are gone , thanks to our measurements.",3.64705882353,-54.60596561431885,-5.460596561431885,13.132242191297394
Glass exploded and destroyed everything around as the wind and rain storm broke down the hall toward them.,3.125,-84.73170185089111,-4.459563255310059,59.5952518191834
"Lay participation in service management fell , instead , community health councils were created to represent the public.",3.06666666667,-112.60428524017334,-5.926541328430176,30.471584884149678
The result - The Romance of British wool - will take place in one of the largest and most prestigious stores in the world in October ( 8-18) .,3.4375,-141.07003784179688,-4.408438682556152,63.290148274056264
"Why not surrender to the stupidity of it, instead of feeling anxiety ?",3.6,-69.82926845550537,-4.987804889678955,26.96249458612536
"TV presenter Keith Chegwin opened his heart before the cameras yesterday and admitted """"I am an alcoholic.",3.9375,-107.00158452987671,-5.095313549041748,53.14329233461447
"They settled in the south -west , and its king , Ataúlfo , held court in Narbonne .",2.94117647059,-134.24010276794434,-5.369604110717773,-9.277453507724005
"Borrowers , Mr. and Mrs. Clothier , had a € 225,000 advance on his home in Silverdale Avenue, Walton -on -Thames .",3.26666666667,-167.25568056106567,-4.778733730316162,25.122363056375832
"Couple of fat in holiday plaids , bouncing on the children and the low g cooing over moondirt souvenir jewelry .",1.33333333333,-189.1353302001953,-6.754833221435547,-15.932915647548697
The Presidential Council initially appeared designed to replace the CPSU Central Committee Politburo as the main headquarters in the Soviet Union political decision.,3.2,-138.8101100921631,-5.141115188598633,53.22673035703869
The affection . Knight said the proposal was half .,1.7,-75.68250179290771,-7.5682501792907715,-10.632320503960102
Adding an associative this procedure modeler is seen to provide the possibility of mounting a process kinematics truly automated .,1.94117647059,-141.23482131958008,-5.88478422164917,25.075605351049518
"The conveyors are designed to withstand accidents , and until recently the Govenrment ruled out any possibility of a radioactive leak .",3.625,-128.18670272827148,-4.930257797241211,43.162317122916704
I knew I had to have a wound : she had not drowned or strangled or poisoned.,2.0,-88.84778928756714,-4.676199436187744,31.097876197598126
"Now , only half of the company's revenue comes from mainframes : the new strategy means selling smaller machines , operating software based on industry standard """"open"""" .",3.0,-167.3554229736328,-5.229856967926025,56.799705359465634
We are firmly committed to equal treatment of men and women in pensions.,3.6875,-49.03541135787964,-3.5025293827056885,47.175049836111356
"He will report to a board headed by Sir Robert Telford , president of Marconi , a subsidiary of GEC omnipresent.",3.41176470588,-113.39143180847168,-4.361208915710449,50.22994516354501
Take the movement A and B nonrelativistic so .,1.69230769231,-74.26408815383911,-5.712622165679932,-14.601998093438496
A training allowance and travel expenses for the 16 -week program.,3.4,-67.01734590530396,-5.15518045425415,26.63849371488017
"Note the different cell types , such as muscle , skin, gut, and nerve .",3.6,-79.72215414047241,-4.689538478851318,32.955803657320544
Bridget reported that the number for the Easter course were much lower than in the previous courses held in Avery Hill .,3.0,-124.29979705810547,-5.1791582107543945,37.06968208328951
"Single room £ 4.00 per night , extra night £ 16.00 per night",3.125,-69.34415912628174,-4.079068183898926,56.14275139754052
"( 13 ) , who were also unable to detect an P3A + α subunit transcription in muscle of chicken, beef or mouse , the mouse thymus torpedo electric organ .",1.61538461538,-199.16378021240234,-5.382804870605469,73.70277772542607
 Because the area around Cullbridge is rich in rare species.,3.64705882353,-59.89181900024414,-4.990984916687012,22.69635209694694
In a late spring cold can be difficult to graze outside the rye in time to work up a good farm for beets.,1.5,-139.0068655014038,-5.3464179039001465,27.385437954038167
"Dogs Today thoroughly enjoyed and try to convey all the right things to do to our scallywag present , Monty , but not impressed .",1.66666666667,-166.16437911987305,-5.538812637329102,13.62482522611515
"In the 1880s Neanderthal remains were found more alike , and many paleontologists began to argue that comprise a distinct species intermediate between apes and humans.",2.14285714286,-134.36027097702026,-4.334202289581299,79.60276310815709
You will receive a personalized card with the distinctive club that can claim that Air Miles at participating Shell stations .,2.5625,-124.69103479385376,-5.937668323516846,38.297982254979615
 The idea is to make it easy and try to get a good picture of how they feel about their own health.,3.6875,-69.9060652256012,-3.0393941402435303,75.08538981428734
"In almost all investigations of any size , a researcher may be occupied full time taking depositions during the first days after the accident.",3.21428571429,-124.89068222045898,-4.803487777709961,53.052040427540504
"She had days off to Hickstead and his mother sent a note to say , ' Deirdre has its attack bilius and not entered .",1.375,-185.5578088760376,-6.18526029586792,-7.626708707601068
But I think I had a good time .,3.75,-30.6855525970459,-3.409505844116211,19.63546752462109
"Thinking now Mike was bad, it was disgusting, but I could not help it.",2.72222222222,-77.44763946533203,-4.302646636962891,33.27037221261723
"At this time, Kendall is not new to the aristocratic Everton met seven years ago.",2.3125,-91.6201057434082,-5.090005874633789,35.43837599970978
"Australia would be happy if the agreement led to the reopening of the Panguna copper mine , one of the largest in the world .",3.8,-95.15506839752197,-3.398395299911499,70.31963800450038
Is expected to drop to 15 % in April.,3.28571428571,-40.065741539001465,-4.0065741539001465,31.986015878581412
"Although net assets up 35 % to £ 458 million in Stanhope , the city is not impressed with the sector.",3.0,-127.31055450439453,-5.3046064376831055,48.77126429924968
Because a source less abundant and less generous than this river had dried ?,2.3125,-90.21514892578125,-6.443939208984375,15.674083554817898
"C and Ku bands , 4 GHz to 6 GHz and 11 GHz to 14 GHz , respectively, are widely used .",3.3125,-99.74962663650513,-4.336940288543701,88.78862197528426
I'm going back again next weekend and I can plan it. ',3.71428571429,-60.96367835998535,-4.354548454284668,35.649196003496755
"These aspects of political choice are still important, but less now than in the past.",3.5625,-55.82529926300049,-3.283841133117676,56.33866490554381
She did look a little foolish in front of anyone else who was watching .,3.4375,-58.65822672843933,-3.910548448562622,41.599804254988626
A group of businessmen and women from the northeast last night indicates that the business vote Tory not said yesterday .,1.625,-130.59723472595215,-6.218915939331055,17.86721433091023
Evolutionary theorizing is a matter of making inferences to the best explanation .,3.33333333333,-68.54818391799927,-4.032246112823486,28.305585183140252
"If so , they had not spent so much on a decent script .",3.4,-71.70162773132324,-5.12154483795166,18.216773164592325
"Carlsbro Sherwood 90 , acoustic combo , 150 pounds , Marshall practice amp, 45 pounds.",2.25,-144.97859001159668,-7.248929500579834,12.536072576082375
What was this strange note in the voice of Nick ?,2.66666666667,-53.38045787811279,-4.852768898010254,16.35289499319228
"Pam and Errol have two children , aged 13 and 16 years of age.",3.64285714286,-70.77917289733887,-4.163480758666992,42.475581309692515
How about learning to change things for the better and not just learn to adapt to the way things are now ?,3.52941176471,-74.7409987449646,-3.397318124771118,67.61819994407062
"It was thought - everyone assumes - would marry her once, and that would be the end of it .",2.1875,-86.54805564880371,-4.121335983276367,48.40659750528681
"We offer services that are in the world , fully integrated and comprehensive .",3.13333333333,-67.17060279846191,-4.797900199890137,25.704390323890124
The chief of staff resources management studied in college and joined the company as a line manager .,3.29411764706,-89.43123435974121,-4.968401908874512,32.847653115560504
"The remedy for static quality primary rules scheme is the introduction of what we call """"rules of change.",2.6,-126.62201881408691,-6.331100940704346,16.924930586826804
Much now depends on how active a role the U.S. prepares to play Israel chivvy along to meet the Egyptian proposals .,2.46666666667,-147.1322536468506,-5.449342727661133,27.481930409453383
"Sometimes I wonder how it happened levels 0, ' Dad said we crawled over the cobblestones and outside the village.",2.13333333333,-128.99717330932617,-5.374882221221924,33.3963710892146
"In the Houses of Parliament , raised the cry : """" Burn it down . '",2.4,-87.5029296875,-5.46893310546875,23.78246143909344
"These involve much more open and distance education and creating copy and electrocopying , specific research , material packages for students.",1.9375,-166.05693101882935,-6.642277240753174,0.9177387568882125
It seemed impossible that anyone could survive the storm of blades.,3.64705882353,-52.177825927734375,-4.348152160644531,32.31069673033933
"When women were given the artificial moon for three consecutive nights once a month , their cycles became synchronized with the lunar rhythm .",3.17647058824,-107.89498901367188,-4.495624542236328,78.60038978216946
"True, it was driven by the same mercenaries devoutly ambitions of some of his colleagues and sought artistic satisfaction whenever possible .",1.875,-131.02890014648438,-5.459537506103516,41.2268967698939
With snow in abundance we have a special section in this issue for those of you who want to leave the track.,3.05882352941,-92.68887519836426,-4.029951095581055,54.71377727810756
"In other words, the general manager calls for economists , statisticians , etc. information , but it is the generalist who is 'visible' .",3.0625,-132.1768569946289,-4.405895233154297,40.52435526962998
"You fear , the two , that I could discover mom is not dead at all, is not it ? '",1.46666666667,-117.88474464416504,-5.358397483825684,20.063619957713627
The SORP recommends the same to the local authorities and gives examples of accounting policies to be commented on .,3.4,-109.93955421447754,-4.997252464294434,33.147356320682746
"Having decided to be back racing with the tide, began a desperate race cumbersome along the edge of the tray to the breakwater.",1.8,-144.81964492797852,-5.569986343383789,25.817278668096122
The birds could pose a serious risk to the health of people who eat in North Africa and southern Europe.,3.25,-73.7912449836731,-3.513868808746338,75.80686365903449
"After a month , the pain began to subside a little and Lisa was able to get up to your room with the help of Janet .",3.26666666667,-100.24061870574951,-3.580022096633911,74.94830342267832
"Figure goodwill in such cases can be derived from the average net profit margin per gallon , times the daily performance .",1.875,-115.18039894104004,-5.235472679138184,58.13913763148028
"He also had pretensions to be considered a true all-rounder , having played many episodes of attack in the lower middle order .",2.9375,-124.88457012176514,-4.803252696990967,40.20045383477108
"It was a natural basin protected , a trick of rolling meadows along the corner.",2.4,-104.61307621002197,-6.15371036529541,10.587364112324764
"The basic course provides training particularly in communication theory , especially geared to the African context .",3.29411764706,-101.60910940170288,-5.977006435394287,25.231286459121222
"Then , slowly at first, began to prepare the child for the possible fate .",2.22222222222,-78.18026733398438,-4.886266708374023,22.985429965818142
"My German worked like a dream, like a robot bright lights and stand back and admire as it does all the hard work .",1.5625,-129.25143241882324,-5.17005729675293,45.77530187565819
Jess - blunt nose contact while Samson 's hand curled around - bit him.,1.78571428571,-109.68875122070312,-6.855546951293945,33.7151756080234
"It is excellent for skiing and jumping movements sides can be used , the calves are well drawn and also develop posture, balance and coordination.",2.06666666667,-146.1455569267273,-5.4127984046936035,49.79532681754253
Along its sides are matrices of proprioceptors in part act as external arteries .,2.29411764706,-110.6021375656128,-6.1445631980896,-0.3241997455884018
"North Harbour coach Brad Meurant said : """"Everyone helped his teammates.",3.1875,-95.83225965499878,-6.388817310333252,20.8590997754214
"This year , Marks and Spencer has jumped to the top slot , Shell is now the second and third Glaxo .",2.73333333333,-126.38591766357422,-5.266079902648926,25.124775643471622
"Highly explosive eruptions of gas charged magma from the upper mantle produce small, shallow craters called maars .",3.5,-116.43230438232422,-4.851346015930176,58.73801606592008
Risk of changes in the expected rate of long-term growth of the economy.,3.2,-59.35559558868408,-3.4915056228637695,30.6165853011821
He stood outside the elevators at the main entrance of the hospital with other visitors .,3.72222222222,-70.971444606781,-4.174790859222412,35.92021072990711
The picture is similar in relation to the gross income distribution among manual workers .,3.5,-73.04666519165039,-4.869777679443359,34.18976654496218
Lawyers and suitably qualified Fellows of the Institute of Legal Executives .,3.0,-86.22404909133911,-5.07200288772583,8.892400499184816
"They are also essential to improve the quality and quantity of the provision of health and social services , and the fight against poverty.",3.5,-80.25620579719543,-3.2102482318878174,80.27117029778972
The origins of the export success of Brazilian military instructors and small civil aircraft were very different.,3.26666666667,-97.42758178710938,-5.4126434326171875,42.47462556889002
"In my officers , that says why should we bother .",1.66666666667,-70.77463483810425,-6.434057712554932,1.556492899844443
In the last two years of the war orbiting visit each station and fleet in my endless search for Pathfinder .,1.69230769231,-117.80237245559692,-5.6096367835998535,32.56377863469214
The EC does not address education policy or national health .,3.88235294118,-63.74971103668213,-5.795428276062012,20.19839981389721
"The leader makes all the decisions and instructions issues , waiting to be obeyed without question.",2.66666666667,-95.49521541595459,-5.3052897453308105,24.137247925716494
"Our research researchers ventured into central London to see if the main street shops are dog-friendly and if not, why not ?",2.9375,-113.07841539382935,-4.523136615753174,64.42313262511087
Is this type of string formats that we now turn .,2.07692307692,-72.67515230178833,-6.606832027435303,4.192197321020998
"He's been with me too , Brother - Tundrish answered simply .",3.17647058824,-101.59403085708618,-6.772935390472412,-10.370503531118572
"Of the 18 patients who were alive at short term follow up (mean (range) 19.4 ( 10-33 ) months ), 14 were still alive in 1992 ( 69 ( 61-83 ) months).",3.625,-163.54810237884521,-3.8940024375915527,125.00966328079267
The second approach can be a very productive strategy in a foreign language too.,3.5625,-70.33333539962769,-4.688889026641846,35.04013685813162
"He took the gun and went to the door , making sure the horse and carriage were still securely tied .",3.82352941176,-87.32286643981934,-4.158231735229492,49.0910990117672
"Both envelopes and writing paper have lots of fuzzy fingerprints , the only identifiable members of Maureen and father. '",2.70588235294,-136.21399354934692,-5.922347545623779,25.086593723108194
"I do not know how many species of trees that had , perhaps more than 1,000.",2.35294117647,-70.79673743247986,-3.7261440753936768,39.161242796981156
"Sheet the front window , original fireplace, built in lockers , radiator , power points , stripped wood floors .",2.33333333333,-132.84996366500854,-5.776085376739502,25.96795576334216
"It was expected that the overall level of HIV infection 15-20000000 height for 2000 , of which at least three-quarters would be in the developing world .",1.8,-149.18006896972656,-4.661877155303955,44.68037266312021
The result has been to destroy much of the advances in health care during the years prior to each dispute .,3.46666666667,-94.77903842926025,-4.513287544250488,43.81173235461074
"Woil leakage was over, and that everything had lasted less than a minute and a half.",2.57142857143,-83.72909641265869,-4.406794548034668,45.271239668998675
The laughter in his eyes when he found his belligerent look .,2.14285714286,-65.55129766464233,-5.042407512664795,11.394996283025776
"They were just minutes from the train station , the service was frequent.",2.88235294118,-61.94867420196533,-4.424905300140381,25.637542612337015
"Perhaps most significant of all , three of the all-time great boxing - Ali , Robinson and Armstrong - born in comfortable circumstances .",2.05882352941,-124.62236976623535,-4.793168067932129,61.26272617417189
"The Halifax Building Society , where terrorists had planted the device , is now a pile of rubble .",3.8,-97.46878814697266,-5.129936218261719,39.584503777318275
Michael Ryan has sought a rapprochement between deconstruction and Marxism.,3.41176470588,-61.73413038253784,-4.1156086921691895,34.23678650037459
No other catalog quite like the Christmas catalog OXFAM .,2.84615384615,-82.14377355575562,-6.318751811981201,1.766649033891369
" Unless more resources pumped in , this is going to happen,"""" he said .",2.33333333333,-78.94112396240234,-4.9338202476501465,15.834893346908316
It was a way of thinking and behaving.,3.86666666667,-33.7070996761322,-3.7452332973480225,16.629020233480468
"On a slow surface , both groups rolled straight bowlers and batsmen were reluctant to take risks to break your line.",2.4375,-139.65393447875977,-5.81891393661499,33.14734111599884
Throughout the discussion information provided by other sites is kept confidential.,3.53333333333,-51.09528350830078,-4.257940292358398,38.75436879765476
"A prime minister can not safely delegate scrutiny because, once enacted, these rules affect the daily lives of 56 million British citizens.",3.5625,-113.58675956726074,-4.54347038269043,90.20629150098088
"Somewhere in the silence between them began a telephone , urgent persistent ring .",2.125,-102.77761840820312,-6.423601150512695,-1.9939649412647782
In a number of cases required reminders ( both in writing and by phone ) .,2.125,-75.65496063232422,-4.728435039520264,30.193616151115975
"As Montagu ( 1976 ) has pointed out time and again , the social activity of war need not have any relation to the internal state of aggression.",3.58823529412,-122.61526107788086,-4.087175369262695,73.75803827949335
"This, then , is the theory - but how does it work in practice?",3.64705882353,-51.8177490234375,-3.2386093139648438,48.22199992934016
"However, things may look somewhat different from the perspective of just above the exemption limit .",3.33333333333,-81.1433629989624,-4.773138999938965,39.17539169977647
"Repeating what you hear , women in the just claim that something called """" Salvadoran democracy """" is in danger.",1.75,-136.58983039855957,-5.938688278198242,25.502335509597373
Thomson Travel includes an airline ( backward integration ) and a chain of travel agencies (forward integration) .,3.4375,-111.25328063964844,-5.2977752685546875,46.93560878636495
A new Methodist student chaplain has been appointed.,3.84615384615,-49.000887870788574,-4.900088787078857,21.26165892180532
Few of London's historic houses can still be seen as planned.,3.26666666667,-52.65958595275879,-4.050737380981445,39.39433134114044
Table I summarizes the clinical characteristics of these patients.,3.78571428571,-35.78174591064453,-3.578174591064453,38.038799353984444
"Langer SS information , RSC , Burlington House, Piccadilly , London W1V 0BN .",1.6875,-115.65747594833374,-5.028585910797119,21.171416177237575
"The Jarisch -Herxheimer reaction usually shortened to the """" Herxheimer """" , following the initial dose of the treatment of syphilis in a proportion of cases .",2.6875,-197.18632316589355,-5.79959774017334,12.751115280958174
"Looking around the room , in the old , old furniture , I realized that Herbert has to be very poor .",2.84615384615,-108.08149147033691,-4.912795066833496,26.91504886012737
They will be joined by John Tierney and John Kerr .,3.88235294118,-49.258615493774414,-4.104884624481201,34.82438938815804
"However, the trophy is in Jim's office in Peel Park and stay there .",2.05555555556,-92.53770446777344,-5.78360652923584,16.372904121464572
Homology searches of the Leeds and protein databases Swiss unable to detect any significant similarity with any other protein.,2.11764705882,-123.88389015197754,-5.899232864379883,49.491083970628694
 It could have something to do with the murder of Angy .,3.875,-52.80039978027344,-4.0615692138671875,20.441064752945863
"The ranchers , who see themselves as the guardians of the west, say the grazing generates economic stability and feeds the nation.",3.82352941176,-102.8097152709961,-4.112388610839844,68.21026726706725
This man was buried here in the fourth century .,3.8125,-47.93023109436035,-4.793023109436035,16.374556195417938
"They begin to question, and begin to dream . '",3.625,-54.12161111831665,-4.920146465301514,17.78547774470647
"A water softener works on the principle of """" ion exchange """" .",3.9375,-78.48796463012695,-5.606283187866211,28.07639252328937
"Steve Jones ( speaking specifically about Jones' jealous Christianity) : """" Many people are simply uncomfortable to some people """" over religion """" or whatever .",2.4,-169.44936561584473,-6.05176305770874,67.32853748160545
The Lorne plateau is formed by Devonian andesites and tuffs that are contemporaneous with the intrusion and mineralization Lagalochan and Dalradian schists overlie the unconformity .,2.26315789474,-255.66605138778687,-6.235757350921631,-21.650558326874176
"He looked at Athelstan , his face beaming with pride .",3.75,-57.47411251068115,-4.1052937507629395,21.095047230747227
"She was used to drive the luxurious Saab at the time, although initially had responsibility considerably unnerved .",1.57142857143,-122.1506896018982,-5.816699504852295,20.410469900531183
We want to give children positive memories that can use during difficult times in the country to build a better country.,2.84615384615,-97.82754898071289,-4.446706771850586,56.24720675903424
 The PLO attempted to sabotage the march of Muslims.,3.57142857143,-55.479679584503174,-5.043607234954834,17.384400348341885
"MOTOROLA GETS THE GLOVES OFF IN YOUR RIVAL BATTLE OLD , PRICE TO BEAT PRICES POWERPC PENTIUM",1.61538461538,-169.4897289276123,-4.984992027282715,-18.7206458926199
"Like a lot of popular assumptions about it , this is wrong .",3.38888888889,-58.479897022247314,-4.498453617095947,22.085152586138946
"Mutalibov Izvestia said , from his hideout in Russia, that the charges were politically persecuted .",2.85714285714,-114.85853338241577,-4.993849277496338,14.971030964909346
For Commercial Union market model explains 25 percent of the variability of returns .,2.6875,-94.3870735168457,-6.741933822631836,15.313695954882974
"My proposal , I assure you , would be to our mutual benefit . '",3.6875,-67.6226806640625,-4.5081787109375,31.97625740348701
Only in the Gospel of John does not make a curious and deeply interesting statement .,1.92857142857,-79.64567565917969,-4.9778547286987305,29.37080391116355
They returned for repair and construction work one day at a military base in Omagh .,3.4,-81.61856651306152,-4.801092147827148,32.164541337620264
"Among the best hotels of all first world ordered calmly pools state - of-the -art, satellite TV and chocolates on your pillow at night.",1.25,-195.04955530166626,-6.291921138763428,20.41136430780307
In an area ... four rooms had their roofs burned.,2.66666666667,-71.53948593139648,-6.503589630126953,16.066749846621164
It seems strange to extend the hand of friendship and economic cooperation to the same countries that are threatening mass extermination .,3.83333333333,-102.05928897857666,-4.639058589935303,53.10415488179774
"The buildings are quite successfully transformed into a bohemian art gallery and Josef František Cubr Pilar , in the 1960s .",2.70588235294,-154.012770652771,-5.133759021759033,22.970416194071305
But the other part had cried against the very idea that she is the wife of another .,3.0,-85.83887672424316,-4.768826484680176,20.220015069306413
It is expected that these problems or investigations to be diverse.,2.8,-63.24674034118652,-5.270561695098877,14.232542448171273
"Between August 1975 and December 1978, the COS -B satellite observed 2CG342 - 02 five times and named him the tenth γ -ray source - stronger.",2.5,-210.92020893096924,-6.203535556793213,45.546484700486985
"Not like a Saturday night at all , however , not really. '",3.0,-73.03822040557861,-5.217015743255615,14.429325785654683
Hoping it will not be lost when it fails,2.77777777778,-47.72998809814453,-4.772998809814453,16.150020816024636
What would you have done if you Schemichal seized and threw you off the court like last night ?,2.29411764706,-114.47220134735107,-5.203281879425049,20.58374466760108
Once I was happy with the lower group copied it as a mirror image in the top of the image.,2.0,-94.56721115112305,-4.503200531005859,39.95736698954613
"Thereafter , the path to the double helix was clear.",3.66666666667,-58.99756574630737,-4.53827428817749,17.259830262052986
Sun also is preparing your desktop Sparc Scorpion eight position for launch at the show on May 11 SunWorld .,2.375,-150.66258907318115,-6.848299503326416,20.18738351929477
Both political and economic accounting of the costs and benefits of soil conservation programs to others outside the affected areas is potentially relevant .,3.06666666667,-117.24334716796875,-4.885139465332031,62.309745496514864
"Do you agree , moreover, that there is a need to reopen the neighborhood police stations and put more emphasis on community policing ?",3.76470588235,-96.42111659049988,-3.856844663619995,80.63015353673114
Fifteen days later Edward sealed the text and issued to all sheriffs .,3.17647058824,-86.46605014801025,-5.764403343200684,12.935646548494162
"Since then, it has continued as sharply as many television programs of long duration.",2.86666666667,-71.78294372558594,-4.486433982849121,42.13622342412771
Mailed questionnaires are not returned and refused interviews .,2.61111111111,-71.63113021850586,-6.511920928955078,-0.22739627840719834
"The operation eventually involve over 35,000 soldiers from at least nine countries .",3.4375,-71.26941204071045,-4.751294136047363,33.48902263156546
User interface will no longer be just a body requirements or marketing arm for USL .,2.88235294118,-109.16897583007812,-6.823060989379883,19.627505909038632
 The autopsy report is in the business Needham ! ',2.46666666667,-81.62346267700195,-7.420314788818359,-10.720038948479953
Before explaining how to deal with a race course that is worth looking at what makes a sailor go faster than the other.,2.21428571429,-102.32270050048828,-4.263445854187012,71.68944243835807
"Although her features looked as if they were carved in stone, in the depths of her eyes, something stirred .",3.64285714286,-81.46296453475952,-3.702862024307251,65.57981703165942
These percentages are not uniform across the country : local specialties dictated what was available.,3.58823529412,-86.52748966217041,-5.089852333068848,38.411201224495784
 We never know the exact number of deaths.,3.76470588235,-30.524405479431152,-3.3916006088256836,29.012878667087698
"These were rejected on April 17 and 18 , respectively.",4.0,-48.77751445770264,-4.434319496154785,31.18619613904653
"Women , Art and Society is a synthesis of the work that has been advancing for twenty years on women and the visual arts.",3.2,-94.398432970047,-3.77593731880188,67.62923523066343
"Its coast was established no less than twenty-two charity schools , only in Pembrokeshire.",2.11111111111,-95.75224018096924,-4.35237455368042,16.19956254125951
Ground deformation during an earthquake could bend pipes like copper wire strands .,3.73333333333,-88.68682956695557,-6.334773540496826,33.402702238733255
"A few days after his election , already knew how to do this """" new Pentecost """" was an Ecumenical Council .",2.13333333333,-136.6760482788086,-5.256771087646484,33.44313772025592
Following Jesus as his disciples means that we also face opposition to live like him.,3.16666666667,-84.46965026855469,-5.279353141784668,35.22075459118234
"Its wheels were met with wet grass and the whole machine and fell to his knees crumpled like an animal , shot in the chest.",2.625,-133.2312068939209,-4.7582573890686035,48.29435671664126
"Jenna stopped and glared at him , but before he could speak, she raised her face with a strong brown hand .",3.0,-99.5998649597168,-4.149994373321533,56.414751549342014
"Carrington saw the sea for the first two hours , enchanted by the Scandinavian night , then went to sleep.",3.42857142857,-106.95536613464355,-4.861607551574707,37.06673317032579
"It was originally recorded as a cot death and there was no investigation , but now there will be an investigation.",3.4375,-92.67957496643066,-4.029546737670898,53.107213417952494
It was far from the golden cut of Horizon City . ',3.52941176471,-77.8304214477539,-6.485868453979492,2.2667370758923795
" Politics in the sense that if I threw this glass of water on you in an interview, that would be a political act.",3.28571428571,-88.2182776927948,-3.528731107711792,65.81239016520391
" So you just now said the victim , groping his cigarettes again.",1.8125,-93.0912561416626,-6.6493754386901855,-2.1714007742763357
Here are ten varied uses of this book ;,3.4,-52.705166816711426,-5.8561296463012695,12.644271636036834
A sports injury on the increase is the athlete or Gilmore 's groin that occurs when the groin tendon rupture due to excessive stretching and twisting .,2.52941176471,-153.2696762084961,-5.473917007446289,70.53847014584503
"Ideal for a small apartment , the washer / dryer is as sophisticated as the main house laundry .",3.46666666667,-106.24907779693604,-4.829503536224365,35.027159950420014
Robbie saw now that he was a clergyman.,3.29411764706,-52.17005777359009,-4.742732524871826,6.57823778396201
"The weekend was associated with an increase in volatility, in accordance with expectations.",3.46153846154,-62.877867221832275,-4.191857814788818,36.972708404459055
"There is a tradition in our family that will always Santarém Madonnas reunited with their owners , you know?",2.0,-126.92196369171143,-5.076878547668457,21.26342318846818
"As this is a beta , it is difficult to give a star rating ClarisWorks .",2.78571428571,-93.27103328704834,-5.1817240715026855,16.26384876963583
All I had to do was get a good night's sleep.,4.0,-29.36483120918274,-2.258833169937134,46.10222878233628
Intraesophageal pH and motility were investigated in the fourth day of each treatment period .,3.66666666667,-89.47308254241943,-4.260622978210449,25.426081413605303
A farm TOWN is plowing ahead with fundraising plans to help people with disabilities and plans to cover in a riding area for the disabled.,3.26666666667,-136.4370880126953,-4.872753143310547,53.9393335522949
" All credit to Gavin gave me the ball at the end , with a little persuasion .",2.13333333333,-87.5874605178833,-5.152203559875488,21.52603672506828
The first drafts of The Prelude is written in Germany during the winter of 1798-9 .,3.4375,-81.53581094741821,-4.291358470916748,29.170287292255423
 A criminal trial is not a court to obtain the truth .,3.13333333333,-55.626869201660156,-4.63557243347168,21.06054851386247
They came to the class of true twins enjoy tacit understanding .,1.42857142857,-86.16874122619629,-7.180728435516357,2.3457114541060093
Dustin Beatle Court ordered is a bit choppy and there are a closeup of a mole on the right shoulder.,1.4,-121.04007005691528,-4.841602802276611,37.935806024718744
"In the late 1940s there was a greater number of packaged grocery lines available , and there have been improvements in the quality of packaging.",3.53333333333,-101.92971467971802,-3.775174617767334,74.39952819484549
"After the ' Headpiece filled with straw ' crudely poetic objective is more absurd that word around , indicating the weakness of the speakers.",1.58823529412,-185.63397359848022,-6.875332355499268,2.378389847372148
"I thought it was some weird guy and when I asked who was calling the voice shouted,""""It's me ! '",3.4,-122.0877799987793,-5.086990833282471,18.969380149232165
"'I should not ,' said the manager, but then smiled broadly.",3.63157894737,-70.46254634857178,-4.697503089904785,27.412691575416403
"The beauty of glass , he wrote, is this, that the surface needs to be covered .",2.84615384615,-80.04123449325562,-4.212696552276611,32.181002029296224
" Better one word , 'said the brigadier , removing the head and open the door.",2.2,-101.14431667327881,-5.619128704071045,7.525579451819496
"The Metropolitan Police was installed in the High Court claiming damages of cameraman Mr Anthony Walsh , whose backbone was injured during the Wapping dispute .",2.78571428571,-159.03984832763672,-5.679994583129883,61.63456151451186
" If I get a couple of shillings of it , do not you worth ?",1.5,-84.51434755325317,-4.971432209014893,9.21006412361534
' We have a queue that is already locked to Tweed.,2.47058823529,-66.46670532226562,-5.112823486328125,17.278801357005108
And he blows the smoke back into my mouth.,3.6,-40.902533531188965,-4.0902533531188965,26.194684981057037
"Genetic spray was described as a very exciting development for another computer scientists , Dr. Julia Dorin .",3.07692307692,-119.92958736419678,-5.710932731628418,27.599287254261412
"The old Highway road Rigby Yard in its train station , seemed to offer an ideal site .",2.83333333333,-127.5954761505127,-6.715551376342773,10.763330747590743
"Running Wild Jodami and jumped the last together, and Jodami found additional equipment vital to sharpen away .",1.625,-158.47842407226562,-6.603267669677734,-5.491109024864073
Is it possible to see the co private wealth - poverty existing business ?,2.26666666667,-100.50004386901855,-7.178574562072754,7.1950280135063736
"One of Jay slurred phrases , while pubbed and beaten and pushed through coffee mornings surf and endless cigarettes , was ' I'm a night owl , honey. '",1.76470588235,-204.60768842697144,-6.200232982635498,34.69311689003695
The Ardakkeans were said to be superhuman strong and invulnerable to most life threatening .,2.4375,-105.47212791442871,-5.551164627075195,4.135252852966701
She wrote passionately these few words to him :,3.0,-55.25850963592529,-6.139834403991699,10.789973946879186
There are several ways you can get a recovery : -,3.26666666667,-44.948543548583984,-4.086231231689453,34.79970220279256
"' By the way , it seems a long way, but you just have to walk a mile through the field beyond the farm.",3.52941176471,-101.73895120620728,-3.913036584854126,58.89513406146574
We have our team of the movie Robin and sat in front of our rods .,1.66666666667,-96.02896118164062,-6.001810073852539,14.867615642994593
"Conservative candidate Robert Goodwill, has written to Work Marjorie Mowlam ask him to clarify his personal position on nuclear defense capability of the country.",2.47058823529,-164.4659185409546,-5.305352210998535,43.55911545990108
"It was hoped that the Arab masses , outraged by Western humiliation of Saddam Hussein , to rebel against their leaders pro - Western .",1.73333333333,-128.4353733062744,-5.137414932250977,70.93777860140966
"Neil Cossons , director of the Science Museum , trust the old numbers are recalled.",1.92857142857,-114.52302074432373,-6.362390041351318,3.755584279754771
"However, students taking resit exams for exceptional reasons , such as a missed exam due to illness, are generally allowed to have gained full marks .",3.3125,-134.68131160736084,-4.644183158874512,85.49593378173623
It would be a good exercise to compare electricity system with purely acoustic string telephone in Part 1 ( November 1991 edition ) .,3.0,-138.28030014038086,-5.761679172515869,52.86783219285911
The state's role was even more pronounced in Berlin in the cultural sphere .,3.5,-71.18939638137817,-4.745959758758545,27.527965262789223
AID TRIP provides students a lesson in third world poverty and Fear,3.42857142857,-92.75474643707275,-6.625339031219482,3.734558632097958
"She felt his fingers trembled , and his anger vanished , replaced not by a wild hope and optimism.",2.06666666667,-108.49457931518555,-5.166408538818359,28.873527656363848
"In the jargon of quantum mechanics , the choice of this behavior is called the statistics obeyed by the particle.",3.13333333333,-93.85437679290771,-4.26610803604126,48.436770198449864
"You can format the spreadsheet manually, or design your own routine speedformat .",3.6,-85.76255321502686,-5.717503547668457,25.82635396281202
"He reached an agreement with two actors , gave the camera crews a little private money and turned to his aides film .",3.07142857143,-135.29792070388794,-5.882518291473389,31.21150799194416
ALMOST CELIA welcomed the idea of going to work.,2.76470588235,-70.30810451507568,-5.022007465362549,3.9607389999526106
"I can only assume that my name had respectable associations , and he thought he could ease criticism in what might be called Athenaeum circles .",3.3125,-141.98236846923828,-5.070798873901367,42.18912561935639
"' Earth to earth , ashes to ashes , dust to dust ... ",3.4,-67.21132469177246,-4.800808906555176,33.22585586387649
"It happened that Air School No. 5 was not far from the mine where he hid Churchill during the Boer War , remember Clifford .",2.72222222222,-147.91719245910645,-5.478414535522461,38.65344596327162
"I enjoy things that are solved with numbers, for example , the amount of wallpaper or carpet need to buy",2.875,-110.9712781906128,-5.284346580505371,35.39137382586887
"Not only the test will be easier in the future, it should also be cheaper too.",3.0,-56.463589668273926,-3.1368660926818848,61.87755135343775
Then I turned around and completed image the other two sides .,1.78571428571,-70.99932289123535,-5.916610240936279,8.315096361407043
"If so , could you share the knowledge with us ?",3.9375,-46.524078369140625,-4.229461669921875,20.88688433367554
Tip the mixture into the prepared pan and tilt the tin to level the mixture .,3.70588235294,-71.16099548339844,-4.447562217712402,43.32500820432992
But in the sun there is something similar .,3.5,-44.03618574142456,-4.892909526824951,8.416260889499867
"My social worker gave me asked if I wanted advice adoption or foster care , and said building (which was a white family ) .",1.22222222222,-141.1965093612671,-5.43063497543335,44.26704427674133
The results show a high prevalence of esophagitis in adult asthmatic population .,3.42857142857,-72.26751708984375,-4.014862060546875,30.955702577288704
"For this reason, it was really only suitable for the manufacture of plywood, to which was a huge success.",2.625,-84.13870477676392,-3.6582045555114746,53.11272363868835
"But I think they have something to say if they have built good roads and railways , etc. . ",3.625,-90.0734167098999,-4.289210319519043,37.90493331847196
Can you name the disciples? He asked a reporter .,3.53333333333,-59.092432498931885,-5.372039318084717,9.047425893689535
"Tom - Frode , Odd - Knut and Tony wait till we get .",1.28571428571,-101.19060516357422,-6.324412822723389,18.00584543782064
The white lines show the electric force that the energy body that gives crystals can tune,2.5,-102.24015045166016,-6.39000940322876,16.256263340319876
"Gift to create a pleasant environment , with minimal resources.",2.6875,-66.69539451599121,-5.557949542999268,15.059933687913144
An American networks want to do a television interview .,2.625,-62.22970962524414,-6.222970962524414,10.257323941717672
"Guinness provides financial support to organizations dedicated to medical research , health , youth, the environment and job retention and business trusts , education and the arts.",3.4,-142.97967910766602,-4.765989303588867,66.54398783637407
"A Muslim extremist group believed his story , and the results were terrible .",3.5625,-80.38834857940674,-5.742024898529053,20.152265129697156
"The rain that would become his camp in clay, and fill the tanks of Famagusta .",2.0,-112.26503372192383,-5.613251686096191,0.0459742850654834
"The second workshop , designed by and Napier Polytechnic , was designed to prepare the university staff for a validation event.",3.0,-123.68477582931519,-4.947391033172607,36.3518279600888
Questions can be asked by the President ( see below) or player who just released ( or have just thrown),2.38888888889,-113.58706188201904,-5.163048267364502,39.230810295455655
"The second limiting factor was less immediate , but the greatest potential impact .",3.29411764706,-77.2088098526001,-5.5149149894714355,21.22020486947922
I think that makes all the rules and expected only to carry out and be responsible .,1.64285714286,-90.24803113937378,-5.3087077140808105,15.7650598947873
"Once the nest is finished, the man goes in search of a woman.",3.30769230769,-50.371588468551636,-3.3581058979034424,43.47838941574848
of them revealed that they had been victims of rape in marriage.,2.5625,-51.012490034103394,-3.9240376949310303,37.497779259271326
The government has plans to reverse the process of reforestation and investment in sustainable development projects . ,3.46153846154,-82.47925519943237,-4.341013431549072,40.460080079344124
He does not deign to compare British and French railways .,3.125,-57.55580520629883,-4.796317100524902,28.48054376149439
"Place the child on his back , turn your head and eliminate waste in the mouth with your finger.",3.0,-89.5956802368164,-4.47978401184082,40.97112880534095
"Strach may be 37 , but who cares really ?",3.6,-64.97697973251343,-5.906998157501221,14.164584985335608
"In return , the Church a figure somewhat uncertain .",1.46666666667,-81.47138595581055,-8.147138595581055,-18.218353252669473
"However, it is almost certain that the offer will be rejected.",3.88888888889,-32.167312145233154,-2.4744086265563965,50.09433693473835
"Mr. Stolpe said East Germans had recently discovered his power, and Mr. Krenz has not been successful in restoring the credibility of leadership.",3.46666666667,-131.08246183395386,-4.228466510772705,61.45626360068465
"Smiling , Harry put the letter in the envelope.",3.61538461538,-53.41035556793213,-4.855486869812012,10.498342353913834
Leicestershire is the only county to account for their TCCB distributions in cash rather than an accruals basis .,3.38888888889,-118.8529577255249,-4.571267604827881,28.524398972028848
"They look great on the beach , like a top night under a pretty blouse or under a jacket for work .",2.6875,-107.36320447921753,-4.667965412139893,39.877446874739775
He says his friends all want to know his secret.,3.9375,-42.761425256729126,-3.887402296066284,28.877915386793234
"If you prefer an elegant finish brass , bronze fire Dream is a good option value and costs around £ 399.",3.14285714286,-144.63305377960205,-6.574229717254639,36.24699834953725
" If I did that , then it is almost the greatest miracle that a person has done since the time of Jesus. '",3.42857142857,-95.4521484375,-3.9771728515625,53.66513330080346
"She kicked something in the dark , and stopped briefly to pick it up.",3.73333333333,-64.62339162826538,-4.308226108551025,33.82584465522896
"McLaren kept his counsel, be as secret as Ferguson is gregarious .",2.0,-96.14669275283813,-5.6556878089904785,2.522875854373609
She had made a final attempt at the archdeacon before leaving.,3.55555555556,-55.899667263031006,-3.992833375930786,27.085124795201565
Air Show : The famous Red Arrows are providing a great end to the Southport Airshow .,3.41176470588,-104.82606601715088,-5.5171613693237305,24.60243236366776
"Add the orange zest and juice , eggs, sugar , cornstarch and ginger.",3.76470588235,-73.24821853637695,-4.069345474243164,39.62717381716138
"A directed path from where they stood , their worn and broken stone flags , their progress hidden here and there by moss and weeds .",2.52941176471,-139.03722763061523,-5.347585678100586,50.976277263176485
If a referee younger than me that goes to show that someone has guts .,1.64285714286,-81.99731826782227,-5.466487884521484,27.231771979727725
Minimum Packages : Some packaging is designed to reduce waste during manufacture.,3.46153846154,-65.95557498931885,-4.7111124992370605,42.149605922243666
"The man ran in front of Cranston , jumping up and down .",3.6875,-63.37655067443848,-4.5268964767456055,17.46394302736269
"- I have to peel potatoes for Matey , and you should get surgery the night and be ready for your guests. '",1.76470588235,-139.482319355011,-5.5792927742004395,30.464321327461505
R4 DON HOWE SAYS THIS TOMORROW IS ANOTHER CANDIDATE CAN TAKE U.S. in the new year .,1.375,-127.48920583724976,-4.112555027008057,6.394128270524902
It is one of the ways that evokes the spirit of prayer in the people of the Messiah .,3.06666666667,-72.31071949005127,-3.6155359745025635,39.542882645512464
Such basics should be the same for everyone.,3.85714285714,-32.54861497879028,-3.6165127754211426,29.12277547554507
Sega owners are bigger in the trouser department .,2.94117647059,-77.71570873260498,-7.065064430236816,-5.056743487726621
"I'm sick of journalists roam in and out , wanting to know your business.",2.33333333333,-81.6046371459961,-5.100289821624756,26.26662588764755
Or if you went to the kitchen and interfered .,2.6875,-52.6961088180542,-5.26961088180542,8.448859218632101
"However, for 1976 , local councils in East London were able to publicize the advantages of its industrial areas .",3.46666666667,-107.95421123504639,-4.907009601593018,47.46731757138102
"It may be the detailed description and prices of the goods , details of a complaint , the ideas for a new product , or whatever .",2.71428571429,-121.98324823379517,-4.517898082733154,42.1170989964383
"Japanese banks operating in London accounted for 28.5 % of total loans in 1991 London , U.S. banks 15% , and 40.7 % other banks .",3.27777777778,-138.40247631072998,-4.0706610679626465,88.53607653936982
" I'm dying for a cup of tea , 'said Charlie .",3.71428571429,-65.99086666107178,-5.076220512390137,15.546727712126483
Katherine 's mother had returned home the day before we had to go .,3.83333333333,-73.42268371582031,-4.5889177322387695,26.63101501342628
And they are waiting for a meeting of Twickenham Carolians either Kidderminster or Hitchin in the final.,2.23529411765,-123.01150131225586,-5.125479221343994,11.839103698865529
Who was Elsie and what had happened to her?,3.86666666667,-33.68082547187805,-3.0618932247161865,31.533390237950186
"She looked into his eyes, and saw the hunger suppressed there, and his heart seemed to shrink then swell inside her.",3.35294117647,-99.3226089477539,-4.138442039489746,76.06257461471534
"A sense of well being , of transformation and enlightenment, penetrates to the marrow of his bones.",3.35294117647,-86.99508666992188,-4.349754333496094,32.07066790535184
"- One respondent had control sample the three traits , and out quarter two of three.",1.52941176471,-125.87537336349487,-7.404433727264404,-5.607884752454368
wonder why - But I must thank mibbe ma,1.6875,-83.78928565979004,-6.98244047164917,-4.627134995491531
"A slightly thicker book , The Bernese Alps important details of the region bordered by the previous book .",1.88235294118,-123.11933326721191,-5.862825393676758,20.470931572958136
"Speakers boom boxes perched on the sidewalk , thundering from bars and shops , every corner has its own sound system .",1.93333333333,-119.79263305664062,-4.991359710693359,56.20044515397882
"A beautiful flower early, very fragrant honey , and golden yellow inside , but purple light gray with darker stripes on the outside .",2.33333333333,-135.62248611450195,-5.216249465942383,57.59619845197534
"Young people's knowledge about the harmful effects of snuff consumption is considerable, those who take up smoking are not doing it out of ignorance .",3.0625,-114.16121101379395,-4.077186107635498,80.88725683840173
"And then do not say where you have been , if they are wise .",1.6875,-69.57967042922974,-4.638644695281982,20.189299579517296
Gwyneth Dunwoody said we were secretly dismantling the health service and Roy Hattersley muttered about hiring older people as garbage collection .,3.33333333333,-168.48142623901367,-6.017193794250488,30.083044083039823
Could a man who abandoned his wife and son of another woman free download without scars ?,1.625,-96.41539001464844,-5.6714935302734375,30.991326339495473
If the French should take and see them target those remarkable men who could take charge of sending them.,2.05555555556,-111.69802665710449,-5.584901332855225,31.946796361006136
"The Cats Protection League Bazaar , Parliament Room , Royal Baths Assembly Rooms , Crescent Road.",2.46153846154,-124.1421389579773,-6.533796787261963,21.671795608029413
"Their findings have worrying implications for the 600,000 people believed to have been affected by the release of radiation.",3.6,-72.85808944702148,-3.3117313385009766,72.73780185930329
"The consequences of this factor has been at times lead to the definition of community care as """" non-hospital care """" ( Parker , 1990 ) .",2.875,-139.2900276184082,-4.803104400634766,64.08901621682733
"Viol tried to make another , but the driver ignored him .",2.94117647059,-57.339311599731445,-4.778275966644287,25.112418080764655
"Graphically also be offered oriented programming tools , application programming interfaces and macro facilities between applications.",2.5,-110.47754573822021,-6.137641429901123,43.78517319571358
"Was not there , as everyone knew , single-handedly raised and led an Arab army against the Turks ?",1.625,-97.58393239974976,-4.646853923797607,39.245431513309825
The close cooperation between agents and each allocation unit manager is essential both plan development and programming of the holidays.,2.82352941176,-125.34973812103271,-5.9690351486206055,30.015845028031066
" There is no criticism robust no convincing body of evidence , no sign of learning from a decade of failures.",2.29411764706,-113.79138278961182,-5.418637275695801,35.102561106085545
The survival time was defined as the period between surgery and death.,3.93333333333,-48.5080451965332,-3.7313880920410156,39.74122892190806
"Mr. Tadgell , 32, rented an apartment in Australia with Joanna as she progressed from a cleaner to a waitress at the casino.",3.4375,-133.53283166885376,-4.604580402374268,52.87787541624556
"The Daurog moved to their business , looking Tallis trembling with the same caution as the night before.",1.84615384615,-143.1382532119751,-6.506284236907959,-8.370908531696841
"Mr. Jenks walked down the aisle , glaring at him, and the children fell back on both sides without a murmur .",3.5,-104.42700386047363,-4.016423225402832,61.76321969377804
"The detective thriller , of course , went about seeking information.",2.4375,-77.62613296508789,-6.468844413757324,4.089044805152525
In the seventeenth century the new Dutch Republic was the only major power to make extensive use of this method of representation.,3.42857142857,-82.95137786865234,-3.4563074111938477,71.47837781571351
So you are working on a political model of peer Photo and meaning ?,2.66666666667,-92.00096416473389,-6.571497440338135,10.3812161270979
"Not like in the old days , when people lived in villages and knew great-great - grandfather was a horse thief or whatever .",2.70588235294,-122.0954818725586,-4.695980072021484,48.03691845801686
The guidelines did not apply to parliamentary proceedings or choices and allowed speech.,3.25,-77.89841842651367,-5.564172744750977,31.650991089883163
"Crystal thought Berg was a newspaper reporter and she Rain said : """" I will not spoil the story by saying something dead MacQuillan MI . '",2.0,-189.95502948760986,-6.331834316253662,28.40755782833378
"Another road also runs approximately from north to south , stretched between him and Ryknild street, the northern branch of the road Tiddington",2.61111111111,-152.50088691711426,-5.446460247039795,28.008224939908246
I congratulate you on the ambiguity of their situation.,3.375,-47.02077865600586,-4.702077865600586,20.305653474700634
"' If you want to use the bathroom facilities , please .",2.76470588235,-56.94350051879883,-4.745291709899902,22.225325655717924
"The idea is to increase people's knowledge about the strength of the drinks and weekly limits , and the link between consumption and health and fitness.",3.58823529412,-117.44672012329102,-4.194525718688965,63.17301840494463
"When the Indians went hunting for both the animals and rival Indians , their firepower was mortal .",3.0,-98.21288108825684,-5.456271171569824,35.52197719942413
"The facts speak for themselves , but only if executives are willing to listen , willing to be convinced.",3.58823529412,-84.46455955505371,-4.2232279777526855,49.52135516419867
"In the past decade , London and other major metropolitan cities population recorded massive losses , the medium-sized cities either people lost or suffered only slow growth .",2.625,-143.78286838531494,-4.792762279510498,72.55079400286951
And one in three women said they do not get enough respect from their male superiors .,3.70588235294,-59.28094935417175,-3.487114667892456,57.197687183136466
 After the death of our great team of '86 we were building sand castles for a while - they were collapsing all the time.,3.1875,-115.19022369384766,-4.430393218994141,65.29331710534643
One in six trees in Switzerland is showing signs of ill health - double the level recorded eight years ago.,3.9375,-76.67848563194275,-3.6513564586639404,88.47454185543404
LEFT : Kevin Painter and decorator Barton hooked on this early 2 lbs 14 oz plaice during a session at Lepestone Point in Hampshire.,2.46153846154,-205.75095176696777,-6.858365058898926,17.25126146128372
It has been estimated that 65 percent of the deals are in cash and the rest are forward deals .,3.58823529412,-75.97791194915771,-3.7988955974578857,61.03130945684515
"As the crowds gathered , a military assistant Andrew asked about the episode roles in Reykjavik tube .",2.82352941176,-140.8118176460266,-6.705324649810791,-1.073450532729339
This was a necessity to qualify for a call to the bar later .,3.2,-71.41682815551758,-5.101202011108398,14.472001707656986
" Here he comes, look out for this guy . '",3.75,-54.74457931518555,-4.976779937744141,16.73355194395009
I hope it is not gon na an attack.,1.5625,-58.09527397155762,-5.809527397155762,17.77730838849638
I could not go through it all again .,4.0,-38.93268013000488,-4.32585334777832,14.347552060699016
give children the skills necessary to perform simple math functions ( related to the four rules) without difficulty,3.38461538462,-94.5514349937439,-4.976391315460205,52.410522976610736
The distinction between equity and equality in the distribution and use of social services is crucial to the debate on health inequalities .,3.52941176471,-89.92436480522156,-3.909754991531372,72.05358470734319
Then I had my tea I go to bed .,1.64285714286,-50.338101387023926,-5.033810138702393,12.800474628917854
"The wide range of barley included the purchase , consumption , laboratory, steeping, germination , malt ovens and office .",2.5,-139.1875147819519,-5.567500591278076,24.661449108571958
"After all , had managed to beat the system and was the sole command of a small military unit.",2.55555555556,-93.2080078125,-4.660400390625,32.30706940345138
Then he jumped up and ran along the road.,3.8,-30.96632719039917,-3.096632719039917,34.36305544268414
I think G. P. holding me and stroking me .,1.8,-70.42604970932007,-5.417388439178467,7.252802806522681
" I do not want to be a superstar , I just wanted to be able to play well .",3.52941176471,-58.00911045074463,-3.0531110763549805,59.00721311664391
"This is not to deny , of course , that crime and violence in contemporary society is an important social reality.",3.83333333333,-79.57650947570801,-3.6171140670776367,60.183266568296034
Network is strung between two palm trees and floated around in a spirited game of volleyball four -by-side .,1.73333333333,-130.3608136177063,-5.667861461639404,29.124122431801027
"The administrative structure of associations, with its strong emphasis on coordination of different agencies , would in any case tend to inhibit unorthodox .",2.5625,-128.00034284591675,-5.12001371383667,48.83153306244262
Gloucester solemnly walked around inside and outside the precincts of the Cathedral while he told me about his childhood.,3.47368421053,-103.72459840774536,-4.509765148162842,43.83141724807987
"In comparison, employment companies suffering oblivion 20-50 bracket , they say.",1.75,-118.25483703613281,-7.390927314758301,-8.283586772861028
A few days after writing my notes one day planning priced (by UK standards ) dawned .,1.72222222222,-118.93529319763184,-6.25975227355957,29.610857113191287
"If this has a direct pathogenic autoantibodies , such as Wegener 's granulomatosis , remains to be determined .",2.66666666667,-129.6705937385559,-4.471399784088135,18.009202513490436
"The incident received widespread television and press advertising , and sparked a civil rights march on 24 August Coalisland to Dungannon .",3.0,-158.7637596130371,-6.106298446655273,20.87396947686571
"The seeds , of course, are much richer in nutrition than any fleshy .",2.61111111111,-76.19391632080078,-4.762119770050049,33.80311284742831
The fishermen are blaming the contamination by a drop in the number of fish in some sections of the rivers Severn and Avon.,3.0,-104.1203203201294,-4.004627704620361,65.74720550986282
"Robin child refuses to grade and, where meetings gave way to GCSE level with all internal courses and marking, the rejected .",1.29411764706,-167.2185778617859,-6.6887431144714355,20.292669126737223
Are you aware of the rates of obstetric interventions change practice?,2.1875,-68.59392023086548,-5.276455402374268,20.766603236127168
"Eyes Synergie Ultra - soft makeup remover with rose extract , is a light oil -free lotion with soothing , £ 2.99 / 200ml.",2.86666666667,-186.02503108978271,-5.471324443817139,51.50460562144252
"Stewart and Tait were more aware of the degradation of energy , both moral and physical , and therefore of the impermanence of the world .",3.53333333333,-116.82232618331909,-3.8940775394439697,52.27234415638753
This rule is subject to a number of exceptions ( see Chapter 5 ) .,3.83333333333,-58.13581824302673,-3.8757212162017822,42.909226118849034
We thank Ken Byron for creating much needed magazine in Drama and Dance .,2.55555555556,-99.68556594848633,-7.120397567749023,12.28696106399029
Cycling was also definitely related to gastro -oesophageal reflux .,3.70588235294,-83.01649475097656,-5.188530921936035,10.726407274368583
"True to this tone , the tape is Tom scientific analysis bogeyman instead of bedtime stories .",1.88235294118,-123.37259292602539,-6.1686296463012695,5.104736435116422
"As suggested in the argument , that indeed would have to swallow the elephant and the tension in the mosquito.",1.77777777778,-110.72706699371338,-5.272717475891113,15.929869746154722
"In desperation , I took a typing course and moved fifty miles the road from here, for the first job that I have .",2.70588235294,-125.61312913894653,-5.024525165557861,34.47018453450107
At times Dr Banda waving his fly whisk .,2.1875,-87.68692016601562,-8.768692016601562,-3.1722514478999386
Both were former members of the Red Army Faction leftist extremists ( RAF ) .,3.85714285714,-90.50909757614136,-6.033939838409424,32.910309429693655
"But anyway """" - his tone changed again - """" I am grateful for your help. '",3.375,-88.93509864807129,-4.940838813781738,61.8090484355734
"Stokesley , in effect, that have neither trade nor the manufacturers, no aspect of bustle and business , and is a well-suited place retirement. '",1.84615384615,-199.02872371673584,-5.853785991668701,-7.369310027239692
"Although it is less harmful than removing bulbs and plants , seeds consistently can still effectively clean snatch a kind of a locality.",1.6,-155.02499771118164,-6.459374904632568,37.49825688233494
"Tickets from Sergeant Gordon Parkin ( phone 091567-6155 , . Ext 6331 .",2.47058823529,-131.8932342529297,-6.594661712646484,-12.588298007996258
They expressed their anger with the godly in lewd ballads that echo through the story of Nelly .,2.5,-112.2405595779419,-5.344788551330566,24.629424171586237
"' There is no Black Dog here ,' said the doctor.",3.88235294118,-66.16742944717407,-5.089802265167236,21.36653947485759
Our telephone number is communal hallway wall by the front door.,2.28571428571,-70.10282707214355,-5.841902256011963,23.713514710224075
Mr Carpenter said : ' All the victims were elderly and infirm.,3.3125,-63.60757064819336,-4.543397903442383,40.33588016887809
"- They say you're a homosexual known , we believe , ' said a third .",1.5,-100.94448757171631,-5.937911033630371,7.93456112293309
"When the bishops moved into the house 10 years ago, he had been on the market for 18 months and had become very run down.",2.58823529412,-91.81659150123596,-3.4006145000457764,90.299815236994
" I thought I could go to the U.S. and help the anti - student projects around Army camps ,"""" he said .",3.07142857143,-131.65872192382812,-5.0637969970703125,28.85032608990545
Other people besides yourself and the candidate may need to take into account when setting a schedule are:,2.83333333333,-86.8725757598877,-4.572240829467773,51.034860982795976
His mouth had formed of words before realizing .,2.125,-63.647099018096924,-7.071899890899658,-1.3620279235320396
The first is a surface pain begins as a red mark.,2.2,-68.8209285736084,-5.735077381134033,9.559514958182191
"We're really struggling at this point in time, thinking, ' What are we doing , what we're about ? '",2.86666666667,-85.81938171386719,-3.575807571411133,67.64692930002161
I do not think Chris and the band are known well enough at the time .,2.82352941176,-66.76435852050781,-4.172772407531738,34.14915744585703
His description of his meeting follows the usual descriptions with immense sense of the general presence of concomitant dramatic side effects.,2.92857142857,-124.99394989013672,-5.208081245422363,37.945197380157055
"He likes , airless places wet and moist with a slightly alkaline pH normally found in the vagina ( usually slightly acidic) .",2.41176470588,-149.81370067596436,-5.762065410614014,39.448493549574835
"But did you know that the program had a section absurd """" Did you know """" in the currency of football trivia was far less fraudulent .",1.4375,-165.4915795326233,-6.129317760467529,36.453337410714795
"Now she was looking closely, he realized that most of the rooms of the house had two doors .",2.94117647059,-80.48065185546875,-4.0240325927734375,41.03439717847125
"If the sources of income are taxed at equal rates , it is clear that there is an incentive to convert income into tax- free form .",3.58823529412,-94.04273319244385,-3.3586690425872803,97.61224902893687
"Both drank , aware that he had been a long afternoon , and Shelley , at least , was thirsty.",2.26666666667,-111.83981609344482,-5.325705528259277,16.238690996839495
He's had to go through Mordecai precisely because it is a Copt .,2.375,-84.84531688690186,-4.990900993347168,9.183633873613061
But now say the cost of free accounts is too high.,2.5625,-56.06399345397949,-4.671999454498291,23.718023221124014
"What if Bruce Pallistar or injured , you must either cover ( decent ) .",1.14285714286,-133.8621368408203,-8.36638355255127,-17.00578726259492
But with her mother stopped it was now up to him to take charge of the rebellion in Poitou .,2.61538461538,-91.51770973205566,-4.159895896911621,34.553363767740976
"But who knows , the illustrious Mr. drilling still can ride again sometime in the future.",3.2,-101.4684648513794,-5.637136936187744,22.36559818390667
Take it like a duck takes to water.,3.64705882353,-40.351465702056885,-4.483496189117432,21.43641465911731
Average household size has decreased from 3.09 in 1961 to 2.55 in 1987 and continue to decline (Table 2.6).,3.29411764706,-84.30739545822144,-3.1224961280822754,85.09157341666457
The way the dialog is rendered is the one that best fits the mood and the theme of dialogue .,3.53333333333,-83.5894775390625,-4.179473876953125,45.0183812613343
She had come to England from Berlin in 1930 and began his studies at the Central School of Arts and Crafts.,2.55555555556,-73.46137499809265,-3.1939728260040283,73.62528019317469
I'm tired of hearing the complaints of the cook.,3.75,-45.61106061935425,-4.146460056304932,21.285221669665304
Being one of the women elected prince has its drawbacks.,2.8,-63.3843035697937,-5.762209415435791,13.521847253261
"British Intelligence in the Second World War , vol . 4: Security and Counter- Intelligence .",3.13333333333,-76.09481048583984,-4.227489471435547,47.065936876224725
' Second Act - Beginners please trembling voice said from outside the door .,1.6,-105.45489549636841,-7.0303263664245605,4.9153548016367665
Coming and going - there was not much of that.,3.3125,-37.07917261123657,-3.3708338737487793,32.884645926535725
"Sow seeds in spring, or divide plants in spring, and allow 60 cm (2 feet) between plants.",3.23529411765,-104.00916576385498,-4.522137641906738,68.81304246187483
"This has now been reduced from 6.7 % to 3% , but according to President Mike Tilbrook , the remaining ' continues to show useful benefit document.",2.625,-166.41818237304688,-5.200568199157715,50.397376421831126
Dexter assumed he was beginning to share the same persistent feeling of depression that plagued him since the end of the interview with Parkin .,3.83333333333,-118.0001163482666,-4.37037467956543,62.167249884169934
We still belonged House and Lincolnshire are lovely in May. ',1.33333333333,-92.17532682418823,-7.090409755706787,-0.6332905371426563
She was wearing denim overalls and carrying a bucket and brush.,3.8,-55.91811561584473,-4.301393508911133,36.63867109209569
Ministers have not detailed responsibility for the decisions made .,3.3125,-60.53204822540283,-5.502913475036621,9.75358219163246
In the next year he had custody of Rochester Castle .,3.23076923077,-60.826404094696045,-5.529673099517822,17.520222431086168
Booking is essential for a bike ride around the Wirral Country Park on Sunday when the manager will be Cheshire ranger Barry Jackson.,2.83333333333,-138.02485466003418,-4.929459095001221,65.58906104239114
But it tends to gloss over them when it draws on mainstream psychology.,3.46153846154,-66.1993989944458,-4.7285284996032715,39.64354832496433
On appointment to office a new minister takes over responsibility for many departments policy.,2.8125,-76.85713291168213,-5.123808860778809,35.46888957939288
"When Rhun in his goodness lent an arm to raise him from his knees , he still hung heavy , clinging to his desperate humility.",3.3125,-145.06331777572632,-5.372715473175049,45.411941351116155
The figure shows how the A -measure per unit area varies with the radiometer reading.,3.23076923077,-93.7184944152832,-4.932552337646484,27.844744953017056
In some pubs fake hand pumps serve gassy beer.,3.23529411765,-80.73836517333984,-7.339851379394531,12.76209350290641
"In fact, the complaints often made too many monitoring requirements are made of TECS .",2.53333333333,-112.4666805267334,-6.2481489181518555,4.098955743416795
"Of course this is only a tendency , and move away from the local police to larger , centralized police can reduce this effect .",2.1875,-133.37291479110718,-5.334916591644287,29.207124236727623
Tod has a different kind of dream in which he is a woman .,3.5625,-65.03982067108154,-4.3359880447387695,24.01107978635042
Valuable coaching can often come from drama school teachers who can give a fair assessment of the options you may have before auditioning .,3.58823529412,-128.6285219192505,-4.947250843048096,59.74282763923219
"Because simulated annealing is a stochastic algorithm , different runs of probeorder not necessarily produce the same effect probe sequence.",2.26666666667,-145.14918994903564,-5.582661151885986,32.80982769352815
"Although the music was animated , moving only his arms .",2.0,-69.10353755950928,-6.282139778137207,4.628459056154497
"But the report also blasts authority bosses for failing to control the activities of 58 -year-old Mr Watney , who took early retirement last year .",3.69230769231,-138.49634170532227,-4.616544723510742,75.04400422914838
Some will of course respond personally ( he had included postage ) .,3.5,-86.5748405456543,-6.659603118896484,8.152819858570382
"Four of those areas large as , or larger than our moon .",2.26666666667,-76.8514461517334,-5.911649703979492,8.67517392102151
"Police are appealing for witnesses to the incident, which occurred at 11 on Monday in Windsor Street, Toxteth .",3.46666666667,-80.66698741912842,-3.507260322570801,78.08163649135949
See how the word wrap back to the previous line .,2.53333333333,-58.77884769439697,-5.343531608581543,14.169405295730513
The cafe itself is so filled with smoke that I'm sitting outside on a bench .,3.75,-75.36260652542114,-4.433094501495361,36.63152538119641
The surface need not be perfectly flat or smooth.,3.92307692308,-37.80572175979614,-3.7805721759796143,32.329490435793886
"Given that this work is done, the draft plan then be examined in the next detail - and probably torn to shreds .",2.0,-123.00909757614136,-4.920363903045654,41.78492666537471
"There are 5733 empty municipal house , nearly 2,000 of which have been empty for more than a year .",2.76470588235,-96.37936735153198,-4.1904072761535645,45.504679597207684
Heath ( 3.3) summarizes an influential and well-established tradition in the study of class differences in education.,3.35714285714,-103.75228500366211,-4.323011875152588,41.04579378285166
This phase is believed to have been controlled by reactions between salt solutions associated with Permian sediments and volcanics and the underlying Devonian rocks.,3.4,-135.96309185028076,-4.532103061676025,67.18280350524145
And his price - its price can be of immense use.,2.375,-61.95612144470215,-5.163010120391846,21.429937519808064
"There was a significant improvement in the presence of miners in Mansfield clinic , but since this was much closer to their homes .",2.29411764706,-116.75399541854858,-4.670159816741943,48.32243307346957
' So maybe most of the errors were on my side .,3.625,-57.827402114868164,-4.818950176239014,18.228312344570355
Gere and Basinger star in the erotic thriller final analysis that Warner Home Video will release the video libraries for 18 October.,2.4,-146.61616802215576,-5.639083385467529,59.67064099958972
"Recently, concern has grown that Michelangelo's ceiling in the Sistine Chapel in Rome has been irreparably changed by the Vatican conservation team.",3.82352941176,-109.07188773155212,-3.7610995769500732,88.18678009871078
Disillusion me and get my sympathy at the same time .,2.76470588235,-62.07871055603027,-5.1732258796691895,11.569375931732523
The horse shot out like an arrow from a bow . ',3.8125,-57.73420715332031,-4.811183929443359,25.66321073819836
The British Horse Society is anxious to find out why a third of them should have happened in this year alone .,3.06666666667,-102.41017246246338,-4.655007839202881,43.09881171515147
"Made with Pertex fabrics and Quallofil 7 filling, Compact Lite weighs just 1.2 kg , and in its stuff sack , reduces to 7l .",2.47058823529,-201.3169755935669,-6.1005144119262695,23.43690243690037
"In exceptional cases , the Department does not apply withdrawal clause if there is a reasonable explanation for failure to notify.",3.33333333333,-93.84447383880615,-4.265657901763916,65.05169276261947
The strategy that had proved so successful in the sphere of science and technology encountered serious problems when applied to complex social systems.,3.41176470588,-90.66617774963379,-3.777757406234741,82.46446489219727
"' Goodness me , who on earth could it be? '",3.8,-65.62381219863892,-5.047985553741455,17.03308887063325
Small samples are sometimes confused with Synodontis petri color .,3.22222222222,-88.84586524963379,-6.346133232116699,-1.746097985511895
"They called us out to the stadium early, and it was hot , very hot .",3.64705882353,-67.77679896354675,-3.986870527267456,38.97013498754906
"Often, I pick up an artist from their home and take them to Middlesbrough where they are interviewed by Radio Cleveland.",3.5625,-94.30310726165771,-3.7721242904663086,70.9695913975429
"Its muscles, but not so tight as those of a young man, bulged with the effort.",2.69230769231,-74.17293548583984,-3.708646774291992,49.47708894968605
"The review copy is solid black, but the basic model is oil finished.",3.92307692308,-86.07160091400146,-5.738106727600098,21.188117478777144
"In their bedroom which crashed to the floor, which instantly awakened one of the twins began to howl .",1.84615384615,-110.12730360031128,-5.244157314300537,28.476488636928593
Want a man who was such a louse .,2.07692307692,-49.05654430389404,-4.905654430389404,7.377371241060118
This required movement can not take place except in a liquid medium.,3.71428571429,-59.016732692718506,-4.539748668670654,32.088572856168454
Upper Stowe was once called Butter Stowe because London carrier together butter here .,1.57142857143,-130.38965272903442,-7.669979572296143,-2.2989286175384507
Induction of adhesion of specific T- cell subsets of specific cytokines would make the process of lymphocyte recruitment more flexible and selective.,3.36842105263,-124.25018548965454,-4.284489154815674,70.25343999384305
"If I had been in your shoes , I would have gone right out of him. '",2.6875,-63.83797359466553,-3.5465540885925293,48.32997990634885
A friend to everyone she met ... much loved and much missed.,3.29411764706,-67.03547143936157,-5.156574726104736,28.99441182687997
"' But it was lost - the walls were built over it, the paper had dissolved. '",3.23076923077,-85.48474311828613,-4.499197006225586,43.00772240343818
"He 's going to buy her a new typewriter , that old thing she practices in making sound like a trumpet Candyman .",2.4,-130.16853523254395,-5.006482124328613,38.098841560736616
The previous maximum flue length for the 10.5kW and 18kW output boiler was three feet .,3.64285714286,-110.58751153945923,-4.808152675628662,20.500949828910592
"Rising slowly like a machine , she made her way over to the counter and picked up the receiver .",3.71428571429,-86.89078044891357,-4.137656211853027,41.093742697897625
Does he really offered you your job back? ,1.92307692308,-55.515785217285156,-5.551578521728516,10.740821997335885
"They were gears that work together , fits into place when and where they were required.",2.82352941176,-90.15110492706299,-5.303006172180176,25.96249600338963
Shall we call it the Lowfield that sooner or continue to use ' The New East Stand ' ?,1.88888888889,-129.67745733261108,-6.175117015838623,7.225200875142548
"Agnes , now fully dressed , walked into the hall .",3.70588235294,-69.27546501159668,-5.772955417633057,6.806676736627367
"You should get a certificate of posting, which is available free on the counter.",3.5625,-65.99982452392578,-4.124989032745361,37.23243649291534
"Secondly , they retained 25 percent of the capitation money outside the formula system for discretionary allocations .",3.33333333333,-107.29671144485474,-5.647195339202881,37.79048092373134
Modernization and industrialization of the nineteenth century Britain changed population map.,2.82352941176,-70.93140983581543,-5.066529273986816,24.73565644542893
"Pallister 's rivals are: Steve Bruce (Manchester United) , Stuart Pearce (Nottingham Forest, Paul McGrath (Aston Villa) , Gary Lineker ( Spurs ) , Ray Houghton ( Liverpool) .",3.53333333333,-159.89549922943115,-3.402031898498535,160.91998390799125
' This shows that the company does not learn from this lesson.,3.1875,-53.915250301361084,-4.147326946258545,33.73687034311034
"Here we have an uninterrupted view of the prospect , and what a glorious prospect there is , stretching far away for many miles on either hand .",2.73333333333,-123.4207820892334,-4.4078850746154785,66.24627459993906
"Left Debenhams lambswool jumper, £ 24.99 , cotton chambray shirt, £ 15.99 , tie , £ 7.99; Mill washed cords, £ 29.99 , casual Gibson shoes, £ 34.99 .",2.46666666667,-223.38482332229614,-4.214807987213135,97.5416522645512
"Two years before , met two TA soldiers at an Army open day .",2.11764705882,-94.81646919250488,-6.772604942321777,8.649095166123388
Orthodox Judaism continues to teach an elaborate separation of menstruating women from contact with the men in her family .,3.3125,-102.56066799163818,-4.661848545074463,52.179450739846345
A recent architectural survey revealed problems in the 60 -year-old church in greeting Salutation Road.,2.23529411765,-111.16528511047363,-5.558264255523682,28.02718736420198
The fireplace in question was put into a big thick wall that partially divided main compartment.,3.25,-99.03599691390991,-5.825646877288818,26.3151817996888
Ella Burrows was another example of dedicated service.,3.6875,-63.02555227279663,-5.72959566116333,11.886975219442633
"It's a brave move to start over in a garden , and a sure test of one's design talents.",3.5625,-98.72472095489502,-4.487487316131592,36.779882950929135
"Liverpool won early popularity as a result of Britain's military victories in the Peninsula , just as Mr Major 's reputation was enhanced by the Gulf War .",3.4375,-138.6917209625244,-4.6230573654174805,89.39978781276852
EEC has banned BST until further research is conducted .,3.66666666667,-68.16880989074707,-6.197164535522461,22.540389591907967
This deliberate emphasis on young people's unreliable and hurtful past relationship poses a dilemma for housing workers.,3.47058823529,-105.0313663482666,-5.25156831741333,51.665860265315615
"Act of July 29, 1881 stated : ' publishing and the press is free. ",2.52941176471,-92.30319786071777,-5.127955436706543,26.84776227448988
As far as I can see we can either go for Dersingham or the man himself .,3.76470588235,-87.05253267288208,-4.581712245941162,23.361866066304785
The distinction between the existence of the license and its ceasing to have effect .,2.4375,-74.47933959960938,-4.654958724975586,20.34057970712186
Turn them into public gardens and creating a type rather than an eyesore.,2.52941176471,-76.91546201705933,-5.127697467803955,24.725502901026047
Mr Hawke last week reiterated his support for airlines to recruit new pilots abroad and re - hire their former pilots on individual contracts.,4.0,-120.84841537475586,-4.648015975952148,107.99279334990331
In February refused counselors to allow a variation of the hour .,1.82352941176,-88.67235374450684,-7.389362812042236,-3.9965287575156054
"Latin America has the lowest female participation of a region of the world , including the Middle East, despite its severe restrictions on women's activities.",3.0625,-103.8347396850586,-3.708383560180664,92.67032233634012
"She smiled and shrugged , staring off into the distance .",3.73333333333,-48.85210132598877,-4.441100120544434,23.3826627496247
"Nine schools in three LEAs Midlands , will be identified for specialization , for a survey.",2.92857142857,-117.35126209259033,-6.519514560699463,8.48842693197335
"It is when the requirement for neutrality is seen, as it must be, as a sham that the damage is done to the judicial system .",3.0,-105.96767234802246,-3.784559726715088,73.87165491684965
"Some of the trees , the vegetation and the animals mechanical creations of Mirage Enterprises.",2.16666666667,-95.55294799804688,-5.97205924987793,16.41496453926031
"I tell him because that's what I think , although it may be they or even she .",2.6,-88.7943902015686,-4.673388957977295,21.286086294301754
"Julie 's husband Tim stood weeping beside the grave of St Botolph 's Church in Brampton, Northants .",3.23076923077,-129.08679246902466,-5.163471698760986,46.17642768943534
"Sequel arising from Hook Barrie - esque willingness to rob another man's family , and from modern man fears for the child itself .",1.82352941176,-178.89822006225586,-6.389222145080566,16.845121654234248
Invite the person closest to you to give you some honest feedback on the degree of diplomacy viewing .,3.46666666667,-95.99464416503906,-4.799732208251953,43.81420235367125
We have seen her golden smile on the face of Tatler and her figure in dozens of fashion glossies .,3.45454545455,-115.45758724212646,-5.248072147369385,27.53323347251731
There is little room and apparently no regard to a contract by the appraiser as principal .,3.0,-104.60563659667969,-5.811424255371094,7.67353312608688
The program indexes specified files on your PC hard disk so that almost instantaneous keyword search .,2.1875,-114.07842302322388,-6.710495471954346,34.976562873036244
"And the program ended as it dropped onto the fire to a chorus from the rest of Alf -family 'unclean , unclean' .",1.92307692308,-177.6441593170166,-6.3444342613220215,-11.50545347519568
John Taylor was an itinerant craftsman who came from Oxford in 1839 to redefine the church bells at Loughborough .,3.6,-114.14592266082764,-4.390227794647217,54.1115372886438
"Be flexible , if necessary suggest that more time should be devoted to an item in a meeting .",3.35714285714,-92.66973781585693,-4.877354621887207,31.608899578953938
It was originally published by the American company Houghton Mifflin ) .,3.57142857143,-64.25333404541016,-4.015833377838135,27.353335320808668
For the truth is that no single agent affects our planet as much as we do.,3.73333333333,-61.94184422492981,-3.6436378955841064,55.354622061497665
"Those days are gone , thanks to our efforts.",4.0,-46.627535820007324,-4.662753582000732,21.110671985608917
"Lay participation in the operation of the service was reduced , appropriate community health advice was created to represent the public.",2.625,-112.30206966400146,-5.104639530181885,38.60831784480578
The result - The Romance of British Wool - will be performed in one of the world 's largest and most prestigious stores in October ( 8-18 ) .,3.11111111111,-151.00038146972656,-4.718761920928955,67.01552990874393
"Why not give in to the folly of it, instead of feeling distress?",3.61538461538,-62.82990217208862,-4.188660144805908,33.33794937322348
"TV presenter Keith Chegwin opened his heart in front of the cameras yesterday and admitted """"I'm an alcoholic .",3.61538461538,-113.14162063598633,-4.919200897216797,50.06272750463873
"They established themselves in the south -west , and their king, Athaulf , held in Narbonne .",3.0,-129.12757873535156,-5.6142425537109375,-4.295652849873051
"Borrowers , Mr and Mrs Clothier , had a £ 225,000 advance at their home in Silverdale Avenue, Walton -on - Thames .",3.0625,-160.1661376953125,-5.005191802978516,54.08767828054161
Rachel sat in tense silence by despicable Damian Flint .,2.875,-86.37153625488281,-8.637153625488281,6.596501316909794
"Fat couple in holiday plaid , bouncing around like toddlers in low- g and cooing over the moon dirt souvenir jewelry.",2.0,-154.44131565093994,-5.9400506019592285,38.67457273819838
The Presidential Council initially seemed designed to replace the CPSU Central Committee Politburo as the main center of political decision making in the Soviet Union.,3.61111111111,-117.28561496734619,-4.0443315505981445,84.44492267251249
The hon . Gentleman said that the proposal was half-baked .,2.94117647059,-62.41800403594971,-4.458428859710693,13.129141805784514
The addition of an associative procedure for this model was thus seen to provide the opportunity for a truly automated kinematic assembly process .,3.5,-123.66889429092407,-4.580329418182373,55.26544537591053
At the end of January the known death toll from the revolution had again reduced drastically to stand at 689 .,3.38461538462,-105.9341869354248,-4.815190315246582,44.287933849311514
"OLD sailor Harry Ward is not looking forward to bonfire night ... because his last drinking companion , Johnny papier mache Guy, will be burned alive .",3.06666666667,-170.06047344207764,-5.485821723937988,70.07369186587687
The conveyors are designed to withstand accidents and until recently Govenrment precluded any possibility of a radioactive leak .,3.21428571429,-132.55288696289062,-5.523036956787109,29.282760768273505
I knew there had to be a wound she had been drowned or suffocated or poisoned.,2.625,-80.57860565185547,-4.476589202880859,35.194515444807635
"Now, only half of its revenue from mainframe computers : the new strategy means selling less machines, based on industry standard 'open ' operating software.",2.86666666667,-156.1227321624756,-5.2040910720825195,71.25503774419747
We are firmly committed to equal treatment of men and women in pensions.,3.5625,-49.03541135787964,-3.5025293827056885,47.175049836111356
"The venom is rarely dangerous, but anyone who has accidentally stepped on a sea - urchin while swimming knows how painful swelling can be.",3.625,-131.37603759765625,-4.6920013427734375,82.30272900948714
Luckily for us simple folk game plot is very straight forward .,3.0,-70.45792007446289,-5.871493339538574,28.62856363085004
"They will report to a board of directors chaired by Sir Robert Telford , director of Marconi, a subsidiary of the ubiquitous GEC group.",3.61111111111,-114.20984649658203,-3.9382705688476562,83.60532403340667
Let us take the motion of the A and B to be non- relativistic so .,2.625,-83.61573886871338,-4.4008283615112305,20.9762458923216
A training allowance and travel expenses for the 16 weeks of the program .,2.84615384615,-68.45344924926758,-4.889532089233398,25.290878182430802
"Evaluating the different cell types, such as muscle, skin , gut , and nerve .",3.47058823529,-86.53790283203125,-4.55462646484375,32.67413445912507
Bridget reported that the figures for Easter Course was much lower than in the previous courses held at Avery Hill .,3.13333333333,-124.01635551452637,-5.39201545715332,36.03713686314197
"Single £ 4.00 per night , extra night £ 16.00 per night",3.11111111111,-66.05431365966797,-4.128394603729248,51.570808416089505
"( 13) , which likewise was unable to discover a P3A + α subunit transcripts in muscle of chicken , veal or mouse , mouse thymus or torpedo electric organ.",2.14285714286,-216.21619701385498,-5.689899921417236,56.30223232177099
' Because around Cullbridge is horrible rich in rare species.,1.875,-101.37504959106445,-8.447920799255371,-10.71054744831676
"In a cold , late spring it can prove difficult to pasture of rye in time to work up a good tilth for mangolds .",2.1875,-160.13501071929932,-5.930926322937012,15.992674281322877
"We like dogs today and try to pass on all the right things to do to our current Scallywag , Monty , but he is not impressed.",2.58823529412,-147.25892639160156,-4.601841449737549,38.35651236765963
"In the 1880s several Neanderthal -like remains were found, and many paleoanthropologists began to claim that they made a separate species intermediate between apes and humans.",3.38461538462,-124.48763513565063,-3.6614010334014893,96.41517231926704
 The idea is to make it easier and try to get a good picture of how they feel about their own health .,3.75,-76.06647086143494,-3.3072378635406494,69.53309067170099
"In almost all studies of all sizes , one investigator be occupied full time questioning during the first days after the accident.",1.9375,-128.64156484603882,-5.593111515045166,31.958890304475773
But I think she had a good time.,3.82352941176,-25.86715078353882,-2.8741278648376465,28.81201017632965
"Thinking now Mike was wrong , it was disgusting, but she could not help herself .",2.73333333333,-91.48649311065674,-5.082582950592041,16.800554019320074
"Right now, Kendall did not return the aristocratic Everton he did seven years ago.",2.53333333333,-95.48952054977417,-5.617030620574951,30.62033965604111
"Australia would be happy if the accord led to the reopening of the Panguna copper mine , one of the world's largest.",3.52941176471,-95.15214371681213,-3.524153470993042,69.69274398260964
It is expected to fall to 15 % in April.,3.93333333333,-42.37308311462402,-3.8520984649658203,33.7476633813083
"Despite net assets up 35 % to £ 458 million in Stanhope, the city is impressed with the sector .",3.13333333333,-125.16569089889526,-5.441986560821533,45.15138575465292
Because a source less abundant and less generous than this river had dried up ?,2.85714285714,-86.32450819015503,-5.754967212677002,25.95653173023308
"C - and Ku -band , 4GHz to 6GHz and 11GHz to 14GHz , respectively , are now widely used .",3.0625,-117.58051300048828,-4.522327423095703,49.79787822391353
I will come back again next weekend and we can schedule it . ',3.6875,-63.505245208740234,-4.536088943481445,33.607329650464294
"These aspects of political elections is still important, but less than before.",2.88888888889,-63.03347873687744,-4.502391338348389,34.499717285450004
She did look a bit of a fool in front of anyone else who was watching .,3.6,-61.868263959884644,-3.6393096446990967,47.40373455529512
A group of North - Eastern businessmen and women last night showed that a Tory vote operations were secured yesterday.,2.73333333333,-128.2308554649353,-6.106231212615967,35.908151648652165
"In that case , they had not spent much on a decent script.",3.53846153846,-67.01766204833984,-4.786975860595703,19.398506179991188
"Carlsbro Sherwood 90 , acoustic combo , £ 150, Marshall practice amp, £ 45 .",2.13333333333,-147.81707763671875,-7.3908538818359375,13.87808439458584
"Pam and Errol has two children , ages 13 and 16.",3.21428571429,-64.0767936706543,-4.576913833618164,27.231249392545635
How to learn to change things for the better rather than just learning to adapt to the way things are now?,2.75,-68.69140577316284,-3.1223366260528564,77.83002735650712
"' It was thought - everyone thought - she would marry in her turn , and it would be the end of it .",2.66666666667,-94.62784194946289,-3.942826747894287,52.42436191810938
"We offer services that are global , integrated and fully comprehensive.",3.92857142857,-60.27856636047363,-5.023213863372803,31.071519535054264
The Human Resource studied in college and joined the company as a line manager .,2.125,-87.51990795135498,-5.834660530090332,13.676838853135607
"The remedy for the static quality of the regime of primary rules consists in the introduction of what we shall call """"rules of change"""" .",2.88235294118,-130.56693935394287,-4.835812568664551,48.00918559697541
"Sometimes I wonder how he passed his 0 - levels , """" said Dad when we crawled over cobbles and out of the village.",2.88235294118,-146.94576263427734,-5.651760101318359,39.23951820898637
"The Houses of Parliament , the cry goes up : """" Burn it down. '",2.46666666667,-89.52243041992188,-5.595151901245117,27.67768238548929
This is more representative of the nature of R & D projects than are single date often given as a result of a PERT plan.,2.5,-130.8521375656128,-4.846375465393066,53.135861850683966
"' This session , """" commented one of the community cards participants ' indicates that a dialogue is the best way to overcome differences.",3.41176470588,-146.33140563964844,-5.8532562255859375,40.776313533054804
"When women were given artificial moonlight for three consecutive nights once a month , their cycles synchronized to the lunar rhythm.",3.86666666667,-102.78633880615234,-4.468971252441406,71.5323489098532
Certainly he was not driven by the same reverent mercenary ambitions of some of his colleagues and sought artistic satisfaction wherever possible .,3.38461538462,-121.24816131591797,-5.052006721496582,53.158628052294944
"With snow in plentiful supply , we have a special section in this issue for those of you who want to get off piste .",3.0,-103.04271268844604,-3.963181257247925,65.65067301956975
"In other words generalist administrator urge the economists, statisticians , etc. for information, but it is the generalist who is """"on top"""".",2.52941176471,-161.5572590827942,-5.211524486541748,25.24055762196656
" Long enough to know my own worth , ' Gina said , annoyed by sardonic glint in his eyes.",3.31578947368,-114.40934753417969,-4.9743194580078125,36.238313601071724
"You are afraid , both of them, that I can detect my mom is not dead at all , are not you? '",1.71428571429,-115.44476747512817,-4.617790699005127,48.54831322847406
The slush recommend the same to local governments and gives examples of accounting policies that will be commented .,2.75,-120.54933547973633,-6.027466773986816,18.827151504660634
"Having decided he must again race the tide , he began a desperate cumbersome ran along the bottom edge of the pier .",2.07142857143,-131.33163499832153,-5.710071086883545,36.047900087790026
The birds can pose a serious health risk to humans who eat them in North Africa and Southern Europe .,3.86666666667,-78.44585418701172,-3.922292709350586,74.65777915497733
"After a month, the pain began to ease somewhat and Lisa was able to get up to his own room with Janet help.",2.2,-104.04773950576782,-4.161909580230713,67.56267958395088
"These problems , combined with the conservative government's free market philosophy, led to a movement back towards more market -related official rates in 1980.",3.76923076923,-139.05422401428223,-4.966222286224365,59.758038244646315
"He also claims to be considered a true all - rounder , having played many attacking innings in the lower middle order.",2.9375,-118.51395034790039,-4.93808126449585,55.10345431849754
"It was a natural sheltered pool , a trick of the rolling meadows along Comer .",2.66666666667,-110.2437686920166,-6.1246538162231445,7.47123896192457
"Then , slowly at first , he began to prepare the boy for this possible fate.",3.5,-78.15949964523315,-4.5976176261901855,26.534694247368748
"My German worked like a dream , like a brilliant robot turning on and stand back and admire as it does all the hard work .",2.1875,-133.56613063812256,-5.1371588706970215,46.54154144447867
Jess - her blunt nose comes in contact with Samson hand as she coiled around - bit him .,2.35714285714,-126.63978576660156,-6.331989288330078,29.018116869671275
A good deal gives me the feeling that I have been for a nice seven-day trip to the Bahamas. ',3.0,-91.44506239891052,-3.975872278213501,48.93651093902662
"It is excellent for skiing since lateral hopping motion can be used , the calves are well stretched and can also develop posture , balance and coordination.",3.15384615385,-148.56612396240234,-5.305932998657227,63.74078754454166
The biggest area where Renault score is comfort and equipment.,2.91666666667,-75.22086715698242,-6.838260650634766,12.060256823987473
"Any previous wheel- pit at this site , however, could have been either demolished and rebuilt or enlarged to take the new wheel.",3.11764705882,-127.7245512008667,-4.912482738494873,62.66182524288985
Along the flanks are arrays of proprioceptors which partially acts as external arteries.,3.16666666667,-89.23776340484619,-4.957653522491455,27.2030312587746
North Harbour coach Brad Meurant said : ' Everybody helped his comrades .,3.13333333333,-110.50195455551147,-7.366796970367432,11.64357619896991
"Powerful explosive eruption of gas -charged magma originating in the upper mantle produce small , shallow craters called maars .",2.8125,-149.2020606994629,-5.968082427978516,38.2565825870613
Risk of change in the expected long-term rate of economic growth.,2.92307692308,-51.55738949775696,-3.437159299850464,31.03968464201502
She stood outside the elevators in the hospital's main entrance with other visitors.,3.6875,-68.39044952392578,-4.274403095245361,35.563672862080125
A similar picture emerges in relation to the distribution of gross earnings among female manual workers .,3.71428571429,-76.07625484466553,-4.47507381439209,55.63031655735455
Solicitors and qualified members of the Institute of Legal Executives .,3.46153846154,-68.50196599960327,-4.566797733306885,13.964535887866944
"They are also fundamental to improve the quality and quantity of provision of health and social services , and to combat poverty.",3.2,-80.38346743583679,-3.4949333667755127,72.10885029758398
"Such orders may be added before Parliament and it was discussed on December 6, 1977 .",3.41176470588,-86.13407802581787,-5.066710472106934,38.165177697336134
"' Yes , well, I always thought Augustine was a bit simple in its ideas , William , waspishly , as if he were talking about a rival academic.",2.06666666667,-167.26385307312012,-5.068601608276367,45.89947066183805
The origins of Brazil's export success in military trainers and small civilian aircraft was quite different.,3.26666666667,-96.35589981079102,-5.353105545043945,42.0378502834825
"To my officers , it says why should we bother.",3.35294117647,-61.88728427886963,-5.626116752624512,10.194040751027131
Her Royal Highness traveled in an aircraft of the Queen's plane and was accompanied by Mrs Harry Cotterell .,3.0,-100.88970565795898,-4.203737735748291,54.43885127237775
"In the last two years of the war , I was in court visit each station and squadron in my endless quest for Pathfinders .",2.1875,-131.35977029800415,-4.865176677703857,34.50586900080833
EU does not concern itself with national health and education policies.,3.82352941176,-40.5664701461792,-3.3805391788482666,53.69603932016578
"The manager makes all the decisions and issues instructions, expecting them to be obeyed without question.",3.70588235294,-77.08705282211304,-4.057213306427002,49.96563456545084
"Now I understand why they paid Macaulay Culkin $ 3,000,000 - he deserved it .",3.70588235294,-84.96583557128906,-3.8620834350585938,46.37909597302104
This time there were windows to the child ( invisible competitor ) so your child can see how chocolate was on each trial.,1.6875,-140.43850708007812,-5.851604461669922,32.844506668952704
It is of such character string comparisons formats that we now turn .,2.07142857143,-90.1107268333435,-6.931594371795654,5.278578587235501
"He has been with me too , Brother, ' Tundrish replied simply .",3.07142857143,-104.74317932128906,-6.546448707580566,-8.095011385134114
"He had noted with approval the hot tears of Antiochus III , when the rebellious Achaeus was brought to him """" bound hand and foot """" ( 8.20.9 ) .",3.4,-189.337984085083,-5.259388446807861,47.92278442201862
Of the 18 patients who were alive at short term follow up (mean (range ) 19.4 ( 10-33 ) months) was 14 still alive in 1992 ( 69 ( 61-83 ) months ) .,2.30769230769,-180.9592628479004,-4.208354949951172,108.51837934474759
"He took the gun and went to the door , checking the horse and cart was still securely bound .",3.1875,-98.02133560180664,-4.901066780090332,34.802390675840826
"Front sash window , original fireplace , built in single wardrobes , radiator , power points , stripped wood flooring.",3.0,-139.90015983581543,-5.596006393432617,27.98775529022356
The result has been to destroy much of the progress in health care in the years prior to every dispute .,3.21428571429,-93.82581567764282,-4.467895984649658,39.83063115210348
Laughter shone in his eyes when he met her belligerent stare.,3.46666666667,-63.512742042541504,-4.536624431610107,27.4907917296311
"They were just minutes from the train station , the service was frequent .",3.0625,-64.1829309463501,-4.5844950675964355,23.74004670806758
"Perhaps most significant of all, three of boxing 's all-time greats - Ali , Robinson and Armstrong - was born into comfortable circumstances.",2.73333333333,-118.86624240875244,-4.0988359451293945,96.18209612352425
"Halifax Building Society, where the bombers had placed his unit , is now a pile of rubble .",3.53846153846,-104.87790107727051,-5.243895053863525,31.134074647357295
Michael Ryan has set for a rapprochement between deconstruction and Marxism.,2.53333333333,-68.95476531982422,-4.309672832489014,30.04512519583041
There is no other catalog quite like OXFAM Christmas catalog.,3.64285714286,-73.74391078948975,-5.267422199249268,15.748398675412872
"Unless there are more resources pumped in, this is going to happen , she says.",3.33333333333,-67.83174705505371,-3.990102767944336,49.57436372234484
It was a way of thinking and behaving .,3.86666666667,-40.045260429382324,-4.4494733810424805,12.362221375733768
"Yes,"""" she said briefly , and for a while they studied each other .",3.625,-79.30276489257812,-4.956422805786133,12.040290406057835
The parts of the law are arranged in three groups .,3.86666666667,-49.05446672439575,-4.459496974945068,17.96650370255557
"Oddly , his only international appearance for the English against the Scottish League in 1914.",2.9375,-99.95563888549805,-5.553091049194336,13.192528571836363
Through discussions information from other sites are confidential.,2.61111111111,-55.591373920440674,-6.176819324493408,13.668898726579314
"A prime minister can not safely delegate its investigation because , once adopted , these rules affect the lives of 56 million Britons .",3.4,-133.3425636291504,-5.5559401512146,56.06806589708407
"Somewhere in the silence between them a phone began urgency , persistent ring .",2.0625,-103.90814971923828,-6.494259357452393,-2.013198804104505
In a number of cases reminders were necessary ( both in writing and by telephone ) .,3.66666666667,-78.53532075881958,-4.619724750518799,32.95078801982736
"However , things may look quite different from the angle of them just above the lower limit.",2.66666666667,-78.30755996704102,-4.350419998168945,40.938299649172166
"Repeat what they hear , women on the right claim that something called """" Salvadorean democracy """" is in danger.",2.07692307692,-124.9521803855896,-5.432703495025635,37.960553734039365
Thomson Holidays include an airline (backward integration) and a chain of travel agencies (forward integration) .,3.625,-110.11175203323364,-4.7874674797058105,43.804064743945304
Some of London's historic houses can still be seen as they were intended.,3.76470588235,-53.500986099243164,-3.566732406616211,49.131067246182056
Table I summarizes the clinical features of these patients .,3.9375,-41.97127342224121,-4.197127342224121,31.90669736798003
"Further information from SS Langer, RSC , Burlington House , Piccadilly , London W1V 0BN .",2.3125,-124.96641874313354,-4.998656749725342,21.32224571284246
"The Jarisch - Herxheimer reaction , usually abbreviated as """" Herxheimer ' reaction following the first dose for the treatment of syphilis in a percentage of cases.",2.42857142857,-180.45927047729492,-5.155979156494141,41.73582912202099
"Ideally, this would not be necessary if those submitting them has a vision for and support the work financially.",2.66666666667,-102.84612274169922,-4.674823760986328,35.24315799653942
"Looking around the room , on the old , worn furniture , I realized that Herbert must be very bad .",2.75,-108.97290802001953,-5.189186096191406,26.896540475112886
They will be joined by John Tierney and John Kerr.,3.8,-44.298980712890625,-3.6915817260742188,36.61404998487029
Nevertheless trophy sitting in Jim office at Peel Park and will stay there .,2.21428571429,-103.81539344787598,-7.4153852462768555,9.428681040347655
Homology search in Leeds and Swiss protein databases failed to detect any significant similarity with other proteins.,3.3125,-101.90563249588013,-5.363454341888428,58.1861226360063
' It may have something to do with Angy murder.,2.78571428571,-54.82759666442871,-4.568966388702393,21.525506773324437
"Farmers , who see themselves as guardians of the west , saying that grazing generate economic stability and feeds the nation.",2.23529411765,-113.37852430343628,-4.929501056671143,52.94196013925276
"A water softener works on the principle of """" ion exchange """" .",3.57142857143,-78.48796463012695,-5.606283187866211,28.07639252328937
"Steve Jones (he speaks specifically about Jones ' zealous Christianity) : """" Many people are simply uncomfortable with some people """" over - religious """"or whatever you call it .",2.75,-204.26350116729736,-6.007750034332275,71.5099826935778
"Lorne plateau is formed of Devonian andesitic lava and tuffs that are concurrent with Lagalochan intrusion and mineralization, and unconformably lie over Dalradian schists .",2.66666666667,-259.53894567489624,-6.654844760894775,-21.138566656550324
Many of them also offer a mail order service,4.0,-40.085763931274414,-4.453973770141602,24.929911552219977
"He looked up at Athelstan , his face beaming with pride.",3.92857142857,-54.04828190803528,-3.6032187938690186,31.143908470672685
"She was used to drive the luxurious Saab at this time, although the first charge had paralyzed her considerably.",2.29411764706,-106.17194175720215,-4.825997352600098,43.90148970178808
We want to give children positive memories that they can draw on in difficult times at home to build a better country .,3.53333333333,-94.2932858467102,-4.099708080291748,65.51360073260497
'The PLO was trying to sabotage the departure of Muslims.,3.78947368421,-59.9432053565979,-4.611015796661377,28.101748811517623
"MOTOROLA get GLOVES OFF IN BATTLE WITH HIS old rival, Prices PowerPC PRICED TO BEAT PENTIUM",1.64705882353,-179.76516723632812,-5.9921722412109375,-30.009720347154968
"Like many popular assumptions about the subject, this is wrong .",3.84210526316,-54.757633209228516,-4.563136100769043,24.949423372824555
"Mutalibov told Izvestiya , from his hiding place in Russia , that the charges were political persecution .",3.26666666667,-101.57449007034302,-4.4162821769714355,32.3784871786811
For Commercial Union market model explained 25 percent of the variation between the returns .,2.30769230769,-101.1450719833374,-6.74300479888916,11.542556763550692
"My suggestion , I assure you, will be of mutual benefit. '",3.70588235294,-63.365482330322266,-4.526105880737305,34.42587226456669
Only in John's Gospel he makes a curious and deeply interesting statement .,3.0,-71.41849040985107,-5.101320743560791,26.443495206078538
They were returning from a day repair and construction work on a military base in Omagh .,3.41176470588,-83.30706882476807,-4.628170490264893,35.996078640946976
In one area ... four halls had their roofs burned off.,3.29411764706,-69.1453914642334,-5.762115955352783,31.715292352991753
"The buildings were transformed either pour into a gallery of Bohemian art of František Josef CuBr and Pilar, in 1960.",1.94117647059,-182.6211428642273,-6.297280788421631,-6.071266911076123
But the other part cried out against the very thought that she is someone else's wife .,3.1875,-79.95932006835938,-4.4421844482421875,33.716589248015936
These problems or investigation is expected to be diverse.,2.8125,-56.13872051239014,-5.613872051239014,11.196364913910628
Between August 1975 and December 1978 in COS -B satellite observed 2CG342 - 02 on five occasions and cataloged it as the tenth strongest γ - ray source.,3.26666666667,-214.2302703857422,-6.1208648681640625,58.57319046284181
"' We sent our rescue team as soon as we could, but it was too late, he says .",3.41176470588,-66.10130596160889,-3.14768123626709,77.61195499433194
"Not like a Saturday night at all though , not really. '",3.46666666667,-67.8422622680664,-5.218635559082031,16.697782803657987
Hopeful for what he did not want to miss when it fails,2.25,-66.63457727432251,-5.125736713409424,16.30860256638414
And what would you have done if Schemichal got hold of you and threw you off that last night ?,3.4,-102.16067886352539,-4.441768646240234,32.536172168102155
I should add that the argument he also invited my attention to paragraph 5 ( 7 ) and I will refer to that:,1.88235294118,-114.45882797241211,-4.769117832183838,53.99118323828847
"Once I was happy with the bottom group I copied it, like a mirror , on top of the image .",3.2,-95.79828262329102,-4.354467391967773,45.56906454951502
"From then on , the path to the double helix clear.",1.57142857143,-67.33699131011963,-5.1797685623168945,10.727690783210164
Sun is also preparing its Scorpion eight-way Sparc desktop computer for launch at Sunworld show at 11 May.,3.375,-128.57353496551514,-5.590153694152832,48.56318215690439
"Therefore, political and economic accounting of the costs and benefits of soil conservation programs for others outside the directly affected areas are potentially relevant.",3.5,-119.38058185577393,-4.5915608406066895,76.82013878029127
Does he further agree that there is a need to reopen the neighborhood police stations and putting more emphasis on community policing ?,3.0625,-96.32902765274048,-4.188218593597412,75.01423091927373
Fourteen days later Edward sealed text and issued it to all women .,3.05882352941,-88.70914649963379,-6.336367607116699,9.218103466610344
Since then it has been so intensely followed as many full-length TV shows .,2.88235294118,-82.668212890625,-5.1667633056640625,25.83263086144359
Questionnaire sent by mail will not be returned and refused interviews .,2.61538461538,-77.39107751846313,-5.953159809112549,12.115679181887842
"Twice I ran dangerously close to the edge , my eyes dazzled and eyelid drooping.",2.9375,-88.07880401611328,-4.403940200805664,35.2800633082511
"The operation will eventually involve more than 35,000 troops from at least nine countries.",3.93333333333,-52.45269751548767,-3.0854527950286865,66.75355189761898
UI will no longer be just a claim body or a marketing arm for USL .,3.30769230769,-93.165283203125,-5.8228302001953125,28.13365349109769
Before explaining how to tackle a course race is worth looking at what makes a sailor go faster than another .,2.11111111111,-110.5691328048706,-5.265196800231934,50.761185232882355
Only there was anything else she could go .,1.66666666667,-44.30372858047485,-4.92263650894165,12.612870752520081
"Although his features looked as if they had been carved out of the rock, in the depths of his eyes touched something .",2.23529411765,-91.11214256286621,-3.796339273452759,61.255017796814315
"In both subjects , however, the status quo changed radically in comparison to 1979.",3.75,-79.20667266845703,-4.9504170417785645,34.64807208856001
"These percentages were not uniform across the country , local specialties dictated what was available .",3.25,-90.15741157531738,-5.303377151489258,29.311540354245523
We may never know the exact number of deaths.,3.71428571429,-29.574551582336426,-2.9574551582336426,36.830641689796806
This was rejected on 17 April and 18 respectively .,3.0,-62.007670402526855,-6.2007670402526855,12.566945020213836
"Women , Art and Society is a synthesis of the work has been progressing for twenty years about women and the visual arts .",2.41176470588,-103.68549728393555,-4.3202290534973145,54.890261522266115
At his own expense he established no less than ten p.m. charitable schools in Pembrokeshire alone.,2.5,-100.08734464645386,-4.003493785858154,35.58791237188228
Ground deformation during an earthquake could bend pipes as if they were drawn copper wire.,3.61111111111,-85.70268058776855,-5.04133415222168,50.20810076969417
"Within a few days of his election he already knew that the way to achieve this """" new Pentecost """" was an Ecumenical Council.",3.41176470588,-122.59169101715088,-4.227299690246582,64.55976828267535
To follow Jesus as his disciples means that we also encounter resistance to live like him .,3.375,-94.86100387573242,-5.580059051513672,27.44463594439935
His wheel ran into the wet grass and the machine crumpled and fell to his knees like an animal shot in the chest.,2.78571428571,-97.5583004951477,-3.75224232673645,67.88186586891192
"Jenna stopped and faced him angry, but before she could speak he tilted her face with a strong brown hand .",2.5,-112.69708490371704,-4.89987325668335,44.16166639681148
" I look at you, """" said Grainne softly , """"and I do not see travesties .",3.25,-109.01076936721802,-5.190989017486572,24.815520676345187
Next day one of 252 Squadron newcomers Beaufighter ( T3237 ) was mistaken for a Ju88 while on a local flight.,3.06666666667,-155.9269895553589,-5.997191905975342,24.850393345185523
"Carrington saw the ocean for the first two hours , mesmerized by the Scandinavian night, then went to sleep .",3.27777777778,-106.26466941833496,-4.620203018188477,42.170696569838896
"It was originally recorded as a crib and there was no deathbed , but there will now be a deathbed .",3.0,-95.19037437438965,-4.138711929321289,45.343899804557765
" Political in the sense that if I threw this glass of water over yourself in an interview , it would be a political act .",2.93333333333,-104.08252477645874,-4.16330099105835,52.735087212102115
"' So you're going solo now, said the victim, fumbling for her smoking again .",2.55555555556,-98.77771806716919,-5.198827266693115,26.810278752350456
Here are ten assorted uses for this book ;,3.70588235294,-52.59269857406616,-5.84363317489624,16.723768264798736
" Still in deep , old Michael , I should think .",2.0,-67.9072208404541,-6.173383712768555,2.5877517219302035
"A sports injury to increase the athlete, or Gilmore groin that occurs when tendons in the groin tear due to excessive stretching and twisting .",1.6875,-148.75805854797363,-5.509557723999023,56.12384787983797
"Ideal for a small flat , the washer / dryer as advanced as the one in the main house laundry .",2.64705882353,-119.88710403442383,-4.995296001434326,29.16907440491724
"The deputy chairman of the Council of Ministers , Boris Shcherbina , forbade the evacuation of surrounding Chernobyl until a government commission had come from Moscow.",3.5625,-140.9814453125,-4.405670166015625,65.45718424866621
The weekend was associated with an increase in fluctuations in accordance with expectations.,3.4375,-65.33745670318604,-4.666961193084717,34.513118923105296
"There is a tradition in our family that Santarém Madonna will always be reunited with their owners , do you know?",2.55555555556,-114.0934944152832,-4.563739776611328,45.457139856432434
"As it is a beta version , it is difficult to give ClarisWorks one star rating.",3.08333333333,-90.52729654312134,-4.764594554901123,30.010871089609466
All she had to do was get a good night's sleep.,3.86666666667,-29.127999782562256,-2.2406153678894043,46.925985176261406
A TOWN farm is plowing ahead with fundraising schemes to help disabled people and plans to the ceiling in a riding area for the disabled.,2.0,-146.57707977294922,-5.234895706176758,44.17884662245399
"'All credit to Gavin gave me the ball in the end, with a little persuasion .",2.1875,-89.44416046142578,-4.969120025634766,28.376906257975136
The first drafts of The Prelude was written in Germany in winter 1798-9 .,3.6875,-83.24316883087158,-4.8966569900512695,17.219871677148888
Soldiers will no longer be given free cigarettes.,3.85714285714,-43.114261627197266,-4.311426162719727,24.060377022591695
 A criminal trial is not a court order to reveal the truth .,3.5625,-54.261823654174805,-4.173986434936523,30.529974359433453
They came to the kind of unspoken understanding real twins enjoy.,3.53333333333,-71.18460702896118,-5.475739002227783,16.04091959263127
"' Harbury 's husband crime , """"said a voice, """" what is his opinion? '",1.5625,-126.98728561401367,-6.349364280700684,13.855302585852257
"Dustin is neat Beatle cut is slightly disheveled , and there is a close up of a mole on the right shoulder .",1.8125,-124.93171119689941,-4.461846828460693,39.312717485447735
"In the late 1940s there was a wider range of predefined grocery lines available, and improvements had been made in the quality of packaging.",3.71428571429,-103.139723777771,-3.6835615634918213,79.89449154909872
"After clearly factual ' Headpiece filled with straw """" comes the most absurd poetic words of all, indicating the speaker's weakness.",2.42857142857,-170.3919529914856,-6.815678119659424,25.16397554069937
"I thought it was some weirdo and when I asked who was calling voice shouted, """" That's me ! '",2.70588235294,-114.03510093688965,-4.958047866821289,38.0525150973333
" Well, it's not a bad idea, is it?",3.8125,-24.440096855163574,-2.036674737930298,47.838200370296505
"The beauty of glass , he wrote , is this, that the surface does not need to be covered .",3.125,-82.22525811195374,-3.9154884815216064,40.904835721938454
"The Cougar mold was last used about 8 years ago and is past his best, he suggests Mirage similar to the Cougar .",2.375,-139.35423851013184,-5.35977840423584,37.71548408514914
"I should probably have a word said Brigadier , pull the head and open the door.",2.16666666667,-100.79520034790039,-5.599733352661133,9.29804630170051
"Some slogans and ideas from the """" Democracy Wall Movement"""" of 1978-1979 was another brief consultation during these days.",2.625,-132.28075218200684,-5.751337051391602,33.718947276552484
"The Metropolitan Police decided in the Supreme Court damages claim by cameraman Mr Anthony Walsh , whose spine was injured during the Wapping dispute.",2.6,-151.17001247406006,-5.598889350891113,65.04280790471418
"' If I get another few shillings out of it, I have not earned them ?",3.125,-78.83847761154175,-4.149393558502197,40.14208023321781
"Fill the gaps, identify queries and note points of immediate attention.",3.69230769231,-78.19694471359253,-6.0151495933532715,20.930407962868898
And he blows the smoke back into my mouth .,3.625,-47.57284164428711,-4.757284164428711,18.228442933475847
"The genetic spray was described as a very exciting development by another team of researchers, Dr Julia Dorin .",3.11111111111,-103.78952836990356,-4.942358493804932,53.58322825228353
The old Highways Yard in Rigby Road with its railway connection seemed to offer an ideal site .,3.5625,-113.8166618347168,-5.69083309173584,30.44261061287412
"Jodami and Jag wild jumped the last together, and Jodami found the vital additional equipment to benefit from it.",2.05882352941,-149.52799081802368,-5.981119632720947,15.610723953196981
Is it possible to view private wealth co - existing with corporate poverty ?,3.18181818182,-91.20965766906738,-6.514975547790527,23.31781891027731
The Ardakkeans was said to be superhuman strong and invulnerable to most life - threats.,3.0,-121.75045013427734,-6.087522506713867,-4.548369888349427
Villagers fight to block the sale of the old common,3.17647058824,-51.868332386016846,-4.71530294418335,20.666025994107173
There are various ways that a recovery may be obtained from: -,2.53333333333,-54.00157594680786,-4.153967380523682,39.30270362155599
"By the way , it seems a long way , but I just need to walk a mile across the fields outside the farm.",3.26666666667,-98.2048511505127,-3.928194046020508,54.62049154554785
And Notes from Underground is just such a fable of disembodied consciousness.,2.82352941176,-79.03691053390503,-5.269127368927002,18.36604881154537
We got our film crew and Robin sat down in front of our reeds.,2.75,-75.59891510009766,-4.7249321937561035,35.37835373385933
"Conservative candidate Robert Goodwill, has written to Labour's Marjorie Mowlam ask her to clarify her personal position on the nuclear defense of the country.",2.82352941176,-141.36752319335938,-4.4177350997924805,64.83177092926024
"The Arab masses, indignant at the Western humiliation of Saddam Hussein , were expected to rise up against their pro - Western leaders .",3.46666666667,-114.8801679611206,-4.418467998504639,81.41781200655603
Some of America's most powerful men are worried sick after the theft of an address belonging to New York's most notorious madam .,3.33333333333,-106.11067008972168,-4.081179618835449,76.34395780018608
"Neil Cosson , director of the Science Museum , is convinced the old numbers can be restored.",3.93333333333,-97.68145561218262,-4.884072780609131,31.82649321026645
It would be a good exercise to compare this electrical system with clear acoustic string telephone in Part 1 ( November 1991 edition ) .,3.125,-137.48522996902466,-5.499409198760986,55.95924869206411
The role of the state was even more pronounced in Berlin in the cultural sphere.,3.6875,-62.35568618774414,-3.897230386734009,39.18980010465033
AID TRIP gives students a lesson in third world poverty and FEAR,3.0,-92.61518955230713,-6.174345970153809,3.73596517838277
"She noticed his fingers trembled , and her anger faded , replaced instead by a wildly optimistic and hopeful.",2.64285714286,-112.16926288604736,-5.34139347076416,34.145204228609884
"In the jargon of quantum mechanics , this choice of behavior known statistic followed by the particle.",2.4,-113.60371398925781,-6.311317443847656,17.68758592884126
"You can format the spreadsheet manually , or design your own speed format routine.",3.5625,-83.53281497955322,-5.568854331970215,38.08455958390532
"He came to an arrangement with two actors, camera crews gave some private pocket and turned the film over to his assistants .",2.5,-130.01689910888672,-5.417370796203613,41.60584830710795
CELIA ALMOST WELCOMED thought of going to work.,2.375,-75.34379577636719,-4.708987236022949,-5.163167253209508
"I can only assume that my name had respectable associations, and he thought it could dampen criticism that can be called Athenaeum circles.",2.77777777778,-140.79622650146484,-5.028436660766602,39.850210624843925
" Earth to earth , ashes to ashes , dust to dust ... '",3.8,-61.18130826950073,-4.706254482269287,39.25587228614822
"' It so happened that No 5 Air School was not far away from the mine where Churchill hid under the Boer War, """" Clifford recalls.",3.13333333333,-164.1499104499817,-5.660341739654541,53.23279345782345
"I like to work things out with numbers, such as how much wallpaper or carpet I need to buy",3.5625,-85.29029846191406,-4.264514923095703,53.4927236910155
"Not only will the sample be easier in the future , but it should also be cheaper too.",3.84615384615,-62.78111696243286,-3.304269313812256,59.83811168005391
I then turned the picture round and completed the other two sides .,3.4375,-65.55889749526978,-5.042992115020752,18.805962920358766
"If so, they share their knowledge with us ?",2.5,-45.78190803527832,-4.578190803527832,22.52822203538274
Tip the mixture into the prepared tin and tilt the tin to level the mixture.,3.75,-65.23497009277344,-4.07718563079834,48.85364813302316
U2 last night unveiled its stunning new video interference on a spectacular bash at London Planetarium ...,3.3125,-124.28204202651978,-6.5411601066589355,46.327513370041174
But Mr. Leggatt hoped that the shortage of space for burials would lead to restrictions in the future .,3.44444444444,-96.58161449432373,-4.199200630187988,39.28174708709088
"My social worker who gave me advice asked me to adoption or fostering , and I said fetuses (it was a white family).",1.70588235294,-137.73371410369873,-5.297450542449951,43.722706099997936
"For this reason it was really only suitable for the production of plywood, which was very successful.",3.73333333333,-69.96169090270996,-3.498084545135498,49.230223734891325
But I guess they 've got something to show if they have built good roads and railways and so on . ,3.77777777778,-99.22272682189941,-4.314031600952148,49.0077355268665
"Tom - Frode , Odd -Knut and Tony waiting for us to arrive.",2.46666666667,-104.12680768966675,-6.125106334686279,9.003370020950939
The white lines show the body's electric power energy -giving crystals can set,2.125,-101.18506908416748,-6.745671272277832,10.706562844942951
Gift to create a pleasant environment with minimal resources .,2.53333333333,-62.61147975921631,-5.691952705383301,15.369273615050872
"Guinness provides financial support to organizations engaged in medical research, health , youth , environment and conservation , employment and enterprise foundations , education and the arts.",3.625,-138.25275421142578,-4.608425140380859,76.78077813329557
"The second workshop , developed by and for Napier Polytechnic , was designed to prepare college staff for a validation event.",3.93333333333,-119.88892555236816,-4.795557022094727,41.07704787887704
Questions may be asked by the Speaker (see below) or player who has just thrown (or would have just thrown ),3.38888888889,-110.53150177001953,-4.6054792404174805,60.80739865885815
And they said : Who shall we do ? x .,2.0,-60.0930871963501,-5.463007926940918,9.479843548617794
"The other limiting factor was less immediate , but the greater the potential effect.",2.72222222222,-80.49110412597656,-5.3660736083984375,19.277969228275566
It seems to me that she makes all the rules and I just waited to carry them out and still be responsible .,3.05882352941,-99.15406084060669,-4.311046123504639,43.738824276668936
"When the nest is finished, put the male in search of a woman.",2.76923076923,-57.53198862075806,-3.835465908050537,36.80702281578472
of them showed that they had been raped in marriage.,1.66666666667,-46.11066150665283,-4.191878318786621,25.101415693495568
The government plans to reverse the process of reforestation and investments in projects with sustainable development . ,3.52941176471,-87.90371990203857,-4.626511573791504,35.82303597171705
He deign not to compare the British and the French railways .,3.25,-62.72972106933594,-4.8253631591796875,21.045164085334974
"Adding child on her back , turn upside down and remove any debris in the mouth with your finger.",1.625,-92.28193283081055,-4.614096641540527,50.64064466828856
"Strache may be 37, but who cares really?",3.875,-56.280476093292236,-5.1164069175720215,20.686006794263974
"In return, cut the Church for a somewhat uncertain numbers.",1.5,-77.63061904907227,-6.4692182540893555,3.4781236491495093
But it is almost certain that the offer will be rejected.,3.88235294118,-32.78042507171631,-2.7317020893096924,41.520202542371834
"Mr Stolpe said the East Germans had recently discovered his power , and Mr Krenz had not succeeded in restoring management's credibility.",2.64705882353,-141.67366981506348,-5.059773921966553,50.78584798299997
"Smiling, Harry put the letter back in its envelope .",4.0,-52.79146385192871,-4.399288654327393,22.414171281783084
Leicestershire is the only county to account for their distributions TCCB in cash as opposed to when they are earned .,3.05555555556,-126.77784538269043,-4.876070976257324,26.80593914162111
"It will look good on the beach, an evening peak under a pretty blouse or under a jacket for work.",2.4375,-106.72947263717651,-4.640411853790283,48.205185203134675
"They also read representative works of traditional and modern Chinese history , literature , philosophy and religion.",3.78571428571,-84.85127449035645,-4.713959693908691,43.89388888493542
"If you prefer an elegant brass finish , the Brass dream fire by Valor a good choice, and costs about £ 399 .",2.88235294118,-150.38352012634277,-6.015340805053711,41.3763761501441
"' If you did, then it is just about the greatest miracle someone has ever done since the time of Jesus . '",3.71428571429,-96.18977737426758,-4.007907390594482,66.685010457249
"She kicked something in the dark , and stopped briefly to pick it up .",3.78571428571,-66.05488300323486,-4.403658866882324,28.40737109981538
"' I'm just back from India , he announced importantly .",3.70588235294,-69.21196746826172,-5.767663955688477,9.660527034849167
It's the kind of place where you can find another subject of interest each time you return .,3.82352941176,-72.80543637275696,-3.831865072250366,44.98548884192445
"McLaren keeps his own counsel , is as reluctant as Ferguson is gregarious .",2.14285714286,-90.69899654388428,-5.038833141326904,19.52714048822105
She had made a final attempt Archdeacon before departure .,2.1875,-69.84360122680664,-5.820300102233887,5.706907631429161
Air show: The famous Red Arrows are to provide a grand finish to Southport Air Show.,3.5,-96.94162845611572,-5.102190971374512,41.32436198086069
"Add the orange zest and juice , eggs , sugar , cornflour and ginger.",3.75,-75.99357318878174,-4.221865177154541,37.02397341524099
"A path led up from where they stood , its flag stone worn and broken, progress hidden here and there with moss and weeds .",3.28571428571,-143.02069187164307,-5.500795841217041,46.03692348335673
"' I have to peel potatoes for Matey , and you need to take evening surgery and be ready for your guests. '",2.6,-133.18771123886108,-5.327508449554443,39.1805908511123
R4 this morning SAYS DON HOWE is another likely candidate to take U.S. INTO THE NEW YEAR .,2.42857142857,-121.07036590576172,-5.044598579406738,19.872334983751017
It is one of the ways in which the Spirit awakens prayer in the people of the Messiah.,3.5,-68.56532096862793,-3.4282660484313965,43.84828476224915
Such conditions should be the same for everyone.,3.6875,-30.495611429214478,-3.3884012699127197,26.300581701919725
Or if you walked into her kitchen and disturbed .,2.35294117647,-55.60941696166992,-5.560941696166992,10.12537111391056
"But after 1976 , the municipalities of East London able to publish the advantages of its industrial areas .",2.33333333333,-111.88415861129761,-5.8886399269104,25.17172464861119
"Japanese banks operating in London accounted for 28.5 % of total loans from London in 1991 , U.S. banks 15% and other banks 40.7 % .",3.66666666667,-125.55187797546387,-3.692702293395996,103.98975748473194
" I'm dying for a cup of tea, Charlie announced.",3.69230769231,-53.201425552368164,-4.433452129364014,24.8417188293802
Katherine's mother had come home just days before they were ready to leave.,3.82352941176,-61.21116638183594,-3.825697898864746,41.91137050128637
And hoping for a Twickenham meeting with either Kidderminster Carolians or Hitchin in the final.,2.64285714286,-116.59405612945557,-5.299729824066162,9.721718385453869
"This is an appeal from Swansea City Council against a decision by Judge Michael Evans QC, Given Swansea City Court on 6 February 1991.",3.52941176471,-115.24333572387695,-4.432435989379883,100.48310874870529
"She stared into his eyes , and then suppressed hunger there, and her heart seemed to contract when the swell inside her.",1.86666666667,-119.91345977783203,-4.996394157409668,49.77714961906065
"A sense of well being , of transformation and enlightenment, penetrates the marrow of his bones .",3.35714285714,-86.56406784057617,-4.556003570556641,29.059847051725896
"- A control sample of respondents had all three traits, and a quarter two out of three .",3.2,-102.23904609680176,-5.381002426147461,22.411079869966102
wonder why you - But mibbe I should thank ma,1.2,-93.492440700531,-7.191726207733154,-8.297195723770301
"Blossoming out of the speaker boxes located at the curb , thundering from bars and shops , each corner of its own sound system .",1.82352941176,-143.90773963928223,-5.139562129974365,37.87478057067548
"A lovely flower early, strongly scented of honey , and a yellow golden interior, but plain gray purple, with darker stripes on the outside.",2.1875,-154.4457230567932,-5.325714588165283,57.6473691732414
"Young people's knowledge about the harmful effects of smoking are substantial , and those who take up smoking do so purely out of ignorance.",3.35294117647,-97.93140506744385,-3.766592502593994,85.63084335779425
Tandem annual revenue grew 24 percent to $ 1.6 billion.,3.86666666667,-63.162607192993164,-4.511614799499512,45.373610454309954
Gwyneth Dunwoody stated that we were secretly dismantling health and Roy Hattersley muttered about contracting out old people who brightened .,2.3125,-190.6091823577881,-6.807470798492432,0.7434920192063714
Can a man who deserted his wife and children for another woman is free without any scars?,2.11764705882,-72.43760776519775,-4.024311542510986,50.11064440281601
"If the French should take them and see them directed against such noted men , they can take care of sending them to them.",1.75,-125.16462802886963,-5.006585121154785,42.95817395196582
"The Cats Protection League Bazaar , Parliament Room, Royal Baths Assembly Rooms , Crescent Road.",2.07142857143,-122.796462059021,-6.4629716873168945,25.67192185494497
"Their findings are disturbing consequences for 600,000 people are believed to have been affected by the release of radiation.",3.0,-82.75115633010864,-3.76141619682312,64.69750658135311
"Viol tried to flag down another , but the driver ignored him .",3.76470588235,-61.6977744102478,-4.745982646942139,31.500671645262003
"Graphic oriented programming tools , application programming interfaces and cross- application macro facilities will also be offered .",3.58823529412,-117.70787239074707,-5.8853936195373535,46.89182031306697
"Thirdly, the uncertainty surrounding the future of the industry now .",2.0,-54.24625205993652,-4.172788619995117,20.76794111903203
The closest cooperation between the grant officers and each unit managers is important in the design of the plan and in planning your holiday .,3.17647058824,-131.8297266960144,-5.273189067840576,39.83051577470681
"There is no robust criticism , no convincing evidence , no sign of learning from a decade of failure.",3.6875,-87.47345924377441,-4.373672962188721,52.58550898517714
Survival time was defined as the period between surgery and death.,3.83333333333,-48.9145028591156,-3.7626540660858154,36.45978839719379
"Mr Tadgell , 32, rented an apartment in Australia with Joanna as she has gone from a cleaner to a waitress at the casino.",3.13333333333,-131.47924947738647,-4.533767223358154,64.77227236664629
"The Daurog moved about their business , eyeing Tallis with the same trembling caution as the night before .",3.35294117647,-134.5702886581421,-6.116831302642822,3.3439197583100793
"Mr Jenks marched along the corridor , glaring wrath fully about him , and the children fell back on both sides without a murmur .",3.11764705882,-151.4321780204773,-5.6085991859436035,42.00553077481874
"Your detective of the detective story , of course , went about seeking information.",2.73333333333,-81.68531656265259,-5.445687770843506,16.042824058120488
In the seventeenth century the new Dutch Republic was the only major power to make extensive use of this method of representation.,4.0,-82.95137786865234,-3.4563074111938477,71.47837781571351
As you work on a peer - group policy model of photography and opinion?,2.57142857143,-95.10822772979736,-6.340548515319824,13.32987969764784
It's not like the old days when people lived in villages and knew that great- grandad was a horse thief or whatever.,3.28571428571,-107.13284111022949,-4.1204938888549805,62.51727252431573
Directives had no application to the parliamentary proceedings or election law and reported speech.,2.76470588235,-95.38050079345703,-5.9612812995910645,18.62287165488779
"Crystal thought Berg was a newspaper reporter and she assured Rain: """"I did not ruin your story by telling him MI which killed MacQuillan . '",2.66666666667,-183.61259651184082,-5.92298698425293,39.905785774276126
"Another street also runs roughly north -south , lying between it and Ryknild Street , branch north of Tiddington road",2.53333333333,-157.57237672805786,-6.3028950691223145,9.851020057605382
' If you want to use the bathroom often .,2.875,-49.215664863586426,-4.921566486358643,15.967651080456179
"When the Indians went hunting , either for animals or rival Indians , their firepower fatal.",2.4,-104.12221145629883,-6.124835968017578,26.571416648433257
"Facts speak for themselves , but only if leaders are willing to listen , prepared to be convinced.",3.1875,-86.00225448608398,-4.300112724304199,42.00820977721858
"In the preceding decade, London and other major metropolitan cities recorded massive population loss ; between major cities either lost people or experienced only slow growth .",2.53333333333,-138.2849407196045,-4.938747882843018,81.76446656264105
"' After the demise of our great team in '86 , we were building sand castles for a while - they fell together all the time .",2.6,-131.92183113098145,-4.711493968963623,60.066694619079925
Amiss were struck by the courtesy and strangely uplifted to find that not everyone in this establishment was that Colonel Fagg .,2.13333333333,-152.90132761001587,-6.116053104400635,14.284353550169271
One in six trees in Switzerland is showing signs of ill health - twice as high as eight years ago .,3.76923076923,-83.52403450012207,-3.977334976196289,75.368700454204
LEFT : Painter and decorator Kevin Barton locked into this early 2 pounds 14oz plaice during a session at Lepestone Point in Hampshire .,2.35714285714,-204.8874807357788,-6.829582691192627,6.361923930241119
It has been estimated that 65 percent of the deals are spot and the rest is up appointments.,2.4375,-85.53932905197144,-4.50206995010376,42.4626238370584
This was necessary in order to qualify for a subsequent call to the Bar .,3.73333333333,-67.04522609710693,-4.469681739807129,27.701542321005164
"' Here he comes , watch out for this guy . '",3.82352941176,-56.9666862487793,-4.747223854064941,23.236604911536574
I hope you're not gon na have a place .,2.66666666667,-63.66227340698242,-5.787479400634766,12.419418642713424
to give children the skills necessary to perform simple math functions (related to the four rules) without problems,2.94444444444,-91.08212471008301,-4.55410623550415,56.65841395872562
The distinction between equity and equality in the distribution and use of social services is crucial to the debate on health inequalities.,3.78571428571,-83.3518590927124,-3.6239938735961914,75.45611623568081
After I had my tea I would go to bed .,3.26666666667,-46.05705547332764,-4.187005043029785,23.480897312223533
"The extensive tour included building purchase, consumption , laboratory, steeping , germination and malt kilns and dispatch.",2.92857142857,-150.71264934539795,-6.5527238845825195,11.715260895266766
"After all , he had managed to defeat the system and was in sole command of a small military unit .",3.78571428571,-84.4155535697937,-4.0197882652282715,47.35391231627423
Then she jumped up and ran along the trail.,3.86666666667,-33.51516246795654,-3.3515162467956543,32.94892320470633
I think G.P. hold me and caress me.,2.0625,-65.76851272583008,-5.059116363525391,7.1704785784475575
"I did not want to be a superstar , I would only be able to play well .",2.0,-63.943506717681885,-3.552417039871216,46.308874589560645
"This is not to deny , of course , is that crime and violence in today's society is an important social reality.",3.30769230769,-91.54229164123535,-3.8142621517181396,53.758281918159355
They strung a net between two trees and flipped around in a spirited game of four - a-side volleyball.,3.52941176471,-108.7175178527832,-4.726848602294922,50.00666387460271
"The administrative structure of the partnership, with its heavy emphasis on coordinating different agencies , would in any case tend to inhibit the unorthodox .",3.4,-127.83325481414795,-4.916663646697998,54.393901560299525
We walked solemnly around Gloucester in and out of the cathedral precincts while he told me about his childhood.,3.8125,-95.59280681610107,-4.345127582550049,48.21646128665827
"By comparison, companies in the 20-50 bracket workplaces suffer from neglect , they say.",3.4,-101.49057483673096,-5.638365268707275,24.615615672464614
Within a few days of writing my planning notes a reasonable ( by UK standards) day dawned .,2.8,-108.32293510437012,-5.416146755218506,34.57109437968157
"Whether this autoantibody has direct pathogenic significance, as in Wegener's granulomatosis , remains to be determined .",3.5625,-122.94976997375488,-4.391063213348389,17.109576414362607
"The event received widespread television and press coverage , and requested a civil rights march on 24 August from Coalisland to Dungannon .",3.17647058824,-140.4997730255127,-5.203695297241211,44.143475638273856
"Robin Child refuses absolutely to grade , and when O - levels paved the way for GCSE with all its internal courses and labeling, he rejected it .",2.5,-188.11461925506592,-6.270487308502197,33.97312726485981
"Synergie Ultra - Gentle Eye Make -up Remover with extracts of rose , a light oil-free moisturizer with soothing properties , £ 2.99 / 200ml .",2.71428571429,-188.7798614501953,-5.243885040283203,62.863738384618415
"Stewart and Tait was more aware of the degradation of energy, moral as well as physical and thus of impermanence of the world.",2.0,-119.38286685943604,-4.116650581359863,52.816055184561094
This rule is subject to a number of exceptions ( see Chapter 5).,3.8125,-52.94790077209473,-3.7819929122924805,43.104569725603795
We are grateful to Ken Byron to set up a much needed journal in Drama and Dance Education.,3.0,-98.12485218048096,-5.16446590423584,40.63379358417515
Cycling was also definitely related to gastroesophageal reflux .,3.73333333333,-59.37403678894043,-3.9582691192626953,20.820101432000115
"True to this tone , the tape Toms scientific analysis as opposed to bedtime bogeyman stories.",1.58823529412,-132.8059802055359,-6.324094295501709,2.4334659188222645
"As was suggested in argument , it would actually be to swallow the elephant and the load on the mosquitoes.",1.5,-107.1269645690918,-5.101284027099609,22.85137817726698
The relevant moment Dr Banda waves his fly whisk .,2.13333333333,-96.60288715362549,-8.78208065032959,-4.231312743946731
Both were former members of the left-wing extremist Red Army Faction ( RAF ) .,3.93333333333,-70.73301601409912,-4.160765647888184,52.686390991735905
"Yet ' - her tone changed again - """"I am grateful to you for your help. '",3.75,-81.50075817108154,-4.28951358795166,61.573175024708235
"Stokesley , yes , possessing either trade or manufacturers , has no appearance of bustle and business, and is a place that is well adapted to retirement . '",2.61111111111,-186.16647863388062,-5.641408443450928,24.42779013491264
"Although it is less harmful than removing bulbs and plants, can consistently seed snapper still effectively eradicate a species from an area .",1.8,-139.29251432418823,-5.571700572967529,59.92882531915939
"Tickets from Sgt Gordon Parkin ( phone 091567-6155 , ext. 6331 .",3.0,-123.87799263000488,-6.193899631500244,-4.747298295688992
"Religion : Christianity ( Bulgarian Orthodox Church ) , the Islam practiced by large Turkish and less Pomak minorities.",2.53333333333,-128.02714252471924,-5.81941556930542,41.47427937322544
"' There is no Black Dog here ,' said the doctor.",3.78571428571,-66.16742944717407,-5.089802265167236,21.36653947485759
"Learning a manipulative skills, such as writing , takes hours .",3.0625,-68.73712348937988,-5.72809362411499,18.64137564968628
Our common phone in the hallway wall by the front door.,2.5,-58.994882583618164,-4.916240215301514,24.088097696548886
"Mr Carpenter said : """" All the victims were elderly and infirm .",3.41176470588,-68.73360252380371,-4.909543037414551,43.67312730216376
"They say you're a known homosexual, we mean it, """" added a third .",3.06666666667,-93.77586317062378,-5.5162272453308105,21.34883643381093
A balanced intake of calcium today means a healthier you MORNING,1.82352941176,-84.86845207214355,-7.072371006011963,7.737650481741497
"When the bishops moved into the house 10 years ago , it had been on the market for 18 months and had become very run down.",3.64705882353,-95.77562856674194,-3.547245502471924,84.80435825930323
"I thought I could go to America and help anti - draft students around the army camps , he said.",3.375,-109.71722745895386,-5.224629878997803,41.28145621999289
Other people apart from yourself and the candidate that may be taken into account when fixing a timetable is :,2.375,-108.05569648742676,-5.402784824371338,37.14983857857021
Her mouth had formed the words before she realized .,3.46153846154,-56.65853023529053,-5.665853023529053,9.656733988122767
Water Temperature: The normal temperature range of 72 ° -76 ° F .,3.64705882353,-78.25613021850586,-5.217075347900391,42.56587298212803
The first is a surface wound that starts as a red mark .,3.6875,-64.1128716468811,-4.931759357452393,20.844914670928915
"We are really struggling at this point in time , thinking , """" What are we , what are we about? '",3.27777777778,-93.64118385314941,-4.071355819702148,56.7423832716529
I do not think Chris and the band know each other well enough at the time.,3.22222222222,-56.77616024017334,-3.3397741317749023,54.86915202597656
"' Donna , I said that we should call the police .",3.6875,-60.27187728881836,-5.022656440734863,16.68261994682136
"It loves damp , humid, airless places with a slightly more alkaline pH than normally found in the vagina (usually slightly acid ) .",3.11764705882,-142.61909866333008,-5.093539237976074,61.12210405507665
"Bong Water is Ann Magnuson carrying glowing incense stick it itself, Kim Gordon is a carcinogen Zippo on full flame .",1.375,-206.04535675048828,-7.358762741088867,-3.9878507370839884
"Now that she was looking closely, she realized that most of the rooms in the house had two doors .",3.78571428571,-70.6651554107666,-3.3650074005126953,57.25620187821657
"Both drank , aware that it had been a long afternoon , and Shelley least was thirsty .",2.4,-102.10294246673584,-5.6723856925964355,16.47768057334278
He had to go through Mordecai because he is a Copt .,2.94444444444,-67.55164861679077,-4.503443241119385,11.740389053614521
But now they claim the cost of free accounts is too high .,3.5,-58.3174614906311,-4.485958576202393,26.557885641439597
"What if Bruce and Pallister is injured , they have a ( decent) cover.",1.89473684211,-107.07172870635986,-6.298336982727051,4.529662680350498
But with his mother arrested was now up to him to take charge of rebellion in Poitou .,2.28571428571,-95.0760555267334,-4.75380277633667,25.776562965088047
' Can it be said Barry by any chance ? ',2.13333333333,-66.84493494033813,-6.076812267303467,13.015427484413024
He takes it like a duck takes to water.,3.5,-43.21193218231201,-4.321193218231201,25.602716480654422
Average household size has decreased from 3.09 in 1961 to 2.55 in 1987 and will continue to decline ( Table 2.6) .,3.6875,-97.65179085731506,-3.3673031330108643,82.66228105354634
The form in which the dialogue is represented is the one that best suits your mood and subject of dialogue.,3.26666666667,-82.40773057937622,-3.924177646636963,53.62366846014834
She had come to England from Berlin in 1930 and had begun his studies at the Central School of Arts and Crafts .,2.375,-79.44995498657227,-3.3104147911071777,78.069251322376
Being one of the Prince's Chosen Women have their drawbacks.,3.26666666667,-64.98187065124512,-5.41515588760376,11.061826235220067
"At least Ferdinando now know much English, what she had said to Pen to make him feel important .",2.125,-123.51310539245605,-5.614232063293457,13.967773029625022
"As if he remembered his manners , he saw an invitation Nicandra .",2.0,-94.93892192840576,-6.781351566314697,-3.745649099205707
"' Act Two - Beginners can , said a shaking voice from outside the door.",2.25,-100.55198383331299,-5.914822578430176,15.147926013699973
Coming and going - there had been too much of it.,3.4375,-39.76502323150635,-3.3137519359588623,38.69216497195495
"Sow seed outdoors in spring, or divide plants in spring and leave 60cm ( 2 feet) between plants.",3.375,-122.1336727142334,-5.310159683227539,47.631482500294254
"In 1925, Whittaker had become an expert in their field and Chapman were immediately impressed by his knowledge of football injuries.",2.9375,-107.16439485549927,-4.286575794219971,64.26048694041961
"This has now been cut from 3% to 6.7% , but according to Chairman Mike Tilbrook , 'continues to show a useful paper profit ' remaining inventory .",2.30769230769,-184.46532011032104,-5.270437717437744,35.30556113400806
My first real friend was probably a boy called Adam .,94.9,-48.585707664489746,-4.416882514953613,29.44235955693304
She was wearing denim overalls and carrying a bucket and brush .,97.0,-63.250197887420654,-4.8653998374938965,29.218466466669824
"Because simulated annealing is a stochastic algorithm , different runs of probeorder will not necessarily produce the same output probe order .",63.4,-132.59944009780884,-4.91109037399292,51.165538830087
Heath ( 3.3 ) sums up one influential and long-established tradition in the study of class differences in education .,95.1111111111,-114.88032341003418,-4.595212936401367,38.19855671445049
"Made with Pertex fabrics and Quallofil 7 filling , the Kompakt Lite weights only 1.2kg and , in its stuff sack , reduces to 7l .",57.3,-217.07175254821777,-5.866804122924805,-3.7926802226640746
He's amongst the qualifiers for the Lancome trophy at Paris .,96.0833333333,-78.75248861312866,-6.0578837394714355,13.73481894144949
"Agnes , now fully dressed , went into the hall .",95.5454545455,-71.41979026794434,-5.951649188995361,3.5432781197402647
"Nine schools in three Midlands LEAs , will be identified for in-depth study , following a questionnaire survey .",80.1818181818,-115.76282691955566,-5.261946678161621,33.34154765498653
"The borrowers , Mr and Mrs Clothier , had a £225,000 advance on their home in Silverdale Avenue , Walton-on-Thames .",89.6666666667,-129.97634887695312,-4.061760902404785,37.242181379830015
"Fat couples in vacation plaids , bouncing about like toddlers in the low g and cooing over the moondirt souvenir jewellery .",54.0909090909,-176.97353601455688,-6.102535724639893,12.370658404860393
"These problems , coupled with the Conservative government's free market philosophy , led to a move back towards more market related official rates in the early 1980s .",92.0,-130.79907417297363,-4.359969139099121,77.15490193311518
Along their flanks are arrays of proprioceptors which in part act like external arteries .,71.2727272727,-101.39720869064331,-5.336695194244385,19.57923611291868
North Harbour coach Brad Meurant said : ‘ Everybody helped their mates .,96.9,-120.00794219970703,-7.5004963874816895,9.535863170037345
She stood outside the lifts in the hospital's main entrance with other visitors .,90.1818181818,-78.85240316390991,-5.256826877593994,25.275961132713547
A similar picture emerges in relation to the distribution of gross earnings among female manual workers .,95.0,-76.07625484466553,-4.47507381439209,55.63031655735455
The second approach can be a very productive strategy in a foreign language too .,96.3636363636,-77.72390127182007,-5.181593418121338,24.55996370604585
"‘ Yes , ’ she said briefly , and for a few moments they studied each other .",93.8333333333,-102.89238929748535,-5.144619464874268,23.99278121466601
"As Montagu ( 1976 ) has stated again and again , the social activity of war need have no relationship with the inner state of aggression .",85.7272727273,-134.30127143859863,-4.796473979949951,54.20052368410214
Yet the trophy sits in Jim's office at Peel Park and will stay there .,89.2222222222,-83.38365173339844,-5.211478233337402,35.408089904233535
"He looked up at Athelstan , his face beaming with pride .",95.2307692308,-57.163474559783936,-3.8108983039855957,27.79749262143342
Only in John's Gospel does he make one curious and profoundly interesting statement .,88.6363636364,-78.70992422103882,-5.247328281402588,29.04115268817715
Hopeful for what he will not miss when it fails,60.6666666667,-64.00669479370117,-5.818790435791016,6.700617764152412
Does he further agree that there is a need to reopen neighbourhood police stations and to put more emphasis on community policing ?,92.2142857143,-88.61871862411499,-3.852987766265869,85.04490571415727
Questionnaires sent by post are not returned and interviews are refused .,94.3636363636,-73.26272058486938,-5.635593891143799,17.17121355584017
"Though his features looked as if they'd been carved from stone , in the depths of his gaze something stirred .",88.0,-93.38640975952148,-4.244836807250977,55.17299889686623
These percentages were not uniform across the country : local specialities dictated what was available .,94.2,-93.31321620941162,-5.489012718200684,29.807125738204462
"The pictorial composition of your shots is one of those areas where rules have grown up which , though seemingly arbitrary , actually work well in practice .",86.2222222222,-136.32626819610596,-4.700905799865723,62.53563982020731
It was a far cry from the golden court of the City of the Horizon . ’,85.1,-84.8118782043457,-4.711771011352539,23.402471526293965
All she had to do was get a good night's sleep .,94.1,-35.880985498428345,-2.760075807571411,39.353989598002585
A durable well constructed store is therefore indicated .,76.9230769231,-69.48192501068115,-7.720213890075684,-0.9680267551898112
"Fill gaps , identify queries and note points for immediate follow up .",87.8461538462,-84.10220527648926,-6.469400405883789,22.139218013603994
"One of Jay's drawled phrases , as she pubbed and clubbed and waded through hung-over mornings of coffee and endless cigarettes , was ‘ I'm a night-owl , honey . ’",80.4615384615,-234.2069969177246,-5.446674346923828,21.244037422750438
"You can format your spreadsheet manually , or design your own speedformat routine .",96.0,-88.27113389968872,-5.884742259979248,29.745451286482762
I then turned the picture round and completed the other two sides .,93.6666666667,-65.55889749526978,-5.042992115020752,18.805962920358766
"The rain which would turn their campground to mud , and fill the cisterns of Famagusta .",76.0,-111.13946056365967,-4.832150459289551,9.469148447992268
Questions can be asked by The Speaker ( see below ) or the player who has just thrown ( or would have just thrown ),77.4,-118.42440366744995,-4.736976146697998,55.444406872758606
However it is almost certain that the offer will be rejected .,96.1,-39.759684562683105,-3.313307046890259,37.03660698202667
"Smiling , Harry put the letter back in its envelope .",97.4,-57.63274383544922,-4.802728652954102,17.171430102157984
Leicestershire is the only county to account for its distributions from the TCCB on a cash as opposed to an accruals basis .,88.1818181818,-126.7496109008789,-4.224987030029297,39.769149836230866
"If you'd prefer a sleek , brass finish , the Brass Dream fire by Valor is a good choice and costs about £399 .",91.3,-141.4843454360962,-5.240160942077637,45.019585439125336
Air show : The famous Red Arrows are to provide a grand finish to the Southport Air Show .,91.5454545455,-106.1353874206543,-5.306769371032715,34.77262585522078
Or if you went into her kitchen and interfered .,52.6363636364,-57.842702865600586,-5.784270286560059,8.787914869982714
Tandem's annual revenues grew by 24 per cent to $1.6 billion .,90.0833333333,-66.15461230278015,-3.8914477825164795,43.060776226431514
I congratulate you on the unambiguity of your situation .,97.2222222222,-53.94259071350098,-4.495215892791748,15.073828423000506
I think about G.P. holding me and caressing me .,94.0909090909,-68.16069889068604,-4.868621349334717,6.976676623880323
"This is not to deny , of course , that crime and violence in contemporary society is an important social reality .",95.1818181818,-81.2229437828064,-3.6919519901275635,57.85665884365912
But anyway ’ — her tone changed again — ‘ I'm grateful to you for your help . ’,95.1818181818,-107.26176834106445,-4.663555145263672,60.25517181461598
"‘ I thought I might go to America and help the anti-draft students around the Army camps , ’ he said .",92.7,-139.7266674041748,-5.374102592468262,18.091173957011193
"‘ Act Two — Beginners please , ’ said a tremulous voice from outside the door .",83.625,-126.85705232620239,-6.040812015533447,15.567559204381581
"Sow seed outdoors In spring , or divide the plants In spring , and allow 60cm ( 2ft ) between plants .",66.75,-147.32719659805298,-5.893087863922119,26.626397973859156
"Greg Hawking is one of the rare people who drift into teaching and found themselves , they themselves are surprised , absolutely cut out the work .",45.0,-159.36961555480957,-5.902578353881836,29.00401725508351
"There will be 5,733 empty houses , of which nearly 2,000 have been empty for over a year .",95.75,-81.96768736839294,-3.563812494277954,50.72888791455247
"They called us early into the stadium , it is hot , very hot .",68.0909090909,-73.04681539535522,-4.869787693023682,24.325583098806888
"Supplement per person per night £ 135 for the first night , £ 105 extra a night ( minimum 2 persons ) .",76.7777777778,-116.90606498718262,-5.08287239074707,72.76614429666017
This shows that the company did not learn anything from this lesson.,91.1,-46.54352307319641,-3.580271005630493,39.89338558793695
"Debenhams left of lambswool jumper , £ 24.99 ; striped cotton shirt , £ 15.99 ; tie, £ 7.99 ; grinding washing line, £ 29.99 ; leisure Gibson shoes, £ 34.99 .",30.9,-226.3250241279602,-4.437745571136475,111.83814510319513
"Plan targets , make your PC a specified file on the hard disk is almost instantaneous keyword search .",20.6666666667,-121.65376329421997,-6.402829647064209,32.92501206120414
"Poison is dangerous, but few people who bathe in the sea urchin know how painful swelling when there can be unexpected trampled .",25.7272727273,-148.9826545715332,-5.137332916259766,39.93779112501983
Agreed in principle to a cessation of hostilities .,68.3333333333,-41.76644802093506,-4.176644802093506,21.14588098602053
Procedures for the 16-week training allowance and travel expenses .,67.25,-72.42078304290771,-5.172913074493408,6.2056979799847625
"Single £ 4.00 nights , continued to live night £ 16.00",20.7,-86.36948347091675,-5.757965564727783,20.02153299207717
"Although the net assets grew 35% to £ 458 million Stanhope , the city unmoved department .",24.9090909091,-144.79231595993042,-6.894872188568115,4.1247757056846694
"In other words, the generalist administrator called economists , statisticians, and other information, but who it is 'top' generalists .",24.0909090909,-145.0165500640869,-5.179162502288818,19.61886778643799
"Martha has leaped to the top of this slot , Shell second and Glaxo third .",83.5,-120.22845268249512,-6.011422634124756,-2.270301356224408
She stood at the door of the elevator with other visitors at the hospital 's main entrance.,92.2,-75.34974789619446,-3.965776205062866,49.11217857394148
Similar picture emerges in the female laborers between the total income distribution.,58.0,-83.6934323310852,-6.4379563331604,18.515894270094833
EC does not care about their national health or education policies.,87.4,-47.55007553100586,-3.9625062942504883,47.388481085120276
"This time there was a competitor facing children invisible window , so that children can see the chocolate each test .",16.0769230769,-133.06547212600708,-6.336451053619385,17.818747549397244
"The second method , you can in a foreign language too is a very effective strategy.",23.5,-86.20426988601685,-5.0708394050598145,22.092688943920805
"The level of HIV infection worldwide is expected to rise to 2000 15-20,000,000 , including at least three-quarters of the developing world .",77.7272727273,-103.7100932598114,-3.345486879348755,72.45910977052827
Laughter in his eyes sparkling as he met her belligerent stare .,65.8181818182,-72.61580085754395,-5.186842918395996,18.585961961044802
"Repeat what they hear , women's rights claims something called the """" Salvador democracy"""" is in danger .",60.1818181818,-126.805419921875,-6.34027099609375,19.668875082483993
But another part of the opposition simple idea that she is someone else's wife cried out .,16.2222222222,-95.63822650909424,-5.313234806060791,25.262917203935274
August 1975 and December 1978 among five COS-B satellite observations 2CG342 - 02 and prepared for the tenth strongest γ -ray source .,34.1111111111,-205.8056402206421,-6.860188007354736,17.44598249460583
To follow Jesus as a disciple means that we also face opposition like him life.,49.0769230769,-94.17134094238281,-5.885708808898926,22.12825799513847
" Politics in this sense , if I put you in this glass of water in an interview with reporters , it would be a political act.",24.9230769231,-112.96246433258057,-4.183794975280762,55.0053973043637
"He turned, cold , stiff, anxious to see a young man with blond hair , short hair, worried eyes and face pock-marked .",65.3,-136.4196367263794,-4.70412540435791,44.09135710614768
You can see the coexistence of private affluence and corporate poverty ?,63.4,-71.5235595703125,-5.10882568359375,21.291501565466604
Villagers fight to stop the sale of the ancient common,79.8461538462,-53.04587650299072,-4.822352409362793,21.324754953763517
"AID trip , giving her pupils in a third world poverty and fear",22.1,-97.95235538482666,-6.996596813201904,-1.3634485782254586
Question can be asked Speaker ( see below ) or just throw the players who ( or just throw ),21.0,-112.24735260009766,-5.612367630004883,34.56704796084745
"McLaren maintain their lawyers, are reticent Ferguson gregarious.",32.9166666667,-91.6423487663269,-6.109489917755127,-4.017739593911841
"I have to peel potatoes MATEY, you have to take the evening surgery, and prepare for your guests .",55.0,-130.10558366775513,-5.656764507293701,11.42201924002893
"Japanese banks operating in London accounted for 28.5% of total loans , from London , in 1991 , 15% of U.S. banks , other banks 40.7%.",58.2727272727,-151.4465847015381,-4.206849575042725,56.706559001738185
"Young people's knowledge of the harmful effects of smoking are quite large, those who take to quit smoking do so purely out of ignorance .",64.4166666667,-114.65377521514893,-4.24643611907959,81.2286592909442
"So, you work in a group photograph of the political pattern and meaning ?",33.25,-88.7696099281311,-5.91797399520874,7.601833646206288
"This is done to improve people's knowledge , beverages and weekly limits, and the link between alcohol consumption and health and fitness strength.",47.5454545455,-123.21628952026367,-4.73908805847168,65.69341514924741
"In the previous decade, the city of London and other major cities recorded a huge population losses ; cities lost or experienced only slow growth .",56.3636363636,-120.98321342468262,-4.480859756469727,74.14915391913038
"It is estimated that 65% of the transaction is the spot , the other forward transactions .",46.6153846154,-90.90571117401123,-5.050317287445068,20.228104074091107
"Integrated tourism projects , including purchases of barley , into the laboratory , soaking, germination and malt kiln schedule .",25.0,-164.09619140625,-6.83734130859375,8.882026675748847
"The largest ship registration authorities , Lloyd , ship fire, killing 159 people died two years ago in the United States being sued.",36.25,-160.36618947982788,-6.414647579193115,32.83863668400832
They strung between two palm trees and a net cut short a vibrant one four side volleyball.,19.5,-118.72984170913696,-6.248939037322998,24.315264365519766
"Within a few days I plan to write , noting that a reasonable ( British Standard ) day dawned .",72.6363636364,-112.50403690338135,-5.357335090637207,31.405467346077614
Ban Dayaqibo Dr. fly whisk him at the relevant time .,23.8,-119.86680221557617,-8.561914443969727,-24.101294820575532
"In Stokesley , indeed, neither has a trade , nor the manufacturer , there is no noise or trade dress , and well adapted to retirement is a place . ",25.3333333333,-193.10188484191895,-5.67946720123291,12.268797349951228
"The first one is face sore , began as a red tag.",34.4545454545,-85.73008155822754,-6.594621658325195,-2.6227626047241728
"We really struggling at this point in time , thinking, """" What are we doing , what we are ? ",42.1,-96.28936004638672,-4.376789093017578,42.45831419968121
He needed it as a duck water required .,18.1,-62.817420959472656,-6.979713439941406,-4.170746303610642
"As one of the prince's choice of women , has its drawbacks.",32.0,-73.1559534072876,-5.2254252433776855,8.487871599191223
"To 1925 , Whitaker has become an expert in his field , that Chapman was immediately impressed by his knowledge of football injuries.",56.0,-127.66684293746948,-5.106673717498779,48.49871385453582
Real friends My first was a boy called Adam probably .,25.0,-70.98440647125244,-6.453127861022949,7.043660750170332
She was carrying a brush and bucket wearing denim overalls .,81.5454545455,-70.2740249633789,-5.856168746948242,18.45883649964354
"However , there is a tendency to gloss them when drawing the psychology of mainstream it .",21.4,-92.47142457962036,-5.43949556350708,22.540997289489056
"For Simulated Annealing is a probabilistic algorithm , the execution of different probeorder, will not produce the same output probe order necessarily .",49.1818181818,-162.48080968856812,-5.602786540985107,21.693017031732325
"And , his price - I can his price to enormous use .",14.8888888889,-85.39563322067261,-6.568894863128662,-3.860648935232362
"In recent years , the ceiling of Michelangelo's Sistine Chapel in Rome has grown that it has been changed by the Vatican conservation team irreparably concern .",35.4,-151.94808959960938,-4.748377799987793,59.34319744750886
"In exceptional circumstances , the head of your department , does not apply to withdraw clause if there is a reasonable explanation for the failure to notify .",62.4166666667,-123.22189903259277,-4.400782108306885,65.33028298006474
"I often pick up artists from their accommodation , I take them to the place Middlesbrough they are being interviewed by Radio Cleveland .",49.8181818182,-132.40129852294922,-5.092357635498047,43.76281778865231
"Is not taut as if to that of the youth , his muscles are bulging with effort .",22.0833333333,-102.55170822143555,-5.127585411071777,10.35794929803528
"A review copy is solid black , but the basic model , has a oil finish .",77.0,-110.11403799057007,-6.477296352386475,5.077485570192678
"This exercise is essential , can not take place except for the liquid medium .",32.4615384615,-83.8781476020813,-5.59187650680542,17.10845803690357
"' He is going to buy a new typewriter to her , the old ones that practice , sounds like a trumpet of Candyman is she .",19.2727272727,-160.69376754760742,-5.541164398193359,14.765791644916789
We have made that will continue to use or Lowfields phone ' new east stand ' as before it ?,11.9,-162.20179653167725,-7.723895072937012,-17.831130600635163
"Wearing clothes completely , Agnes entered the hall now .",42.75,-75.92093467712402,-6.326744556427002,0.3741637292757787
In survey after Nine school is identified for in-depth study of an LEA 3 Midland .,19.3,-144.91605758666992,-7.245802879333496,-15.426828961995938
"Results - Romance of British wool - in October , is performed in one store the most prestigious of the world's largest and ( 8-18 ) .",26.7272727273,-180.36449432373047,-6.012149810791016,19.837744956467503
We are committed to equal treatment for men and women in pension firmly .,54.8333333333,-71.98935127258301,-5.142096519470215,27.406868773114752
"However , I think I 've had a good time she .",23.1818181818,-62.1098575592041,-4.777681350708008,12.749935107901138
We can plan it and I will come back again next weekend . ',92.3636363636,-67.80408191680908,-4.843148708343506,27.54848217148198
"These aspects of political choice , but is still less important now than in the past .",44.7272727273,-77.83717155456543,-4.578657150268555,29.05436819298737
"These involve the creation and distance learning and open copy , more by electrocopying ' customize , ' a pack of material for students .",26.2142857143,-184.0908489227295,-6.574673175811768,-2.363659657805755
The course offers training in all-round basic communication theory tailored to the context of Africa in particular .,94.3333333333,-106.58242225646973,-5.329121112823486,28.07762446694295
"The German I , and stand back you switch on , as brilliant robot impressed , it worked like a dream to do all the hard work .",10.0,-165.86063194274902,-5.923593997955322,15.175177408856854
It had taken less than half a minute of all escape Woil and over.,29.4166666667,-92.2559814453125,-5.765998840332031,13.136412416926817
"The pumped up with ' , as long as there is no more resources , is going for this to happen , """" she said .",10.0,-138.9039888381958,-5.342461109161377,21.715946273666418
It was a way of thinking and behavior .,77.3,-39.747037410736084,-4.416337490081787,9.45499158984395
"It's Saturday night , and they may not come .",96.7,-55.76015663146973,-5.06910514831543,6.845953760006147
"Further information SS Langer , RSC, Burlington House , Piccadilly , London from W1V 0BN.",35.3,-137.27847337722778,-5.491138935089111,4.741604605908577
"Is short Jarisch - Herxheimer reaction to the normal ' Herxheimer ' reaction , I follow the initial dose of the treatment of syphilis in the proportion of cases .",29.6,-207.23121070861816,-5.756422519683838,13.880962243109309
"This man , was buried here in the fourth century .",72.3,-57.39344644546509,-5.217586040496826,9.943866852693759
"Like many of the assumptions of popular subject matter , this is wrong .",88.9090909091,-69.24266624450684,-4.945904731750488,17.6818363865261
"All in the hotel everyone is ordered calm in the first world : chocolate swimming pool state-of-the-art , satellite TV , pillow at night .",9.27272727273,-164.3297176361084,-5.300958633422852,23.403338727850866
"The tapestry of the first of Morris , is located here , design and fabric of his are everywhere .",51.2727272727,-120.25115203857422,-5.465961456298828,4.860209147595754
"In the back of something , but they looked to his features as if you want carved from stone stirring gaze .",19.5,-140.08722019195557,-6.367600917816162,3.7779639166085133
"About 20 years , women , art , the association is a synthesis of the work is progressing for the visual arts and women .",25.6,-130.0198197364807,-5.2007927894592285,27.55583855216986
"The way to achieve this """" new Pentecost """" already , he knew that it was the Council within a few days of his election .",35.5454545455,-141.93072509765625,-5.0689544677734375,36.35530858258983
"' Look at you , I ' travesties I do not see the Grainne , and said softly .",11.2727272727,-127.03859901428223,-5.774481773376465,-1.893659156276854
"Here , there are various applications of 10 for the book ;",45.1,-65.45133018493652,-5.454277515411377,11.073777166278006
"Depending on the expectations , it was associated with increased volatile weekend .",54.5,-82.21516609191895,-6.324243545532227,10.89441657281131
' I cried when the voice of anyone who was called was asked and I thought it was some weirdo : ' It's me ! ',36.875,-113.86040306091309,-4.066442966461182,62.41101234596107
"' I should not be , ' attendant said , but I smiled widely then .",36.0,-96.58084106445312,-6.03630256652832,6.8329782809261275
"Well ' , it is , it is not a bad idea what?",30.625,-71.97725486755371,-5.141232490539551,9.762644751104247
' We have a lock-on tail to Tweed already .,51.7272727273,-76.85883522033691,-5.91221809387207,-0.37212551472428856
"By another scientist team , genetic spray Dr. Julia Dorin , which had been described as a development very exciting .",31.0909090909,-146.18140745162964,-6.355713367462158,17.893116708810993
"' Ash , dust dust earth , ashes to the earth ... '",19.0833333333,-87.09275102615356,-6.699442386627197,16.10327390094062
"If so , they can share their knowledge with us?",74.75,-49.30478382110596,-4.482253074645996,22.26296885246994
"However , there is something similar to the sun .",95.8,-46.22243404388428,-4.622243404388428,11.189901319022873
"Do you can give a name to his disciples '? The ' , I asked one journalist .",17.6153846154,-107.1335244178772,-5.638606548309326,15.210149643059907
"Before it was due to what they have left , mother of Catherine had come a day home .",20.9,-107.80203676223755,-5.673791408538818,10.215373938989302
"You wonder why - but , I mibbe to be thanks to the MA",23.0,-105.53697967529297,-6.5960612297058105,-8.40694233681927
"Beautiful flowers and dark stripes , fast , strong interior of golden yellow and fragrant , honey , purple tinged with the plain gray on the outside , .",40.5454545455,-173.0697021484375,-5.408428192138672,39.34045591860681
"I'm worried about the impact on the 600,000 people considered their findings , and are affected by the release of radiation .",49.7272727273,-118.81848573684692,-4.752739429473877,30.377091139597752
This was the need to qualify later call to the bar .,24.2307692308,-75.9756031036377,-6.331300258636475,-2.2285396379125046
"They are , in a game about Kappa energetic 4-A- side and volleyball net strung between palm trees two .",18.2,-171.00485229492188,-7.125202178955078,-6.263056823441019
Both were former members leftist extremist Red Army (RAF).,66.5555555556,-70.38008308410645,-5.865006923675537,19.690185319130833
I do not think Chris and band and know each other well at a time .,24.1111111111,-78.03361511230469,-4.877100944519043,23.93875891650289
"Being conscious that was thirsty at least , Shelley , drank these , and was a long afternoon it both .",12.1538461538,-150.30611371994019,-7.157433986663818,-15.27898196534818
"However, there are people you know , brilliant punch , is to ride again at some point in the future still .",26.6363636364,-122.50570392608643,-5.3263349533081055,24.440039947905206
That it is one of the women elected prince has its drawbacks .,27.5,-81.8197455406189,-6.293826580047607,5.336616689822236
The figure shows how the A- measure per unit area varies with reading the radiometer .,68.3333333333,-102.67979335784912,-5.704432964324951,23.229463318793762
"Here we have an uninterrupted view of the prospect , and what a glorious prospect is , stretching far away for miles on each side.",48.1538461538,-110.74582290649414,-4.259454727172852,67.17932036847861
"It is an act of courage to start over in a garden , and proof of insurance for own design capabilities .",34.8,-116.05772304534912,-5.275351047515869,28.016566132967682
"The law of July 29, 1881 stated, """" the publication and a free press .",65.6666666667,-89.74143505096436,-4.985635280609131,29.880654469364032
The rates specified in the program files on the hard disk of the PC to allow almost instantaneous search keywords.,57.4545454545,-107.50832176208496,-5.119443893432617,46.29053994070304
For the truth is that no single agent affects our planet as much as we do.,87.4,-61.94184422492981,-3.6436378955841064,55.354622061497665
"The conveyors are designed to withstand accidents , and until recently the Govenrment ruled out any possibility of a radioactive leak .",91.0,-128.18670272827148,-4.930257797241211,43.162317122916704
"C and Ku bands , 4 GHz to 6 GHz and 11 GHz to 14 GHz , respectively, are widely used .",91.1818181818,-99.74962663650513,-4.336940288543701,88.78862197528426
How about learning to change things for the better and not just learn to adapt to the way things are now ?,94.25,-74.7409987449646,-3.397318124771118,67.61819994407062
"When women were given the artificial moon for three consecutive nights once a month , their cycles became synchronized with the lunar rhythm .",79.2,-107.89498901367188,-4.495624542236328,78.60038978216946
"In other words, the general manager calls for economists , statisticians , etc. information , but it is the generalist who is 'visible' .",75.8888888889,-132.1768569946289,-4.405895233154297,40.52435526962998
"The basic course provides training particularly in communication theory , especially geared to the African context .",87.2727272727,-101.60910940170288,-5.977006435394287,25.231286459121222
"North Harbour coach Brad Meurant said : """"Everyone helped his teammates.",81.4,-95.83225965499878,-6.388817310333252,20.8590997754214
Risk of changes in the expected rate of long-term growth of the economy.,72.5833333333,-59.35559558868408,-3.4915056228637695,30.6165853011821
Lawyers and suitably qualified Fellows of the Institute of Legal Executives .,64.0909090909,-86.22404909133911,-5.07200288772583,8.892400499184816
"As Montagu ( 1976 ) has pointed out time and again , the social activity of war need not have any relation to the internal state of aggression.",90.1818181818,-122.61526107788086,-4.087175369262695,73.75803827949335
"Repeating what you hear , women in the just claim that something called """" Salvadoran democracy """" is in danger.",44.4166666667,-136.58983039855957,-5.938688278198242,25.502335509597373
"The Jarisch -Herxheimer reaction usually shortened to the """" Herxheimer """" , following the initial dose of the treatment of syphilis in a proportion of cases .",56.4166666667,-197.18632316589355,-5.79959774017334,12.751115280958174
"He looked at Athelstan , his face beaming with pride .",95.1818181818,-57.47411251068115,-4.1052937507629395,21.095047230747227
"Among the best hotels of all first world ordered calmly pools state - of-the -art, satellite TV and chocolates on your pillow at night.",28.2,-195.04955530166626,-6.291921138763428,20.41136430780307
Both political and economic accounting of the costs and benefits of soil conservation programs to others outside the affected areas is potentially relevant .,84.0833333333,-117.24334716796875,-4.885139465332031,62.309745496514864
"The operation eventually involve over 35,000 soldiers from at least nine countries .",61.7,-71.26941204071045,-4.751294136047363,33.48902263156546
"It was originally recorded as a cot death and there was no investigation , but now there will be an investigation.",81.1818181818,-92.67957496643066,-4.029546737670898,53.107213417952494
"I thought it was some weird guy and when I asked who was calling the voice shouted,""""It's me ! '",82.375,-122.0877799987793,-5.086990833282471,18.969380149232165
"He reached an agreement with two actors , gave the camera crews a little private money and turned to his aides film .",76.5,-135.29792070388794,-5.882518291473389,31.21150799194416
ALMOST CELIA welcomed the idea of going to work.,57.8888888889,-70.30810451507568,-5.022007465362549,3.9607389999526106
"If so , could you share the knowledge with us ?",98.7777777778,-46.524078369140625,-4.229461669921875,20.88688433367554
Questions can be asked by the President ( see below) or player who just released ( or have just thrown),51.6,-113.58706188201904,-5.163048267364502,39.230810295455655
"If you prefer an elegant finish brass , bronze fire Dream is a good option value and costs around £ 399.",69.125,-144.63305377960205,-6.574229717254639,36.24699834953725
"Add the orange zest and juice , eggs, sugar , cornstarch and ginger.",86.6363636364,-73.24821853637695,-4.069345474243164,39.62717381716138
"The man ran in front of Cranston , jumping up and down .",97.5555555556,-63.37655067443848,-4.5268964767456055,17.46394302736269
R4 DON HOWE SAYS THIS TOMORROW IS ANOTHER CANDIDATE CAN TAKE U.S. in the new year .,7.8,-127.48920583724976,-4.112555027008057,6.394128270524902
"It may be the detailed description and prices of the goods , details of a complaint , the ideas for a new product , or whatever .",82.4166666667,-121.98324823379517,-4.517898082733154,42.1170989964383
Who was Elsie and what had happened to her?,94.7,-33.68082547187805,-3.0618932247161865,31.533390237950186
"A slightly thicker book , The Bernese Alps important details of the region bordered by the previous book .",26.8,-123.11933326721191,-5.862825393676758,20.470931572958136
"And then do not say where you have been , if they are wise .",60.5,-69.57967042922974,-4.638644695281982,20.189299579517296
In the seventeenth century the new Dutch Republic was the only major power to make extensive use of this method of representation.,99.2,-82.95137786865234,-3.4563074111938477,71.47837781571351
So you are working on a political model of peer Photo and meaning ?,58.7,-92.00096416473389,-6.571497440338135,10.3812161270979
"' If you want to use the bathroom facilities , please .",63.9090909091,-56.94350051879883,-4.745291709899902,22.225325655717924
"When the Indians went hunting for both the animals and rival Indians , their firepower was mortal .",60.3636363636,-98.21288108825684,-5.456271171569824,35.52197719942413
It has been estimated that 65 percent of the deals are in cash and the rest are forward deals .,80.3846153846,-75.97791194915771,-3.7988955974578857,61.03130945684515
"But anyway """" - his tone changed again - """" I am grateful for your help. '",94.25,-88.93509864807129,-4.940838813781738,61.8090484355734
"When the bishops moved into the house 10 years ago, he had been on the market for 18 months and had become very run down.",68.2142857143,-91.81659150123596,-3.4006145000457764,90.299815236994
" I thought I could go to the U.S. and help the anti - student projects around Army camps ,"""" he said .",86.7,-131.65872192382812,-5.0637969970703125,28.85032608990545
In the next year he had custody of Rochester Castle .,69.4,-60.826404094696045,-5.529673099517822,17.520222431086168
"Although the music was animated , moving only his arms .",27.3636363636,-69.10353755950928,-6.282139778137207,4.628459056154497
See how the word wrap back to the previous line .,52.3333333333,-58.77884769439697,-5.343531608581543,14.169405295730513
"There was a significant improvement in the presence of miners in Mansfield clinic , but since this was much closer to their homes .",47.1666666667,-116.75399541854858,-4.670159816741943,48.32243307346957
"' Goodness me , who on earth could it be? '",86.6666666667,-65.62381219863892,-5.047985553741455,17.03308887063325
This required movement can not take place except in a liquid medium.,91.5,-59.016732692718506,-4.539748668670654,32.088572856168454
A friend to everyone she met ... much loved and much missed.,81.7777777778,-67.03547143936157,-5.156574726104736,28.99441182687997
"' But it was lost - the walls were built over it, the paper had dissolved. '",83.6363636364,-85.48474311828613,-4.499197006225586,43.00772240343818
Modernization and industrialization of the nineteenth century Britain changed population map.,48.5,-70.93140983581543,-5.066529273986816,24.73565644542893
The fireplace in question was put into a big thick wall that partially divided main compartment.,74.5,-99.03599691390991,-5.825646877288818,26.3151817996888
"Julie 's husband Tim stood weeping beside the grave of St Botolph 's Church in Brampton, Northants .",77.3636363636,-129.08679246902466,-5.163471698760986,46.17642768943534
For the truth is that no single agent affects our planet as much as we do.,90.9090909091,-61.94184422492981,-3.6436378955841064,55.354622061497665
"They will report to a board of directors chaired by Sir Robert Telford , director of Marconi, a subsidiary of the ubiquitous GEC group.",90.1,-114.20984649658203,-3.9382705688476562,83.60532403340667
A training allowance and travel expenses for the 16 weeks of the program .,77.9090909091,-68.45344924926758,-4.889532089233398,25.290878182430802
I will come back again next weekend and we can schedule it . ',97.0909090909,-63.505245208740234,-4.536088943481445,33.607329650464294
This is more representative of the nature of R & D projects than are single date often given as a result of a PERT plan.,48.3076923077,-130.8521375656128,-4.846375465393066,53.135861850683966
"In other words generalist administrator urge the economists, statisticians , etc. for information, but it is the generalist who is """"on top"""".",59.9285714286,-161.5572590827942,-5.211524486541748,25.24055762196656
"Any previous wheel- pit at this site , however, could have been either demolished and rebuilt or enlarged to take the new wheel.",76.4545454545,-127.7245512008667,-4.912482738494873,62.66182524288985
Along the flanks are arrays of proprioceptors which partially acts as external arteries.,62.9,-89.23776340484619,-4.957653522491455,27.2030312587746
She stood outside the elevators in the hospital's main entrance with other visitors.,91.2727272727,-68.39044952392578,-4.274403095245361,35.563672862080125
A similar picture emerges in relation to the distribution of gross earnings among female manual workers .,92.1818181818,-76.07625484466553,-4.47507381439209,55.63031655735455
Her Royal Highness traveled in an aircraft of the Queen's plane and was accompanied by Mrs Harry Cotterell .,88.6153846154,-100.88970565795898,-4.203737735748291,54.43885127237775
There is no other catalog quite like OXFAM Christmas catalog.,89.3636363636,-73.74391078948975,-5.267422199249268,15.748398675412872
"Somewhere in the silence between them a phone began urgency , persistent ring .",28.0,-103.90814971923828,-6.494259357452393,-2.013198804104505
"Repeat what they hear , women on the right claim that something called """" Salvadorean democracy """" is in danger.",64.6363636364,-124.9521803855896,-5.432703495025635,37.960553734039365
"Ideally, this would not be necessary if those submitting them has a vision for and support the work financially.",55.6,-102.84612274169922,-4.674823760986328,35.24315799653942
' It may have something to do with Angy murder.,57.2,-54.82759666442871,-4.568966388702393,21.525506773324437
"From then on , the path to the double helix clear.",37.3333333333,-67.33699131011963,-5.1797685623168945,10.727690783210164
Questionnaire sent by mail will not be returned and refused interviews .,47.5454545455,-77.39107751846313,-5.953159809112549,12.115679181887842
UI will no longer be just a claim body or a marketing arm for USL .,93.9090909091,-93.165283203125,-5.8228302001953125,28.13365349109769
We may never know the exact number of deaths.,94.9,-29.574551582336426,-2.9574551582336426,36.830641689796806
"Some slogans and ideas from the """" Democracy Wall Movement"""" of 1978-1979 was another brief consultation during these days.",45.4,-132.28075218200684,-5.751337051391602,33.718947276552484
The old Highways Yard in Rigby Road with its railway connection seemed to offer an ideal site .,91.1111111111,-113.8166618347168,-5.69083309173584,30.44261061287412
"She noticed his fingers trembled , and her anger faded , replaced instead by a wildly optimistic and hopeful.",61.9090909091,-112.16926288604736,-5.34139347076416,34.145204228609884
"If so, they share their knowledge with us ?",56.5454545455,-45.78190803527832,-4.578190803527832,22.52822203538274
"McLaren keeps his own counsel , is as reluctant as Ferguson is gregarious .",65.6153846154,-90.69899654388428,-5.038833141326904,19.52714048822105
"A path led up from where they stood , its flag stone worn and broken, progress hidden here and there with moss and weeds .",74.9166666667,-143.02069187164307,-5.500795841217041,46.03692348335673
"Japanese banks operating in London accounted for 28.5 % of total loans from London in 1991 , U.S. banks 15% and other banks 40.7 % .",85.8888888889,-125.55187797546387,-3.692702293395996,103.98975748473194
"If the French should take them and see them directed against such noted men , they can take care of sending them to them.",44.0,-125.16462802886963,-5.006585121154785,42.95817395196582
"Mr Tadgell , 32, rented an apartment in Australia with Joanna as she has gone from a cleaner to a waitress at the casino.",85.0,-131.47924947738647,-4.533767223358154,64.77227236664629
It's not like the old days when people lived in villages and knew that great- grandad was a horse thief or whatever.,92.0833333333,-107.13284111022949,-4.1204938888549805,62.51727252431573
After I had my tea I would go to bed .,88.7,-46.05705547332764,-4.187005043029785,23.480897312223533
"Robin Child refuses absolutely to grade , and when O - levels paved the way for GCSE with all its internal courses and labeling, he rejected it .",69.375,-188.11461925506592,-6.270487308502197,33.97312726485981
"Synergie Ultra - Gentle Eye Make -up Remover with extracts of rose , a light oil-free moisturizer with soothing properties , £ 2.99 / 200ml .",53.4545454545,-188.7798614501953,-5.243885040283203,62.863738384618415
"I thought I could go to America and help anti - draft students around the army camps , he said.",82.7272727273,-109.71722745895386,-5.224629878997803,41.28145621999289
I do not think Chris and the band know each other well enough at the time.,81.0,-56.77616024017334,-3.3397741317749023,54.86915202597656
"' Donna , I said that we should call the police .",85.9090909091,-60.27187728881836,-5.022656440734863,16.68261994682136
